,Регион,Год,Объем_сточных_вод_млн_м3,Инвестиции_в_ООС_тыс_руб,ВРП_млн_руб
0,Белгородская область,2000,45.0,116202.6,42074.5
1,Брянская область,2000,100.0,54949.8,24650.5
2,Владимирская область,2000,182.0,24719.4,33017.7
3,Воронежская область,2000,190.0,127056.8,49523.9
4,Ивановская область,2000,168.0,62264.0,16900.0
5,Калужская область,2000,109.0,48866.2,23903.3
6,Костромская область,2000,64.0,67455.0,16662.2
7,Курская область,2000,39.0,50606.0,30167.7
8,Липецкая область,2000,149.0,225454.0,48067.7
9,Московская область,2000,638.0,162972.0,176693.6
10,Орловская область,2000,85.0,41979.6,22160.8
11,Рязанская область,2000,26.0,35480.0,27956.5
12,Смоленская область,2000,109.0,22602.1,28140.6
13,Тамбовская область,2000,67.0,54458.0,23387.3
14,Тверская область,2000,102.0,77954.0,35341.1
15,Тульская область,2000,249.0,85645.0,42061.3
16,Ярославская область,2000,306.0,1164418.0,41756.2
17,г. Москва,2000,2115.0,4546927.6,1159034.0
18,Республика Карелия,2000,205.0,370468.4,28214.6
19,Республика Коми,2000,146.0,2069114.0,59473.1
20,Ненецкий автономный округ,2000,1.12,56640.0,11924.0
21,Архангельская область,2000,540.0,1733357.7999999998,49882.9
22,Вологодская область,2000,241.0,327700.4,69195.5
23,Калининградская область,2000,152.0,25998.0,23290.3
24,Ленинградская область,2000,424.0,587950.8,56001.9
25,Мурманская область,2000,429.0,325606.0,55135.0
26,Новгородская область,2000,97.0,32583.2,20965.5
27,Псковская область,2000,73.0,79851.2,16178.9
28,г. Санкт-Петербург,2000,1271.0,490435.39999999997,188243.0
29,Республика Адыгея (Адыгея),2000,50.0,2400.4,5519.6
30,Республика Калмыкия,2000,28.0,51089.8,6212.6
31,Краснодарский край,2000,1076.0,265715.0,137125.3
32,Астраханская область,2000,84.0,44651.00000000001,28115.7
33,Волгоградская область,2000,217.0,4317259.0,63767.1
34,Ростовская область,2000,298.0,1065576.4,88955.0
35,Республика Дагестан,2000,280.0,2793.4,20921.1
36,Республика Ингушетия,2000,1.42,0.0,2618.5
37,Кабардино-Балкарская Республика,2000,49.0,24530.0,14081.3
38,Карачаево-Черкесская Республика,2000,61.0,194.0,5461.5
39,Республика Северная Осетия — Алания,2000,24.0,41645.4,8363.2
41,Ставропольский край,2000,221.0,146687.2,53732.4
42,Республика Башкортостан,2000,457.0,2007086.4,145125.0
43,Республика Марий Эл,2000,70.0,24243.2,11207.6
44,Республика Мордовия,2000,60.0,59034.0,17553.4
45,Республика Татарстан (Татарстан),2000,572.0,633815.2,186154.4
46,Удмуртская Республика,2000,27.0,197590.2,53307.4
47,Чувашская Республика — Чувашия,2000,132.0,73710.8,22995.1
48,Пермский край,2000,401.0,1390548.0,124142.2
49,Кировская область,2000,179.0,92254.6,35795.4
50,Нижегородская область,2000,580.0,661879.3,105055.9
51,Оренбургская область,2000,153.0,494771.6,76343.3
52,Пензенская область,2000,144.0,15956.0,25218.7
53,Самарская область,2000,645.0,695292.1,140407.4
54,Саратовская область,2000,289.0,227610.0,63068.2
55,Ульяновская область,2000,149.0,123614.4,30415.0
56,Курганская область,2000,62.0,95468.2,18705.2
57,Свердловская область,2000,826.0,2146950.6,156077.0
58,Ханты-Мансийский автономный округ — Югра,2000,33.0,5429611.8,403822.2
59,Ямало-Ненецкий автономный округ,2000,28.0,1089544.5,117100.8
60,Тюменская область,2000,83.0,6680668.699999999,49867.19999999994
61,Челябинская область,2000,741.0,1437371.1,120561.0
62,Республика Алтай,2000,0.55,16.6,2737.5
63,Республика Тыва,2000,13.0,4200.0,3594.1
64,Республика Хакасия,2000,56.0,83557.8,17418.1
65,Алтайский край,2000,31.0,176660.0,46736.8
66,Красноярский край,2000,617.0,2249125.0,214662.7
67,Иркутская область,2000,893.0,533602.0,103013.8
68,Кемеровская область — Кузбасс,2000,787.0,676350.5,88728.1
69,Новосибирская область,2000,78.0,153996.90000000002,72012.7
70,Омская область,2000,221.0,486881.80000000005,46028.4
71,Томская область,2000,18.0,662782.0,40539.5
72,Республика Бурятия,2000,120.0,128455.9,21574.5
73,Республика Саха (Якутия),2000,85.0,460543.8,81960.4
74,Забайкальский край,2000,80.0,54242.6,30024.6
75,Камчатский край,2000,34.0,4784.0,18140.7
76,Приморский край,2000,459.0,96196.9,62088.5
77,Хабаровский край,2000,231.0,456426.0,64794.8
78,Амурская область,2000,94.0,82424.0,26315.2
79,Магаданская область,2000,47.0,182.0,13009.5
80,Сахалинская область,2000,69.0,89500.0,34777.0
81,Еврейская автономная область,2000,11.0,6678.0,3784.0
82,Чукотский автономный округ,2000,5.0,0.0,3931.4
83,Белгородская область,2001,13.0,165112.4,49941.8
84,Брянская область,2001,99.0,47274.0,30110.3
85,Владимирская область,2001,182.0,18750.8,42075.4
86,Воронежская область,2001,174.0,36789.0,60014.6
87,Ивановская область,2001,169.0,46658.0,22175.9
88,Калужская область,2001,113.0,88216.4,31860.0
89,Костромская область,2001,63.0,64087.0,22221.5
90,Курская область,2001,38.0,40780.0,36399.8
91,Липецкая область,2001,146.0,421930.0,50574.1
92,Московская область,2001,618.0,1067967.8,235159.6
93,Орловская область,2001,86.0,34448.6,27624.8
94,Рязанская область,2001,24.0,33926.0,37054.3
95,Смоленская область,2001,99.0,34950.6,36016.3
96,Тамбовская область,2001,61.0,79610.0,31086.6
97,Тверская область,2001,95.0,127406.0,46986.4
98,Тульская область,2001,257.0,34292.2,52891.2
99,Ярославская область,2001,312.0,947313.0,61149.6
100,г. Москва,2001,2145.0,6132488.0,1370182.8
101,Республика Карелия,2001,201.0,207686.6,33721.2
102,Республика Коми,2001,146.0,1262641.0,78276.5
103,Ненецкий автономный округ,2001,1.01,167506.0,11883.5
104,Архангельская область,2001,537.0,1874413.0,55391.2
105,Вологодская область,2001,240.0,229477.0,65425.3
106,Калининградская область,2001,150.0,19862.0,32327.2
107,Ленинградская область,2001,410.0,1081763.4,75858.6
108,Мурманская область,2001,370.0,1397838.2,57569.3
109,Новгородская область,2001,95.0,34108.0,27501.0
110,Псковская область,2001,73.0,23358.0,19416.9
111,г. Санкт-Петербург,2001,1245.0,967744.4,251654.4
112,Республика Адыгея (Адыгея),2001,35.0,1120.0,6641.8
113,Республика Калмыкия,2001,35.0,69246.0,6732.0
114,Краснодарский край,2001,1039.0,735365.0,179177.5
115,Астраханская область,2001,83.0,793168.0,32274.3
116,Волгоградская область,2001,212.0,2209997.0,82919.7
117,Ростовская область,2001,287.0,835347.0,118762.5
118,Республика Дагестан,2001,220.0,78107.8,31544.0
119,Республика Ингушетия,2001,0.94,0.0,3604.3
120,Кабардино-Балкарская Республика,2001,50.0,147196.0,19443.3
121,Карачаево-Черкесская Республика,2001,62.0,2096.2,7324.8
122,Республика Северная Осетия — Алания,2001,18.0,34581.0,12665.3
124,Ставропольский край,2001,228.0,156002.0,67860.4
125,Республика Башкортостан,2001,447.0,3686735.5999999996,166974.8
126,Республика Марий Эл,2001,60.0,22076.4,15087.8
127,Республика Мордовия,2001,58.0,142908.0,22089.5
128,Республика Татарстан (Татарстан),2001,547.0,943255.7999999999,213740.0
129,Удмуртская Республика,2001,27.0,292412.6,65551.4
130,Чувашская Республика — Чувашия,2001,130.0,153887.8,30778.5
131,Пермский край,2001,390.0,1887422.0,166803.4
132,Кировская область,2001,176.0,82401.9,41699.0
133,Нижегородская область,2001,545.0,447721.7,149322.6
134,Оренбургская область,2001,154.0,491633.0,85168.3
135,Пензенская область,2001,149.0,34532.2,33262.6
136,Самарская область,2001,536.0,588954.0,180049.3
137,Саратовская область,2001,294.0,238662.0,83665.7
138,Ульяновская область,2001,130.0,129516.0,38563.6
139,Курганская область,2001,18.0,66593.6,25379.6
140,Свердловская область,2001,818.0,1726847.7999999998,199859.1
141,Ханты-Мансийский автономный округ — Югра,2001,33.0,8213822.0,497981.4
142,Ямало-Ненецкий автономный округ,2001,33.0,967014.0,184315.9
143,Тюменская область,2001,79.0,9511073.0,70821.89999999994
144,Челябинская область,2001,774.0,1675354.0,142461.9
145,Республика Алтай,2001,0.55,0.0,4499.4
146,Республика Тыва,2001,9.0,28800.0,5197.2
147,Республика Хакасия,2001,55.0,80156.0,20041.0
148,Алтайский край,2001,34.0,111590.0,61854.4
149,Красноярский край,2001,620.0,2341158.0,239420.0
150,Иркутская область,2001,890.0,867844.0,120240.0
151,Кемеровская область — Кузбасс,2001,778.0,645651.0,113800.2
152,Новосибирская область,2001,74.0,154435.2,95298.9
153,Омская область,2001,229.0,1604440.7,61535.7
154,Томская область,2001,19.0,1055113.4000000001,57041.1
155,Республика Бурятия,2001,121.0,118918.0,30075.1
156,Республика Саха (Якутия),2001,87.0,289853.8,100922.4
157,Забайкальский край,2001,94.0,192308.0,35139.2
158,Камчатский край,2001,36.0,64354.0,23031.7
159,Приморский край,2001,436.0,182287.6,72826.1
160,Хабаровский край,2001,236.0,531800.0,79891.5
161,Амурская область,2001,103.0,105250.0,39052.8
162,Магаданская область,2001,49.0,10618.0,17151.6
163,Сахалинская область,2001,57.0,147101.0,47140.1
164,Еврейская автономная область,2001,12.0,51380.6,4788.9
165,Чукотский автономный округ,2001,5.0,0.0,6944.6
166,Белгородская область,2002,6.0,125034.0,62404.4
167,Брянская область,2002,96.0,8670.0,37374.1
168,Владимирская область,2002,185.0,42187.4,50359.9
169,Воронежская область,2002,174.0,27224.4,83001.1
170,Ивановская область,2002,160.0,25881.8,26981.3
171,Калужская область,2002,112.0,70539.0,37283.1
172,Костромская область,2002,57.0,118512.0,25952.9
173,Курская область,2002,38.0,70795.4,45309.4
174,Липецкая область,2002,137.0,604955.0,70590.5
175,Московская область,2002,630.0,1056491.4,312950.0
176,Орловская область,2002,80.0,23373.4,35657.4
177,Рязанская область,2002,19.0,92793.0,45797.5
178,Смоленская область,2002,93.0,56808.0,42166.1
179,Тамбовская область,2002,59.0,126824.0,38897.8
180,Тверская область,2002,88.0,338302.0,55732.6
181,Тульская область,2002,263.0,67348.2,65416.3
182,Ярославская область,2002,316.0,582445.0,75313.4
183,г. Москва,2002,2661.0,5864306.0,1767476.7
184,Республика Карелия,2002,198.0,203730.4,41362.4
185,Республика Коми,2002,145.0,410099.0,86019.4
186,Ненецкий автономный округ,2002,1.11,305787.0,16480.8
187,Архангельская область,2002,513.0,1626869.0,66678.0
188,Вологодская область,2002,231.0,764392.5,80731.9
189,Калининградская область,2002,151.0,210502.0,40120.3
190,Ленинградская область,2002,398.0,1387768.8,94747.0
191,Мурманская область,2002,366.0,906183.0,68445.4
192,Новгородская область,2002,93.0,38793.0,31466.8
193,Псковская область,2002,74.0,27677.0,24098.9
194,г. Санкт-Петербург,2002,1183.0,1525012.7999999998,336692.3
195,Республика Адыгея (Адыгея),2002,35.0,5096.0,7909.9
196,Республика Калмыкия,2002,37.0,96153.2,7272.3
197,Краснодарский край,2002,986.0,2810870.6,217727.6
198,Астраханская область,2002,78.0,162366.0,40994.9
199,Волгоградская область,2002,206.0,377392.0,104341.2
200,Ростовская область,2002,418.0,821528.0,140773.3
201,Республика Дагестан,2002,77.0,113990.20000000001,41441.0
202,Республика Ингушетия,2002,1.13,0.0,3582.1
203,Кабардино-Балкарская Республика,2002,54.0,177512.0,22774.5
204,Карачаево-Черкесская Республика,2002,55.0,51538.600000000006,10234.5
205,Республика Северная Осетия — Алания,2002,98.0,123515.2,15997.5
207,Ставропольский край,2002,223.0,296295.0,80534.5
208,Республика Башкортостан,2002,426.0,3674822.1,187842.2
209,Республика Марий Эл,2002,64.0,52536.6,17815.3
210,Республика Мордовия,2002,56.0,113938.0,27508.0
211,Республика Татарстан (Татарстан),2002,534.0,1047238.2999999999,250596.0
212,Удмуртская Республика,2002,25.0,330542.8,78346.3
213,Чувашская Республика — Чувашия,2002,123.0,164256.40000000002,37180.6
214,Пермский край,2002,378.0,1592975.0,178091.0
215,Кировская область,2002,171.0,75783.7,49974.2
216,Нижегородская область,2002,468.0,463243.0,170826.5
217,Оренбургская область,2002,154.0,655120.2,94182.5
218,Пензенская область,2002,148.0,31290.0,41623.4
219,Самарская область,2002,500.0,651490.0,206320.2
220,Саратовская область,2002,299.0,479905.0,97326.4
221,Ульяновская область,2002,127.0,148933.8,45677.0
222,Курганская область,2002,62.0,80515.6,29940.8
223,Свердловская область,2002,816.0,1775507.0,234866.4
224,Ханты-Мансийский автономный округ — Югра,2002,35.0,4023402.0,552483.5
225,Ямало-Ненецкий автономный округ,2002,33.0,1166899.0,262447.4
226,Тюменская область,2002,76.0,5481415.0,83791.5
227,Челябинская область,2002,749.0,2202875.5999999996,172446.4
228,Республика Алтай,2002,0.42,0.0,5310.6
229,Республика Тыва,2002,9.0,54087.4,6847.4
230,Республика Хакасия,2002,54.0,55882.0,25423.3
231,Алтайский край,2002,36.0,67466.0,73107.4
232,Красноярский край,2002,611.0,2367420.4000000004,230994.9
233,Иркутская область,2002,820.0,1008736.0,140195.9
234,Кемеровская область — Кузбасс,2002,759.0,257065.8,136156.7
235,Новосибирская область,2002,76.0,232591.0,123084.5
236,Омская область,2002,226.0,962225.8999999999,92628.7
237,Томская область,2002,19.0,810140.2000000001,75547.0
238,Республика Бурятия,2002,70.0,176827.1,37884.5
239,Республика Саха (Якутия),2002,83.0,731485.2,115117.1
240,Забайкальский край,2002,77.0,225621.15999999997,44555.8
241,Камчатский край,2002,35.0,52143.0,25881.9
242,Приморский край,2002,418.0,151441.0,96832.3
243,Хабаровский край,2002,220.0,194957.0,101048.6
244,Амурская область,2002,95.0,241408.0,45717.5
245,Магаданская область,2002,42.0,5118.0,22374.8
246,Сахалинская область,2002,54.0,19488.0,47139.8
247,Еврейская автономная область,2002,12.0,80144.0,6838.5
248,Чукотский автономный округ,2002,6.0,0.0,10155.4
249,Белгородская область,2003,10.0,80802.0,76054.5
250,Брянская область,2003,94.0,36116.0,43700.3
251,Владимирская область,2003,174.0,45455.4,61818.6
252,Воронежская область,2003,173.0,90184.2,100143.3
253,Ивановская область,2003,158.0,48616.0,33214.6
254,Калужская область,2003,108.0,155619.2,48792.7
255,Костромская область,2003,64.0,152210.0,29692.1
256,Курская область,2003,35.0,56870.0,56383.1
257,Липецкая область,2003,126.0,714760.0,96241.9
258,Московская область,2003,626.0,1186984.2,412089.3
259,Орловская область,2003,79.0,25222.4,42073.3
260,Рязанская область,2003,19.0,220546.0,59607.2
261,Смоленская область,2003,91.0,39593.8,49085.7
262,Тамбовская область,2003,55.0,111694.0,46877.7
263,Тверская область,2003,86.0,383711.0,68805.3
264,Тульская область,2003,259.0,206432.2,72258.0
265,Ярославская область,2003,306.0,321737.0,92073.4
266,г. Москва,2003,2015.0,7335373.0,2188231.5
267,Республика Карелия,2003,194.0,463180.0,46588.9
268,Республика Коми,2003,141.0,517844.0,107149.0
269,Ненецкий автономный округ,2003,1.21,35885.0,25040.6
270,Архангельская область,2003,477.0,531838.0,78910.70000000001
271,Вологодская область,2003,205.0,2670047.23,107544.6
272,Калининградская область,2003,150.0,359959.0,46757.7
273,Ленинградская область,2003,387.0,4034230.7,121222.3
274,Мурманская область,2003,339.0,861546.0,80604.1
275,Новгородская область,2003,81.0,134152.0,38081.7
276,Псковская область,2003,73.0,43958.2,29488.4
277,г. Санкт-Петербург,2003,1203.0,3236043.2,409638.5
278,Республика Адыгея (Адыгея),2003,24.0,138486.0,9849.3
279,Республика Калмыкия,2003,43.0,32977.4,6539.5
280,Краснодарский край,2003,1252.0,291087.0,248565.5
281,Астраханская область,2003,71.0,313248.0,50659.8
282,Волгоградская область,2003,201.0,302695.0,128622.2
283,Ростовская область,2003,337.0,1114020.0,171849.0
284,Республика Дагестан,2003,80.0,26732.0,57626.7
285,Республика Ингушетия,2003,1.44,0.0,4756.6
286,Кабардино-Балкарская Республика,2003,52.0,208209.0,25997.4
287,Карачаево-Черкесская Республика,2003,57.0,2794.0,11481.1
288,Республика Северная Осетия — Алания,2003,97.0,109958.0,18925.2
290,Ставропольский край,2003,222.0,572217.0,101382.6
291,Республика Башкортостан,2003,408.0,3238644.3999999994,242920.5
292,Республика Марий Эл,2003,66.0,81907.0,22987.3
293,Республика Мордовия,2003,56.0,170084.0,33244.0
294,Республика Татарстан (Татарстан),2003,534.0,997916.2000000001,305086.1
295,Удмуртская Республика,2003,26.0,160197.4,89034.5
296,Чувашская Республика — Чувашия,2003,126.0,330051.6,45133.1
297,Пермский край,2003,380.0,3779882.0,209275.7
298,Кировская область,2003,171.0,107011.0,57795.8
299,Нижегородская область,2003,461.0,1006467.4,206926.0
300,Оренбургская область,2003,152.0,452556.19999999995,115824.6
301,Пензенская область,2003,143.0,43725.0,48111.5
302,Самарская область,2003,489.0,752975.8,256554.6
303,Саратовская область,2003,270.0,175817.0,119909.0
304,Ульяновская область,2003,109.0,346049.6,55184.3
305,Курганская область,2003,57.0,130911.0,37046.2
306,Свердловская область,2003,869.0,2120831.8,284576.3
307,Ханты-Мансийский автономный округ — Югра,2003,38.0,7910412.0,717219.7
308,Ямало-Ненецкий автономный округ,2003,32.0,2338938.0,283181.2
309,Тюменская область,2003,72.0,10447297.0,117113.49999999994
310,Челябинская область,2003,721.0,2152344.88,220185.2
311,Республика Алтай,2003,0.67,0.0,6903.9
312,Республика Тыва,2003,9.0,9600.0,8121.2
313,Республика Хакасия,2003,57.0,56227.0,28969.2
314,Алтайский край,2003,36.0,50114.0,88733.3
315,Красноярский край,2003,578.0,5122820.8,272727.0
316,Иркутская область,2003,823.0,1532329.8,167927.1
317,Кемеровская область — Кузбасс,2003,718.0,406864.0,164903.1
318,Новосибирская область,2003,79.0,481492.1,153798.9
319,Омская область,2003,223.0,567601.2,115029.5
320,Томская область,2003,18.0,775490.3,97084.3
321,Республика Бурятия,2003,67.0,147885.8,52253.7
322,Республика Саха (Якутия),2003,87.0,3370527.6,132964.1
323,Забайкальский край,2003,75.0,230283.36,53145.5
324,Камчатский край,2003,35.0,939256.8,29747.0
325,Приморский край,2003,389.0,354072.6,119333.7
326,Хабаровский край,2003,221.0,399762.0,116318.1
327,Амурская область,2003,91.0,284708.0,53199.9
328,Магаданская область,2003,40.0,99156.0,24325.9
329,Сахалинская область,2003,52.0,77579.0,63139.2
330,Еврейская автономная область,2003,12.0,55096.0,8564.6
331,Чукотский автономный округ,2003,4.44,0.0,13501.1
332,Белгородская область,2004,11.0,174379.0,114409.3
333,Брянская область,2004,92.0,22584.0,51003.4
334,Владимирская область,2004,169.0,28633.0,74207.0
335,Воронежская область,2004,168.0,80233.0,117197.6
336,Ивановская область,2004,152.0,50318.0,40159.4
337,Калужская область,2004,105.0,511885.0,57993.8
338,Костромская область,2004,65.0,767648.0,37787.4
339,Курская область,2004,35.0,27588.0,76506.1
340,Липецкая область,2004,125.0,1103890.0,141778.3
341,Московская область,2004,643.0,436600.0,535204.4
342,Орловская область,2004,78.0,4832.0,46042.3
343,Рязанская область,2004,19.0,162959.0,69996.0
344,Смоленская область,2004,94.0,76919.0,56113.9
345,Тамбовская область,2004,61.0,201554.0,56775.0
346,Тверская область,2004,77.0,296249.0,88081.5
347,Тульская область,2004,261.0,207821.0,88119.6
348,Ярославская область,2004,303.0,1089658.0,112438.7
349,г. Москва,2004,2012.0,4938621.0,2853272.4
350,Республика Карелия,2004,209.0,422086.0,53964.1
351,Республика Коми,2004,136.0,856491.0,131588.0
352,Ненецкий автономный округ,2004,1.19,269486.0,39586.7
353,Архангельская область,2004,454.0,891153.0,102978.00000000001
354,Вологодская область,2004,195.0,4144316.0,161378.6
355,Калининградская область,2004,147.0,419949.0,66552.1
356,Ленинградская область,2004,383.0,5656959.0,166445.0
357,Мурманская область,2004,374.0,711671.0,124972.0
358,Новгородская область,2004,81.0,132978.0,49242.3
359,Псковская область,2004,69.0,14932.0,35816.0
360,г. Санкт-Петербург,2004,1182.0,5360112.0,542359.2
361,Республика Адыгея (Адыгея),2004,24.0,16290.0,12493.2
362,Республика Калмыкия,2004,37.0,63408.0,8518.5
363,Краснодарский край,2004,1226.0,397198.0,313623.6
364,Астраханская область,2004,71.0,286579.0,56710.9
365,Волгоградская область,2004,208.0,808199.0,154337.7
366,Ростовская область,2004,318.0,1594833.0,221167.4
367,Республика Дагестан,2004,79.0,134824.0,80712.4
368,Республика Ингушетия,2004,1.37,0.0,6210.4
369,Кабардино-Балкарская Республика,2004,50.0,136524.0,29052.9
370,Карачаево-Черкесская Республика,2004,59.0,17218.0,13127.2
371,Республика Северная Осетия — Алания,2004,93.0,138259.0,24268.0
373,Ставропольский край,2004,224.0,687955.0,122235.4
374,Республика Башкортостан,2004,392.0,4759211.0,310845.1
375,Республика Марий Эл,2004,66.0,64933.0,30085.6
376,Республика Мордовия,2004,54.0,163393.0,38334.9
377,Республика Татарстан (Татарстан),2004,543.0,998521.0,391116.0
378,Удмуртская Республика,2004,28.0,173044.0,100833.1
379,Чувашская Республика — Чувашия,2004,134.0,126323.0,59573.8
380,Пермский край,2004,340.0,1904015.0,266325.9
381,Кировская область,2004,167.0,60860.0,70706.2
382,Нижегородская область,2004,421.0,798728.0,241230.4
383,Оренбургская область,2004,150.0,905582.0,169876.7
384,Пензенская область,2004,147.0,83246.0,59711.7
385,Самарская область,2004,482.0,711298.0,327118.5
386,Саратовская область,2004,262.0,295508.0,151636.9
387,Ульяновская область,2004,105.0,273835.0,67501.0
388,Курганская область,2004,57.0,239105.0,42470.6
389,Свердловская область,2004,828.0,9731273.0,364368.8
390,Ханты-Мансийский автономный округ — Югра,2004,31.0,7159410.0,956196.5
391,Ямало-Ненецкий автономный округ,2004,33.0,830076.0,355718.4
392,Тюменская область,2004,75.0,8439307.0,224818.79999999993
393,Челябинская область,2004,666.0,1753636.0,291179.9
394,Республика Алтай,2004,0.36,0.0,8516.7
395,Республика Тыва,2004,9.0,3060.0,9838.5
396,Республика Хакасия,2004,50.0,56444.0,33102.9
397,Алтайский край,2004,36.0,38270.0,114840.5
398,Красноярский край,2004,531.0,7243698.0,365454.1
399,Иркутская область,2004,785.0,1384543.0,213244.2
400,Кемеровская область — Кузбасс,2004,708.0,894006.0,244462.0
401,Новосибирская область,2004,74.0,334551.0,191826.7
402,Омская область,2004,219.0,479876.0,192877.3
403,Томская область,2004,17.0,966405.0,132439.3
404,Республика Бурятия,2004,66.0,112887.0,63918.5
405,Республика Саха (Якутия),2004,79.0,1282498.0,153496.7
406,Забайкальский край,2004,84.0,198488.0,61261.8
407,Камчатский край,2004,29.0,70132.0,35139.3
408,Приморский край,2004,346.0,538042.0,152301.1
409,Хабаровский край,2004,222.0,274406.0,133330.5
410,Амурская область,2004,99.0,182344.0,64250.2
411,Магаданская область,2004,34.0,21966.0,24612.3
412,Сахалинская область,2004,53.0,64908.0,91729.6
413,Еврейская автономная область,2004,14.0,46520.0,11230.9
414,Чукотский автономный округ,2004,4.85,0.0,12357.8
415,Белгородская область,2005,11.0,619089.0,144987.8
416,Брянская область,2005,89.0,9246.0,66692.3
417,Владимирская область,2005,155.0,34421.2,86926.8
418,Воронежская область,2005,169.0,214410.6,133586.6
419,Ивановская область,2005,144.0,413688.0,44415.4
420,Калужская область,2005,99.0,301855.8,70953.9
421,Костромская область,2005,64.0,99086.0,44684.7
422,Курская область,2005,34.0,90143.0,86624.9
423,Липецкая область,2005,127.0,2117063.0,145194.4
424,Московская область,2005,635.0,486832.19999999995,708062.1
425,Орловская область,2005,68.0,15580.4,53181.9
426,Рязанская область,2005,20.0,241787.0,84382.7
427,Смоленская область,2005,90.0,106384.0,65525.6
428,Тамбовская область,2005,59.0,299337.0,63614.8
429,Тверская область,2005,79.0,785064.0,96897.4
430,Тульская область,2005,252.0,279945.0,116221.2
431,Ярославская область,2005,287.0,2224792.0,131252.1
432,г. Москва,2005,1959.0,7575635.0,4135154.6
433,Республика Карелия,2005,205.0,392230.0,77124.8
434,Республика Коми,2005,133.0,1858180.0,171307.2
435,Ненецкий автономный округ,2005,1.2,947789.9,44718.3
436,Архангельская область,2005,464.0,3766789.9,121715.09999999999
437,Вологодская область,2005,172.0,7651512.0,193966.1
438,Калининградская область,2005,139.0,623286.0,81837.6
439,Ленинградская область,2005,356.0,3066890.8,205416.9
440,Мурманская область,2005,394.0,651822.0,132870.2
441,Новгородская область,2005,78.0,191164.0,63848.3
442,Псковская область,2005,61.0,20466.0,40582.9
443,г. Санкт-Петербург,2005,1188.0,18134312.6,666392.8
444,Республика Адыгея (Адыгея),2005,24.0,142774.0,17029.1
445,Республика Калмыкия,2005,36.0,138124.0,9685.7
446,Краснодарский край,2005,795.0,773216.0,372929.8
447,Астраханская область,2005,68.0,243264.0,70127.6
448,Волгоградская область,2005,204.0,830110.0,203232.2
449,Ростовская область,2005,282.0,596359.0,263051.5
450,Республика Дагестан,2005,78.0,132876.56,90442.6
451,Республика Ингушетия,2005,1.6,0.0,7419.3
452,Кабардино-Балкарская Республика,2005,47.0,348972.0,36833.4
453,Карачаево-Черкесская Республика,2005,53.0,309580.0,16724.3
454,Республика Северная Осетия — Алания,2005,96.0,584389.4,31182.2
456,Ставропольский край,2005,220.0,1420842.0,146569.3
457,Республика Башкортостан,2005,388.0,5980977.399999999,381646.5
458,Республика Марий Эл,2005,64.0,53545.8,33350.7
459,Республика Мордовия,2005,53.0,570580.0,44267.0
460,Республика Татарстан (Татарстан),2005,529.0,1158070.2,482759.2
461,Удмуртская Республика,2005,28.0,322706.0,139995.3
462,Чувашская Республика — Чувашия,2005,121.0,528896.0,69391.6
463,Пермский край,2005,317.0,1200399.0,327273.3
464,Кировская область,2005,132.0,23241.0,79800.6
465,Нижегородская область,2005,425.0,974285.3,299723.7
466,Оренбургская область,2005,149.0,1362832.0,213138.2
467,Пензенская область,2005,139.0,137647.4,74362.7
468,Самарская область,2005,465.0,1302898.7,401812.2
469,Саратовская область,2005,237.0,517930.0,170930.5
470,Ульяновская область,2005,115.0,469494.1,80584.4
471,Курганская область,2005,59.0,232234.5,50245.8
472,Свердловская область,2005,814.0,3496041.5999999996,475575.5
473,Ханты-Мансийский автономный округ — Югра,2005,31.0,11529835.0,1399335.9
474,Ямало-Ненецкий автономный округ,2005,31.0,1467362.0,441721.8
475,Тюменская область,2005,86.0,13421101.0,374526.7
476,Челябинская область,2005,660.0,4048663.4000000004,349957.2
477,Республика Алтай,2005,0.5,0.0,8805.8
478,Республика Тыва,2005,8.0,46160.0,11662.5
479,Республика Хакасия,2005,50.0,96170.0,41727.5
480,Алтайский край,2005,34.0,154492.0,135686.4
481,Красноярский край,2005,531.0,10310848.4,439736.9
482,Иркутская область,2005,814.0,1462132.46,258095.5
483,Кемеровская область — Кузбасс,2005,695.0,1902068.0,295378.4
484,Новосибирская область,2005,72.0,228854.8,235381.8
485,Омская область,2005,214.0,548186.6,220686.1
486,Томская область,2005,12.0,349406.65,159578.5
487,Республика Бурятия,2005,61.0,230965.40000000002,74912.9
488,Республика Саха (Якутия),2005,79.0,2593335.1,183027.0
489,Забайкальский край,2005,83.0,320383.26,69647.1
490,Камчатский край,2005,29.0,74170.0,43974.3
491,Приморский край,2005,348.0,391490.8,186623.3
492,Хабаровский край,2005,217.0,665188.0,161194.4
493,Амурская область,2005,100.0,126708.0,76861.2
494,Магаданская область,2005,28.0,97357.79999999999,27167.8
495,Сахалинская область,2005,52.0,1221117.7,121014.1
496,Еврейская автономная область,2005,14.0,75008.0,14204.2
497,Чукотский автономный округ,2005,4.3,0.0,12355.4
498,Белгородская область,2006,11.0,775543.0,178846.1
499,Брянская область,2006,96.0,4118.0,82100.4
500,Владимирская область,2006,147.0,19976.0,112841.7
501,Воронежская область,2006,159.0,430142.4,166176.5
502,Ивановская область,2006,140.0,313976.0,55090.0
503,Калужская область,2006,99.0,298190.2,86150.5
504,Костромская область,2006,66.0,146309.0,54351.1
505,Курская область,2006,33.0,86096.0,104035.7
506,Липецкая область,2006,124.0,3852349.0,179057.3
507,Московская область,2006,617.0,1545774.8599999999,934328.9
508,Орловская область,2006,70.0,45276.2,64801.6
509,Рязанская область,2006,15.0,110202.0,105491.9
510,Смоленская область,2006,90.0,93752.4,79043.4
511,Тамбовская область,2006,53.0,324669.0,79766.2
512,Тверская область,2006,91.0,34488.0,127363.8
513,Тульская область,2006,236.0,343984.0,142240.1
514,Ярославская область,2006,284.0,423730.0,153251.5
515,г. Москва,2006,1857.0,11282742.0,5260232.8
516,Республика Карелия,2006,207.0,614292.0,84228.3
517,Республика Коми,2006,126.0,2139255.0,218490.7
518,Ненецкий автономный округ,2006,1.35,6912716.0,67248.4
519,Архангельская область,2006,464.0,9456773.0,148684.30000000002
520,Вологодская область,2006,167.0,2398459.7,201939.2
521,Калининградская область,2006,131.0,2250358.0,103138.7
522,Ленинградская область,2006,355.0,5510181.7,265260.4
523,Мурманская область,2006,329.0,677491.0,158127.0
524,Новгородская область,2006,78.0,265270.0,74923.8
525,Псковская область,2006,60.0,46848.0,51464.9
526,г. Санкт-Петербург,2006,1174.0,9882963.4,825102.3
527,Республика Адыгея (Адыгея),2006,23.0,92135.20000000001,21132.4
528,Республика Калмыкия,2006,41.0,116188.0,12844.1
529,Краснодарский край,2006,907.0,1084194.0,483950.7
530,Астраханская область,2006,73.0,579456.0,85112.1
531,Волгоградская область,2006,217.0,1845007.0,252142.7
532,Ростовская область,2006,271.0,991704.0,340012.5
533,Республика Дагестан,2006,75.0,568437.2,124153.5
534,Республика Ингушетия,2006,1.86,0.0,9033.5
535,Кабардино-Балкарская Республика,2006,42.0,424546.0,43309.7
536,Карачаево-Черкесская Республика,2006,55.0,216482.0,23260.1
537,Республика Северная Осетия — Алания,2006,90.0,314918.4,43341.2
539,Ставропольский край,2006,211.0,1145897.0,181675.1
540,Республика Башкортостан,2006,383.0,8862116.1,505205.8
541,Республика Марий Эл,2006,60.0,24344.659999999996,43663.7
542,Республика Мордовия,2006,51.0,487286.0,57974.2
543,Республика Татарстан (Татарстан),2006,512.0,1543123.6,605911.5
544,Удмуртская Республика,2006,30.0,544956.6,164848.5
545,Чувашская Республика — Чувашия,2006,121.0,264148.0,93172.0
546,Пермский край,2006,302.0,3863405.0,383770.1
547,Кировская область,2006,159.0,177232.0,97047.1
548,Нижегородская область,2006,420.0,1094366.5,376180.3
549,Оренбургская область,2006,144.0,2394358.8,302808.4
550,Пензенская область,2006,137.0,22516.0,88805.0
551,Самарская область,2006,465.0,1943153.3,487713.5
552,Саратовская область,2006,242.0,437140.0,204291.2
553,Ульяновская область,2006,115.0,654224.6000000001,101950.3
554,Курганская область,2006,57.0,267915.8,68434.5
555,Свердловская область,2006,821.0,4225123.4,653908.3
556,Ханты-Мансийский автономный округ — Югра,2006,33.0,9520527.0,1594097.1
557,Ямало-Ненецкий автономный округ,2006,59.0,2153211.0,546365.8
558,Тюменская область,2006,100.0,12132136.0,410892.49999999977
559,Челябинская область,2006,655.0,4225204.6,446918.0
560,Республика Алтай,2006,0.37,0.0,11609.4
561,Республика Тыва,2006,8.0,154898.0,15146.8
562,Республика Хакасия,2006,44.0,1061105.98,53689.3
563,Алтайский край,2006,27.0,132720.0,173810.5
564,Красноярский край,2006,462.0,5070038.199999999,585881.9
565,Иркутская область,2006,807.0,1184630.0,330834.3
566,Кемеровская область — Кузбасс,2006,733.0,1715371.0,342210.6
567,Новосибирская область,2006,73.0,589532.6,296064.5
568,Омская область,2006,203.0,986347.7,262506.7
569,Томская область,2006,9.0,705421.0,188800.7
570,Республика Бурятия,2006,52.0,567380.0,91712.4
571,Республика Саха (Якутия),2006,79.0,2624036.3999999994,206845.0
572,Забайкальский край,2006,79.0,499377.0,90732.1
573,Камчатский край,2006,32.0,33716.0,56119.8
574,Приморский край,2006,337.0,1744916.8,215934.4
575,Хабаровский край,2006,209.0,1838180.0,194259.6
576,Амурская область,2006,90.0,386298.0,95090.9
577,Магаданская область,2006,28.0,198698.1,31203.2
578,Сахалинская область,2006,48.0,9736778.6,166105.4
579,Еврейская автономная область,2006,14.0,162002.0,17976.8
580,Чукотский автономный округ,2006,4.61,0.0,15538.0
581,Белгородская область,2007,8.0,740206.0,237013.3
582,Брянская область,2007,94.0,0.0,102706.2
583,Владимирская область,2007,141.0,203508.0,146663.0
584,Воронежская область,2007,152.0,353258.4,222811.9
585,Ивановская область,2007,136.0,278366.0,74752.0
586,Калужская область,2007,98.0,426725.0,111869.0
587,Костромская область,2007,64.0,93266.0,65700.4
588,Курская область,2007,34.0,73994.0,128799.0
589,Липецкая область,2007,114.0,1715673.0,209821.5
590,Московская область,2007,597.0,693951.2,1295649.9
591,Орловская область,2007,63.0,18341.0,77101.2
592,Рязанская область,2007,14.0,149918.0,121305.2
593,Смоленская область,2007,85.0,240835.40000000002,95703.4
594,Тамбовская область,2007,19.0,515178.0,106039.6
595,Тверская область,2007,101.0,123954.0,156034.6
596,Тульская область,2007,216.0,143908.0,174110.9
597,Ярославская область,2007,208.0,1085910.0,186577.5
598,г. Москва,2007,1726.0,13036075.0,6696259.1
599,Республика Карелия,2007,204.0,820954.0,104603.3
600,Республика Коми,2007,121.0,596137.0,241150.5
601,Ненецкий автономный округ,2007,1.57,496431.0,97838.3
602,Архангельская область,2007,475.0,1890048.0,170833.8
603,Вологодская область,2007,156.0,2750264.2,243336.3
604,Калининградская область,2007,116.0,2228275.0,143927.7
605,Ленинградская область,2007,324.0,4323053.9,309028.6
606,Мурманская область,2007,383.0,354648.0,191584.6
607,Новгородская область,2007,75.0,174400.0,86664.9
608,Псковская область,2007,57.0,193580.0,61561.9
609,г. Санкт-Петербург,2007,1187.0,8205394.6,1119660.3
610,Республика Адыгея (Адыгея),2007,21.0,662922.2,29085.1
611,Республика Калмыкия,2007,38.0,126456.0,17225.8
612,Краснодарский край,2007,887.0,916713.0,648211.3
613,Астраханская область,2007,72.0,4889494.0,100359.2
614,Волгоградская область,2007,203.0,1627967.0,331766.8
615,Ростовская область,2007,300.0,650909.0,450434.7
616,Республика Дагестан,2007,75.0,103684.42,156928.8
617,Республика Ингушетия,2007,1.89,0.0,16812.4
618,Кабардино-Балкарская Республика,2007,39.0,591368.0,48908.7
619,Карачаево-Черкесская Республика,2007,53.0,372486.8,27469.7
620,Республика Северная Осетия — Алания,2007,88.0,670563.2,52804.8
622,Ставропольский край,2007,203.0,2438415.0,222239.6
623,Республика Башкортостан,2007,383.0,10007539.8,590054.1
624,Республика Марий Эл,2007,60.0,9922.26,55069.2
625,Республика Мордовия,2007,50.0,466734.80000000005,77048.8
626,Республика Татарстан (Татарстан),2007,493.0,2296532.8,757401.4
627,Удмуртская Республика,2007,27.0,561854.0,205647.4
628,Чувашская Республика — Чувашия,2007,118.0,351113.0,123453.3
629,Пермский край,2007,279.0,8198240.0,477794.2
630,Кировская область,2007,147.0,219077.0,118154.9
631,Нижегородская область,2007,410.0,1525075.8,473307.4
632,Оренбургская область,2007,142.0,4116193.6,370880.9
633,Пензенская область,2007,128.0,1047010.0,119104.0
634,Самарская область,2007,454.0,2836902.4,584968.6
635,Саратовская область,2007,251.0,422411.0,252867.2
636,Ульяновская область,2007,118.0,1327024.6,124676.2
637,Курганская область,2007,56.0,342580.0,81076.0
638,Свердловская область,2007,868.0,5836452.399999999,820792.5
639,Ханты-Мансийский автономный округ — Югра,2007,38.0,7583561.4,1728340.2
640,Ямало-Ненецкий автономный округ,2007,49.0,2344152.7,594678.6
641,Тюменская область,2007,100.0,10583343.5,435794.30000000016
642,Челябинская область,2007,657.0,4739653.0,575643.7
643,Республика Алтай,2007,0.42,0.0,15108.5
644,Республика Тыва,2007,8.0,255046.0,19384.2
645,Республика Хакасия,2007,45.0,1663614.0,63722.0
646,Алтайский край,2007,26.0,233201.0,223563.4
647,Красноярский край,2007,449.0,5309869.5,734154.8
648,Иркутская область,2007,789.0,2086587.0,402654.7
649,Кемеровская область — Кузбасс,2007,767.0,2731732.0,437790.2
650,Новосибирская область,2007,101.0,891014.2999999999,365531.2
651,Омская область,2007,207.0,824286.4,296004.7
652,Томская область,2007,9.0,1369830.9,214487.0
653,Республика Бурятия,2007,50.0,226933.0,107442.0
654,Республика Саха (Якутия),2007,97.0,8047336.6,242656.5
655,Забайкальский край,2007,85.0,548247.8,110822.4
656,Камчатский край,2007,41.0,74912.0,66076.8
657,Приморский край,2007,339.0,1113373.0,259041.4
658,Хабаровский край,2007,203.0,3428604.0,231293.2
659,Амурская область,2007,84.0,889804.0,111761.2
660,Магаданская область,2007,29.0,373724.4,35314.4
661,Сахалинская область,2007,45.0,9254228.600000001,286273.0
662,Еврейская автономная область,2007,14.0,673259.6,23726.1
663,Чукотский автономный округ,2007,4.6,0.0,20984.1
664,Белгородская область,2008,11.0,1903196.0,317656.3
665,Брянская область,2008,85.0,24075.0,125834.4
666,Владимирская область,2008,140.0,59844.0,175395.7
667,Воронежская область,2008,144.0,1604813.6,287072.1
668,Ивановская область,2008,127.0,217780.0,86980.3
669,Калужская область,2008,96.0,484216.4,150394.4
670,Костромская область,2008,65.0,76370.0,81040.7
671,Курская область,2008,35.0,102885.6,167865.8
672,Липецкая область,2008,140.0,3714541.0,259532.2
673,Московская область,2008,588.0,1320771.92,1645753.0
674,Орловская область,2008,61.0,10380.0,96669.9
675,Рязанская область,2008,18.0,341862.0,150151.2
676,Смоленская область,2008,82.0,228335.0,121601.3
677,Тамбовская область,2008,17.0,338643.0,120836.0
678,Тверская область,2008,99.0,2541182.0,192283.0
679,Тульская область,2008,201.0,358166.0,231730.8
680,Ярославская область,2008,204.0,1611450.0,214946.3
681,г. Москва,2008,1684.0,16088749.0,8248652.0
682,Республика Карелия,2008,197.0,1990206.0,115208.2
683,Республика Коми,2008,116.0,1426890.0,291812.1
684,Ненецкий автономный округ,2008,1.59,1241797.0,91476.4
685,Архангельская область,2008,475.0,2801967.0,198279.50000000003
686,Вологодская область,2008,146.0,3162085.4,294926.2
687,Калининградская область,2008,103.0,1403282.0,179266.7
688,Ленинградская область,2008,324.0,3673245.5999999996,383255.4
689,Мурманская область,2008,356.0,1230838.0,213733.5
690,Новгородская область,2008,73.0,172230.0,115141.3
691,Псковская область,2008,57.0,430528.0,73283.2
692,г. Санкт-Петербург,2008,1174.0,13597944.4,1431839.6
693,Республика Адыгея (Адыгея),2008,21.0,1370538.0,36134.4
694,Республика Калмыкия,2008,39.0,249902.0,20789.7
695,Краснодарский край,2008,858.0,723874.0,803834.1
696,Астраханская область,2008,73.0,4530697.0,147549.1
697,Волгоградская область,2008,218.0,2239947.0,416678.5
698,Ростовская область,2008,265.0,2242587.6,576125.7
699,Республика Дагестан,2008,75.0,151633.32,216277.2
700,Республика Ингушетия,2008,1.26,0.0,19172.9
701,Кабардино-Балкарская Республика,2008,38.0,923440.0,58093.4
702,Карачаево-Черкесская Республика,2008,54.0,253956.0,35714.2
703,Республика Северная Осетия — Алания,2008,87.0,656329.0,57707.4
705,Ставропольский край,2008,194.0,732770.0,274992.0
706,Республика Башкортостан,2008,381.0,9487296.5,743133.4
707,Республика Марий Эл,2008,59.0,52746.0,65765.3
708,Республика Мордовия,2008,49.0,472964.0,94058.3
709,Республика Татарстан (Татарстан),2008,477.0,5638986.3,926056.7
710,Удмуртская Республика,2008,25.0,1363938.0,243135.5
711,Чувашская Республика — Чувашия,2008,115.0,114016.0,155032.3
712,Пермский край,2008,367.0,8032064.0,607362.7
713,Кировская область,2008,147.0,188052.0,151116.7
714,Нижегородская область,2008,410.0,2027776.0,588790.8
715,Оренбургская область,2008,137.0,5210126.0,430023.1
716,Пензенская область,2008,124.0,86258.0,147853.2
717,Самарская область,2008,445.0,4549938.84,699295.6
718,Саратовская область,2008,197.0,1168054.0,321747.2
719,Ульяновская область,2008,113.0,577214.6,150680.3
720,Курганская область,2008,54.0,773493.8,106223.2
721,Свердловская область,2008,873.0,14056605.7,923550.8
722,Ханты-Мансийский автономный округ — Югра,2008,42.0,9702761.2,1937159.1
723,Ямало-Ненецкий автономный округ,2008,48.0,2985569.0999999996,719397.0
724,Тюменская область,2008,100.0,13866021.7,464845.1999999997
725,Челябинская область,2008,750.0,6536954.199999999,664492.7
726,Республика Алтай,2008,0.46,0.0,18701.0
727,Республика Тыва,2008,8.0,228944.5,23870.5
728,Республика Хакасия,2008,44.0,57094.0,72308.8
729,Алтайский край,2008,22.0,211412.0,259343.1
730,Красноярский край,2008,481.0,7425796.9,737950.5
731,Иркутская область,2008,814.0,2299081.0,438852.4
732,Кемеровская область — Кузбасс,2008,782.0,2426772.0,575901.9
733,Новосибирская область,2008,105.0,1957960.4,453574.6
734,Омская область,2008,194.0,1022512.8,347760.3
735,Томская область,2008,8.0,2018999.4,248906.2
736,Республика Бурятия,2008,46.0,539909.0,124738.5
737,Республика Саха (Якутия),2008,93.0,9486622.400000002,309518.3
738,Забайкальский край,2008,97.0,1105444.1,140302.0
739,Камчатский край,2008,47.0,77982.79999999999,77854.3
740,Приморский край,2008,340.0,802117.0,316581.9
741,Хабаровский край,2008,196.0,1681494.0,269178.6
742,Амурская область,2008,86.0,646375.0,131563.7
743,Магаданская область,2008,30.0,134850.1,42053.8
744,Сахалинская область,2008,48.0,14796285.2,333581.6
745,Еврейская автономная область,2008,13.0,524398.0,23977.0
746,Чукотский автономный округ,2008,6.0,0.0,30558.7
747,Белгородская область,2009,49.0,880405.0,304345.3
748,Брянская область,2009,83.0,0.0,126477.4
749,Владимирская область,2009,129.0,63777.0,185824.6
750,Воронежская область,2009,134.0,1364551.6,301729.1
751,Ивановская область,2009,114.0,57314.0,87061.9
752,Калужская область,2009,95.0,695151.0999999999,154946.1
753,Костромская область,2009,61.0,43534.0,78920.7
754,Курская область,2009,33.0,53674.0,161570.9
755,Липецкая область,2009,101.0,8676344.0,226662.0
756,Московская область,2009,565.0,335495.4,1519446.3
757,Орловская область,2009,60.0,41639.8,90623.6
758,Рязанская область,2009,18.0,266160.0,153634.1
759,Смоленская область,2009,79.0,320622.0,125348.9
760,Тамбовская область,2009,13.0,1048296.0,136323.9
761,Тверская область,2009,92.0,7426255.0,197687.0
762,Тульская область,2009,192.0,1964386.0,214925.4
763,Ярославская область,2009,184.0,1987824.0,212684.4
764,г. Москва,2009,1595.0,11726408.0,7126972.4
765,Республика Карелия,2009,190.0,1297788.0,105924.1
766,Республика Коми,2009,107.0,12101837.0,302629.2
767,Ненецкий автономный округ,2009,1.63,81654.90000000001,130177.7
768,Архангельская область,2009,413.0,1699949.2000000002,193429.09999999998
769,Вологодская область,2009,132.0,2835586.04,213396.9
770,Калининградская область,2009,87.0,1408540.2,169519.6
771,Ленинградская область,2009,313.0,2050873.6,430395.5
772,Мурманская область,2009,352.0,1612973.0,202235.5
773,Новгородская область,2009,74.0,220344.0,117710.0
774,Псковская область,2009,54.0,98676.0,74647.8
775,г. Санкт-Петербург,2009,1106.0,14350585.2,1475805.3
776,Республика Адыгея (Адыгея),2009,29.0,844502.0,41511.5
777,Республика Калмыкия,2009,35.0,108672.0,23948.1
778,Краснодарский край,2009,820.0,1367065.4,861603.3
779,Астраханская область,2009,71.0,2117091.0,134418.2
780,Волгоградская область,2009,200.0,784414.0,377514.3
781,Ростовская область,2009,255.0,1271217.2000000002,555917.1
782,Республика Дагестан,2009,76.0,549879.5,257832.7
783,Республика Ингушетия,2009,3.14,0.0,18953.3
784,Кабардино-Балкарская Республика,2009,35.0,411121.0,65660.1
785,Карачаево-Черкесская Республика,2009,53.0,50678.8,38584.1
786,Республика Северная Осетия — Алания,2009,88.0,1228180.6,64081.4
788,Ставропольский край,2009,189.0,1119780.0,277251.0
789,Республика Башкортостан,2009,359.0,5328387.18,647911.7
790,Республика Марий Эл,2009,62.0,88597.16,69271.5
791,Республика Мордовия,2009,47.0,573622.0,90862.4
792,Республика Татарстан (Татарстан),2009,439.0,11039986.620000001,885064.0
793,Удмуртская Республика,2009,23.0,818739.4,230938.3
794,Чувашская Республика — Чувашия,2009,91.0,449267.0,139909.5
795,Пермский край,2009,314.0,6309011.0,539831.5
796,Кировская область,2009,139.0,368432.0,146321.3
797,Нижегородская область,2009,379.0,986657.0,547223.0
798,Оренбургская область,2009,136.0,3457544.8999999994,413395.5
799,Пензенская область,2009,116.0,97177.0,147185.1
800,Самарская область,2009,406.0,3102675.0,583999.9
801,Саратовская область,2009,56.0,1743974.0,326370.4
802,Ульяновская область,2009,106.0,541772.2,154247.4
803,Курганская область,2009,52.0,1735459.0,107914.5
804,Свердловская область,2009,780.0,7862425.8,825267.4
805,Ханты-Мансийский автономный округ — Югра,2009,46.0,7077361.03,1778637.1
806,Ямало-Ненецкий автономный округ,2009,33.0,8583498.94,649640.0
807,Тюменская область,2009,100.0,309597.81999999844,442006.8999999999
808,Челябинская область,2009,691.0,6473256.3,556985.3
809,Республика Алтай,2009,0.26,0.0,19911.6
810,Республика Тыва,2009,10.0,316947.0,26921.9
811,Республика Хакасия,2009,40.0,228273.3,81019.9
812,Алтайский край,2009,17.0,307775.0,265613.3
813,Красноярский край,2009,453.0,7819780.5,749194.8
814,Иркутская область,2009,640.0,2072532.6,458774.9
815,Кемеровская область — Кузбасс,2009,746.0,2865867.0,512408.0
816,Новосибирская область,2009,98.0,2117359.4000000004,425400.2
817,Омская область,2009,193.0,2351867.5,336259.6
818,Томская область,2009,9.0,3091875.6500000004,245808.3
819,Республика Бурятия,2009,45.0,668357.0,121187.7
820,Республика Саха (Якутия),2009,91.0,15727014.599999998,328201.7
821,Забайкальский край,2009,98.0,730648.2,148587.9
822,Камчатский край,2009,46.0,68414.0,94643.2
823,Приморский край,2009,337.0,2268115.0,368996.7
824,Хабаровский край,2009,193.0,2084137.0,276895.4
825,Амурская область,2009,83.0,1269189.0,151118.6
826,Магаданская область,2009,29.0,425995.4,47895.9
827,Сахалинская область,2009,49.0,4774079.0,392380.1
828,Еврейская автономная область,2009,14.0,218020.09999999998,25320.0
829,Чукотский автономный округ,2009,6.0,0.0,45067.6
830,Белгородская область,2010,77.0,1488078.0,398361.4
831,Брянская область,2010,78.0,0.0,147024.0
832,Владимирская область,2010,129.0,120245.0,224759.2
833,Воронежская область,2010,134.0,393762.6,346568.2
834,Ивановская область,2010,102.0,0.0,109884.5
835,Калужская область,2010,92.0,942491.3999999999,188601.3
836,Костромская область,2010,47.0,21543.0,98130.7
837,Курская область,2010,37.0,83820.0,193648.6
838,Липецкая область,2010,87.0,9769211.0,248544.9
839,Московская область,2010,1309.0,1355461.4,1832867.3
840,Орловская область,2010,50.0,117672.0,106196.7
841,Рязанская область,2010,89.0,364502.0,179127.9
842,Смоленская область,2010,73.0,463035.0,154681.1
843,Тамбовская область,2010,13.0,417492.0,143902.4
844,Тверская область,2010,99.0,9952371.0,219004.9
845,Тульская область,2010,196.0,828025.0,237629.2
846,Ярославская область,2010,240.0,601039.0,239644.0
847,г. Москва,2010,909.0,14999238.0,8375863.8
848,Республика Карелия,2010,190.0,3294327.0,120511.3
849,Республика Коми,2010,117.0,4206808.0,353853.0
850,Ненецкий автономный округ,2010,0.3,823265.0,145928.3
851,Архангельская область,2010,415.0,1227473.0,226876.5
852,Вологодская область,2010,152.0,913777.2,262432.7
853,Калининградская область,2010,88.0,1086419.6,195749.1
854,Ленинградская область,2010,291.0,584823.0,490303.7
855,Мурманская область,2010,339.0,2905218.0,233438.9
856,Новгородская область,2010,97.0,123756.0,127407.8
857,Псковская область,2010,52.0,78140.0,87066.0
858,г. Санкт-Петербург,2010,1346.0,19222411.599999998,1699486.4
859,Республика Адыгея (Адыгея),2010,29.0,208142.0,47194.5
860,Республика Калмыкия,2010,29.0,10934.0,24404.1
861,Краснодарский край,2010,863.0,1890411.8,1028308.4
862,Астраханская область,2010,69.0,6506574.0,144888.8
863,Волгоградская область,2010,186.0,1319640.0,433473.7
864,Ростовская область,2010,270.0,294945.4,659667.4
865,Республика Дагестан,2010,77.0,1097750.0,274354.2
866,Республика Ингушетия,2010,2.7,0.0,19929.1
867,Кабардино-Балкарская Республика,2010,33.0,797089.0,77086.4
868,Карачаево-Черкесская Республика,2010,51.0,19647.0,43651.5
869,Республика Северная Осетия — Алания,2010,82.0,1404997.8,75327.4
871,Ставропольский край,2010,144.0,1497605.0,330790.8
872,Республика Башкортостан,2010,341.0,8804046.5,759203.3
873,Республика Марий Эл,2010,60.0,28688.16,82374.4
874,Республика Мордовия,2010,46.0,427896.0,105343.8
875,Республика Татарстан (Татарстан),2010,490.0,10724536.1,1001622.8
876,Удмуртская Республика,2010,105.0,254433.6,274578.1
877,Чувашская Республика — Чувашия,2010,86.0,1023002.14,157704.6
878,Пермский край,2010,313.0,4565278.0,623116.8
879,Кировская область,2010,205.0,407937.0,172352.0
880,Нижегородская область,2010,472.0,1798424.0,652805.9
881,Оренбургская область,2010,122.0,4703073.2,458145.4
882,Пензенская область,2010,111.0,280601.0,172166.7
883,Самарская область,2010,397.0,2868463.73,695651.2
884,Саратовская область,2010,24.0,1338766.0,376169.4
885,Ульяновская область,2010,111.0,1370761.6,178235.4
886,Курганская область,2010,50.0,681362.6,117879.5
887,Свердловская область,2010,763.0,5165484.699999999,1046600.1
888,Ханты-Мансийский автономный округ — Югра,2010,55.0,24176098.84,1971870.5
889,Ямало-Ненецкий автономный округ,2010,44.0,6328659.239999999,782214.9
890,Тюменская область,2010,103.0,643593.0000000065,547487.8999999998
891,Челябинская область,2010,845.0,8594155.799999999,652865.5
892,Республика Алтай,2010,0.3,4734.32,22393.7
893,Республика Тыва,2010,9.0,754533.09,30772.8
894,Республика Хакасия,2010,38.0,774079.0,96039.8
895,Алтайский край,2010,15.0,188042.0,302900.7
896,Красноярский край,2010,444.0,8668285.2,1055525.0
897,Иркутская область,2010,594.0,1731238.94,546141.0
898,Кемеровская область — Кузбасс,2010,700.0,1705710.3,625914.9
899,Новосибирская область,2010,107.0,1233530.58,484141.3
900,Омская область,2010,177.0,1933335.0,382620.4
901,Томская область,2010,14.0,1487633.5,284676.7
902,Республика Бурятия,2010,41.0,1915282.0,133525.6
903,Республика Саха (Якутия),2010,86.0,5640642.679999999,386825.1
904,Забайкальский край,2010,78.0,127824.1,166742.5
905,Камчатский край,2010,46.0,0.0,103123.2
906,Приморский край,2010,371.0,9902868.0,470679.2
907,Хабаровский край,2010,191.0,1118838.9,353590.3
908,Амурская область,2010,82.0,258229.0,178689.6
909,Магаданская область,2010,27.0,427345.0,59619.7
910,Сахалинская область,2010,46.0,520578.0,487659.5
911,Еврейская автономная область,2010,15.0,295833.0,31555.9
912,Чукотский автономный округ,2010,5.0,0.0,38978.1
913,Белгородская область,2011,72.0,3335261.8,507839.8
914,Брянская область,2011,75.0,0.0,174211.8
915,Владимирская область,2011,126.0,296674.0,261222.6
916,Воронежская область,2011,135.0,533174.8,474973.9
917,Ивановская область,2011,99.0,172982.0,128905.4
918,Калужская область,2011,88.0,1072443.5999999999,234749.0
919,Костромская область,2011,46.0,340472.0,116629.8
920,Курская область,2011,50.0,152632.0,228851.4
921,Липецкая область,2011,82.0,9345930.0,287816.8
922,Московская область,2011,1220.0,710192.6,2176795.3
923,Орловская область,2011,54.0,176604.0,131198.2
924,Рязанская область,2011,84.0,1078030.0,214142.6
925,Смоленская область,2011,68.0,322456.4,180811.5
926,Тамбовская область,2011,9.0,552967.0,173283.1
927,Тверская область,2011,93.0,8971388.0,255073.0
928,Тульская область,2011,187.0,663363.0,279879.3
929,Ярославская область,2011,218.0,661391.78,286967.5
930,г. Москва,2011,908.0,15708853.0,9948772.8
931,Республика Карелия,2011,175.0,2563980.0,154953.7
932,Республика Коми,2011,129.0,1030906.0,435959.3
933,Ненецкий автономный округ,2011,0.2,1019875.0,165431.3
934,Архангельская область,2011,375.0,1823533.0,273685.5
935,Вологодская область,2011,157.0,4547444.08,323067.9
936,Калининградская область,2011,91.0,1215108.2,241004.8
937,Ленинградская область,2011,231.0,2754594.0,581712.0
938,Мурманская область,2011,334.0,1870034.0,263811.7
939,Новгородская область,2011,92.0,293195.96,153419.7
940,Псковская область,2011,45.0,38233.0,100498.5
941,г. Санкт-Петербург,2011,1239.0,16710404.499999998,2091914.3
942,Республика Адыгея (Адыгея),2011,28.0,280030.0,56803.3
943,Республика Калмыкия,2011,33.0,11660.0,29318.7
944,Краснодарский край,2011,920.0,3386060.8,1244652.8
945,Астраханская область,2011,71.0,4505678.0,172616.6
946,Волгоградская область,2011,150.0,1767230.0,508433.3
947,Ростовская область,2011,235.0,437445.4,765967.2
948,Республика Дагестан,2011,78.0,982391.02,330322.8
949,Республика Ингушетия,2011,4.3,0.0,26858.9
950,Кабардино-Балкарская Республика,2011,32.0,791705.0,90594.5
951,Карачаево-Черкесская Республика,2011,47.0,5833.1,49252.1
952,Республика Северная Осетия — Алания,2011,97.0,400209.0,85876.7
954,Ставропольский край,2011,138.0,1700000.0,396791.6
955,Республика Башкортостан,2011,321.0,6943523.340000001,941023.6
956,Республика Марий Эл,2011,57.0,7740.0,97323.3
957,Республика Мордовия,2011,42.0,879473.0,119955.2
958,Республика Татарстан (Татарстан),2011,498.0,8339828.2,1305947.0
959,Удмуртская Республика,2011,127.0,225572.2,335984.0
960,Чувашская Республика — Чувашия,2011,10.0,2533947.0,188785.7
961,Пермский край,2011,397.0,3249624.0,840101.1
962,Кировская область,2011,176.0,855548.0,195269.5
963,Нижегородская область,2011,461.0,2465125.0,770774.0
964,Оренбургская область,2011,132.0,5241975.4,553320.9
965,Пензенская область,2011,108.0,156591.1,213401.2
966,Самарская область,2011,395.0,5187682.9,834149.3
967,Саратовская область,2011,18.0,775009.0,431028.0
968,Ульяновская область,2011,115.0,133835.0,223672.7
969,Курганская область,2011,46.0,1300600.1,136325.1
970,Свердловская область,2011,770.0,7054888.0,1291019.1
971,Ханты-Мансийский автономный округ — Югра,2011,39.0,19737002.42,2440432.6
972,Ямало-Ненецкий автономный округ,2011,39.0,5594323.1,966110.4
973,Тюменская область,2011,104.0,1343856.5999999996,706053.0
974,Челябинская область,2011,836.0,9628687.0,774401.0
975,Республика Алтай,2011,0.3,297540.0,26380.8
976,Республика Тыва,2011,9.0,214231.0,33398.9
977,Республика Хакасия,2011,36.0,706204.0,113088.1
978,Алтайский край,2011,12.0,125760.0,332117.8
979,Красноярский край,2011,448.0,12826362.36,1170827.3
980,Иркутская область,2011,583.0,3420489.0,634561.4
981,Кемеровская область — Кузбасс,2011,661.0,2660189.0,751198.4
982,Новосибирская область,2011,94.0,2189316.1,598563.5
983,Омская область,2011,170.0,1884717.4,451418.8
984,Томская область,2011,26.0,2854774.7600000002,333885.7
985,Республика Бурятия,2011,8.0,905520.9,153624.1
986,Республика Саха (Якутия),2011,87.0,4021328.8,486830.9
987,Забайкальский край,2011,95.0,439763.06,203869.0
988,Камчатский край,2011,38.0,992119.0,114375.9
989,Приморский край,2011,336.0,16074828.0,549722.8
990,Хабаровский край,2011,188.0,2579230.0,399594.2
991,Амурская область,2011,79.0,1610459.0,225401.7
992,Магаданская область,2011,26.0,874662.0,72174.2
993,Сахалинская область,2011,46.0,1729514.0,600247.9
994,Еврейская автономная область,2011,16.0,39171.0,39467.0
995,Чукотский автономный округ,2011,5.0,470255.8,44757.6
996,Белгородская область,2012,70.88,11797337.3,545517.2
997,Брянская область,2012,70.83,77670.0,207397.5
998,Владимирская область,2012,123.74,595677.0,286018.6
999,Воронежская область,2012,131.08,493479.0,563965.4
1000,Ивановская область,2012,96.9,932533.0,136115.0
1001,Калужская область,2012,83.86,1735474.0,285256.6
1002,Костромская область,2012,47.44,118393.0,130840.4
1003,Курская область,2012,45.21,152607.0,248213.1
1004,Липецкая область,2012,86.78,3972573.0,293301.3
1005,Московская область,2012,1214.41,1309293.4,2357081.9
1006,Орловская область,2012,52.84,464213.0,146103.2
1007,Рязанская область,2012,86.13,1079175.0,253881.6
1008,Смоленская область,2012,66.71,681409.6,201817.0
1009,Тамбовская область,2012,41.76,4552367.02,203331.5
1010,Тверская область,2012,90.41,1625581.0,268063.9
1011,Тульская область,2012,184.54,3042659.0,311240.3
1012,Ярославская область,2012,229.0,433229.0,327279.6
1013,г. Москва,2012,928.63,14845044.0,10666870.5
1014,Республика Карелия,2012,177.6,333953.0,160841.5
1015,Республика Коми,2012,119.58,5990182.0,479051.3
1016,Ненецкий автономный округ,2012,0.11,241307.0,157067.1
1017,Архангельская область,2012,364.27,811074.0,315403.8
1018,Вологодская область,2012,154.42,5260851.2,355291.3
1019,Калининградская область,2012,103.05,3038281.88,265361.2
1020,Ленинградская область,2012,238.71,16836047.2,672066.9
1021,Мурманская область,2012,375.84,1330663.0,283846.2
1022,Новгородская область,2012,86.86,468357.33,170605.7
1023,Псковская область,2012,39.79,11655.0,107547.5
1024,г. Санкт-Петербург,2012,1217.52,18016758.0,2280426.0
1025,Республика Адыгея (Адыгея),2012,28.39,668115.85,65300.4
1026,Республика Калмыкия,2012,20.45,828316.0,35897.8
1027,Краснодарский край,2012,891.89,1666389.31,1459490.8
1028,Астраханская область,2012,55.67,23214194.0,209654.4
1029,Волгоградская область,2012,144.43,1239703.0,571516.1
1030,Ростовская область,2012,253.05,564997.2,843560.3
1031,Республика Дагестан,2012,79.38,1691799.8,374710.3
1032,Республика Ингушетия,2012,4.15,0.0,37413.9
1033,Кабардино-Балкарская Республика,2012,29.58,2993485.0,106711.2
1034,Карачаево-Черкесская Республика,2012,45.01,550206.4,58712.1
1035,Республика Северная Осетия — Алания,2012,106.5,703298.0,97448.8
1037,Ставропольский край,2012,131.4,2028250.0,431753.4
1038,Республика Башкортостан,2012,311.23,7425146.99,1149384.6
1039,Республика Марий Эл,2012,51.1,18618.0,117201.1
1040,Республика Мордовия,2012,38.69,559125.0,134315.6
1041,Республика Татарстан (Татарстан),2012,480.0,26748864.8,1437001.0
1042,Удмуртская Республика,2012,117.12,1326940.8,372782.7
1043,Чувашская Республика — Чувашия,2012,10.53,4881707.0,217821.1
1044,Пермский край,2012,406.93,8680333.0,860342.7
1045,Кировская область,2012,170.65,1239078.3,208505.4
1046,Нижегородская область,2012,451.37,5402627.0,842195.5
1047,Оренбургская область,2012,126.68,6168227.9,628563.6
1048,Пензенская область,2012,105.19,50460.0,239962.5
1049,Самарская область,2012,361.51,9097457.0,937434.5
1050,Саратовская область,2012,112.22,1131564.0,478275.8
1051,Ульяновская область,2012,110.48,517909.0,240556.1
1052,Курганская область,2012,42.55,496801.0,146045.5
1053,Свердловская область,2012,712.28,9017467.9,1484879.0
1054,Ханты-Мансийский автономный округ — Югра,2012,40.84,26996854.1,2703558.8
1055,Ямало-Ненецкий автономный округ,2012,33.89,5629791.2,1191271.9
1056,Тюменская область,2012,91.84,3675591.0,730636.8
1057,Челябинская область,2012,743.86,9265550.0,841972.3
1058,Республика Алтай,2012,0.31,243191.7,30444.6
1059,Республика Тыва,2012,8.14,131052.0,37369.1
1060,Республика Хакасия,2012,33.94,748974.0,130638.5
1061,Алтайский край,2012,8.04,849701.0,368995.2
1062,Красноярский край,2012,425.63,15764305.5,1183228.0
1063,Иркутская область,2012,614.26,2194639.0,737971.6
1064,Кемеровская область — Кузбасс,2012,572.06,6830368.0,718320.4
1065,Новосибирская область,2012,112.53,1326264.2,728154.0
1066,Омская область,2012,157.81,4098476.0,491507.6
1067,Томская область,2012,24.19,3356940.52,371472.9
1068,Республика Бурятия,2012,34.56,317124.48,164737.8
1069,Республика Саха (Якутия),2012,81.33,5928762.59,541306.8
1070,Забайкальский край,2012,85.63,1487842.0,223968.8
1071,Камчатский край,2012,31.56,947326.5,127412.7
1072,Приморский край,2012,317.95,40793050.0,557489.3
1073,Хабаровский край,2012,175.52,7959786.0,437994.3
1074,Амурская область,2012,78.02,3924288.0,229407.1
1075,Магаданская область,2012,16.78,2172371.0,78417.9
1076,Сахалинская область,2012,43.75,3105032.0,641886.4
1077,Еврейская автономная область,2012,14.65,471384.62,42743.6
1078,Чукотский автономный округ,2012,5.37,272784.89,45633.9
1079,Белгородская область,2013,71.1,6062674.300000001,569006.4
1080,Брянская область,2013,67.78,282490.0,219502.8
1081,Владимирская область,2013,120.02,592373.0,306641.4
1082,Воронежская область,2013,128.63,1512233.0,611720.4
1083,Ивановская область,2013,88.12,341330.0,158228.7
1084,Калужская область,2013,93.03,4960986.399999999,292841.0
1085,Костромская область,2013,40.54,59809.0,139015.9
1086,Курская область,2013,15.8,114762.0,271542.5
1087,Липецкая область,2013,80.05,4742284.0,315685.4
1088,Московская область,2013,1190.05,5592517.66,2545951.5
1089,Орловская область,2013,54.42,41529.0,164797.0
1090,Рязанская область,2013,85.19,1704469.0,279286.5
1091,Смоленская область,2013,62.06,343760.4,225887.1
1092,Тамбовская область,2013,39.49,3595393.0,236335.9
1093,Тверская область,2013,90.07,114096.0,298669.2
1094,Тульская область,2013,186.83,2210689.0,348034.8
1095,Ярославская область,2013,211.45,836228.0600000002,362861.8
1096,г. Москва,2013,945.77,29906127.0,11814897.4
1097,Республика Карелия,2013,216.74,246130.0,178636.2
1098,Республика Коми,2013,109.47,20692596.0,482329.9
1099,Ненецкий автономный округ,2013,0.13,292813.0,173170.2
1100,Архангельская область,2013,341.03000000000003,3853785.0,326924.9
1101,Вологодская область,2013,147.9,12799362.659999998,346227.6
1102,Калининградская область,2013,102.18,1506342.2499999998,275885.8
1103,Ленинградская область,2013,277.31,14368332.7,678718.3
1104,Мурманская область,2013,333.59,2393880.0,306578.7
1105,Новгородская область,2013,72.64,1672953.93,178818.1
1106,Псковская область,2013,38.84,296020.0,114676.2
1107,г. Санкт-Петербург,2013,1156.9,25279212.699999996,2491423.3
1108,Республика Адыгея (Адыгея),2013,25.78,495441.0,70862.3
1109,Республика Калмыкия,2013,26.25,305048.0,41165.9
1110,Краснодарский край,2013,839.32,1612469.44,1662969.1
1111,Астраханская область,2013,52.4,12483621.8,273917.1
1112,Волгоградская область,2013,141.2,3263657.0,607472.2
1113,Ростовская область,2013,236.4,11225927.0,917689.1
1114,Республика Дагестан,2013,77.33,225798.0,452882.2
1115,Республика Ингушетия,2013,4.06,0.0,45766.7
1116,Кабардино-Балкарская Республика,2013,28.54,4029852.0,110971.5
1117,Карачаево-Черкесская Республика,2013,43.09,811398.2,66106.6
1118,Республика Северная Осетия — Алания,2013,86.92,904201.2,118637.5
1120,Ставропольский край,2013,134.37,1907921.0,480905.3
1121,Республика Башкортостан,2013,305.1,17756662.290000003,1163219.0
1122,Республика Марий Эл,2013,55.43,1865.94,125950.2
1123,Республика Мордовия,2013,35.15,105926.0,148705.7
1124,Республика Татарстан (Татарстан),2013,466.64,33755583.599999994,1551472.1
1125,Удмуртская Республика,2013,112.19,1089383.2999999998,405126.4
1126,Чувашская Республика — Чувашия,2013,9.95,1374803.11,223147.9
1127,Пермский край,2013,410.46,11233623.0,880264.4
1128,Кировская область,2013,169.13,511560.0,224152.3
1129,Нижегородская область,2013,524.59,5835660.0,925182.0
1130,Оренбургская область,2013,120.13,8469040.700000001,717014.8
1131,Пензенская область,2013,100.45,220270.0,270436.8
1132,Самарская область,2013,350.97,13654764.0,1048545.8
1133,Саратовская область,2013,83.75,644312.0,526178.9
1134,Ульяновская область,2013,105.41,491512.10000000003,265288.7
1135,Курганская область,2013,39.79,715600.0,167037.9
1136,Свердловская область,2013,686.78,12258076.299999999,1568655.2
1137,Ханты-Мансийский автономный округ — Югра,2013,77.61,24395945.0,2729122.4
1138,Ямало-Ненецкий автономный округ,2013,24.69,3900555.0,1375878.8
1139,Тюменская область,2013,82.04,12275177.0,845206.2
1140,Челябинская область,2013,712.77,8309695.0,882339.6
1141,Республика Алтай,2013,0.24,246150.08000000002,33313.5
1142,Республика Тыва,2013,7.47,1286.0,41298.7
1143,Республика Хакасия,2013,30.41,405349.5,141850.5
1144,Алтайский край,2013,8.07,1543854.0,416110.3
1145,Красноярский край,2013,391.11,19709912.5,1256934.1
1146,Иркутская область,2013,537.89,7505915.090000002,805197.5
1147,Кемеровская область — Кузбасс,2013,597.91,6019803.199999999,667950.5
1148,Новосибирская область,2013,114.65,2178938.32,817516.7
1149,Омская область,2013,158.98,2181125.5,551734.0
1150,Томская область,2013,26.57,5986428.0600000005,402562.1
1151,Республика Бурятия,2013,32.47,527117.7,176888.9
1152,Республика Саха (Якутия),2013,75.63,15394451.980000004,570284.7
1153,Забайкальский край,2013,35.49,2844391.0,229239.4
1154,Камчатский край,2013,28.89,1083003.0,133364.0
1155,Приморский край,2013,284.84,2595486.0,577473.9
1156,Хабаровский край,2013,177.9,21164769.0,498067.2
1157,Амурская область,2013,76.97,2994667.0,210700.9
1158,Магаданская область,2013,16.26,2051202.0,88905.9
1159,Сахалинская область,2013,32.91,3628684.0,671743.6
1160,Еврейская автономная область,2013,14.0,130813.7,38428.7
1161,Чукотский автономный округ,2013,4.9,637023.9499999998,44466.9
1162,Белгородская область,2014,66.83,3454582.6999999997,619677.7
1163,Брянская область,2014,61.56,7165.0,242722.4
1164,Владимирская область,2014,110.49,540583.0,328064.2
1165,Воронежская область,2014,121.91,3937024.6400000006,717667.2
1166,Ивановская область,2014,82.22,203440.0,151876.8
1167,Калужская область,2014,89.54,4824462.699999999,326459.5
1168,Костромская область,2014,37.06,154313.0,146731.5
1169,Курская область,2014,14.44,233480.0,298287.3
1170,Липецкая область,2014,79.09,7444498.0,398464.5
1171,Московская область,2014,1121.91,2219329.2,2742886.1
1172,Орловская область,2014,54.22,1092247.5999999999,178822.5
1173,Рязанская область,2014,81.14,888889.0,295611.7
1174,Смоленская область,2014,57.57,968797.2000000001,234710.1
1175,Тамбовская область,2014,37.95,2186909.0,285656.5
1176,Тверская область,2014,85.51,415069.7,316613.2
1177,Тульская область,2014,171.08,1106998.0,411122.3
1178,Ярославская область,2014,192.96,1439233.3,391462.8
1179,г. Москва,2014,862.86,34752228.0,12779525.7
1180,Республика Карелия,2014,219.73,825975.6,191192.1
1181,Республика Коми,2014,110.64,26269696.0,484166.5
1182,Ненецкий автономный округ,2014,0.01,1180497.0,187009.8
1183,Архангельская область,2014,335.86,2018957.0,355685.5
1184,Вологодская область,2014,137.38,12648844.889999999,387211.7
1185,Калининградская область,2014,102.82,1015626.9800000001,314088.3
1186,Ленинградская область,2014,267.25,68591844.48,703325.6
1187,Мурманская область,2014,331.01,6218503.0,328291.8
1188,Новгородская область,2014,74.33,917873.1300000001,209304.4
1189,Псковская область,2014,36.96,101951.4,123825.6
1190,г. Санкт-Петербург,2014,1057.92,15021383.1,2661210.0
1191,Республика Адыгея (Адыгея),2014,24.42,1037910.0,75622.5
1192,Республика Калмыкия,2014,14.25,458800.0,46680.6
1193,Краснодарский край,2014,832.89,11966143.93,1784833.5
1194,Астраханская область,2014,50.15,1075159.78,296319.3
1195,Волгоградская область,2014,122.62,17239560.0,715409.6
1196,Ростовская область,2014,262.16,14889581.960000003,1007758.8
1197,Республика Дагестан,2014,77.74,41407.49999999999,528131.3
1198,Республика Ингушетия,2014,3.83,776088.0,51908.2
1199,Кабардино-Балкарская Республика,2014,29.01,1417800.0,116886.0
1200,Карачаево-Черкесская Республика,2014,41.4,679293.0,65326.6
1201,Республика Северная Осетия — Алания,2014,83.62,528354.0,125960.5
1203,Ставропольский край,2014,132.24,5634894.0,540796.8
1204,Республика Башкортостан,2014,297.86,22224236.81,1260010.4
1205,Республика Марий Эл,2014,49.75,7800.0,143396.1
1206,Республика Мордовия,2014,33.78,640641.0,173872.7
1207,Республика Татарстан (Татарстан),2014,439.42,16197738.099999998,1661413.8
1208,Удмуртская Республика,2014,116.07,968331.72,450548.9
1209,Чувашская Республика — Чувашия,2014,8.98,3224027.0,237447.2
1210,Пермский край,2014,397.81,77161378.0,974192.9
1211,Кировская область,2014,146.31,497199.7,254089.4
1212,Нижегородская область,2014,396.93,8428897.0,1009460.1
1213,Оренбургская область,2014,115.91,9820541.0,731277.7
1214,Пензенская область,2014,95.43,115090.0,295238.7
1215,Самарская область,2014,346.47,20342535.0,1149147.8
1216,Саратовская область,2014,16.51,1959559.0,566646.1
1217,Ульяновская область,2014,100.45,710095.2,278808.2
1218,Курганская область,2014,38.54,627518.01,170310.3
1219,Свердловская область,2014,667.0,21383667.27,1659783.9
1220,Ханты-Мансийский автономный округ — Югра,2014,545.07,16738264.0,2860498.9
1221,Ямало-Ненецкий автономный округ,2014,22.42,9764715.0,1633382.2
1222,Тюменская область,2014,88.71,15298034.0,801467.4
1223,Челябинская область,2014,678.92,12349776.0,993900.6
1224,Республика Алтай,2014,0.35,328874.98,39191.9
1225,Республика Тыва,2014,7.4,570.0,45947.9
1226,Республика Хакасия,2014,30.16,519203.0,158372.8
1227,Алтайский край,2014,10.73,586894.0,446023.8
1228,Красноярский край,2014,366.69,25424580.069999997,1410719.9
1229,Иркутская область,2014,499.98,5869394.0,916317.5
1230,Кемеровская область — Кузбасс,2014,478.26,10415928.799999997,752024.0
1231,Новосибирская область,2014,109.35,3697620.4500000007,911219.0
1232,Омская область,2014,151.79,5395110.400000001,602605.1
1233,Томская область,2014,26.28,5408639.53,430266.8
1234,Республика Бурятия,2014,37.89,1752556.37,186492.9
1235,Республика Саха (Якутия),2014,78.95,15299240.290000003,658140.4
1236,Забайкальский край,2014,30.76,1245670.5999999999,234840.8
1237,Камчатский край,2014,25.77,974676.74,145761.3
1238,Приморский край,2014,290.4,4293790.0,642423.0
1239,Хабаровский край,2014,167.26,5501180.0,539338.4
1240,Амурская область,2014,44.62,1359580.0,232053.0
1241,Магаданская область,2014,14.25,2245064.0,96936.8
1242,Сахалинская область,2014,30.22,3611845.1300000004,799165.4
1243,Еврейская автономная область,2014,12.89,15240.36,41948.1
1244,Чукотский автономный округ,2014,4.86,450153.36999999994,57751.3
1245,Белгородская область,2015,61.46,7141368.36,693379.4
1246,Брянская область,2015,57.6,0.0,271782.5
1247,Владимирская область,2015,108.55,541132.2699999999,368489.2
1248,Воронежская область,2015,117.13,3593616.8,805969.6
1249,Ивановская область,2015,70.25,49647.0,180517.5
1250,Калужская область,2015,86.42,5491622.6,339760.8
1251,Костромская область,2015,36.41,50182.0,160579.8
1252,Курская область,2015,36.06,74191.0,336999.4
1253,Липецкая область,2015,75.74,12251771.0,448994.3
1254,Московская область,2015,1077.78,1703660.7,3180924.6
1255,Орловская область,2015,51.26,502637.9,208237.9
1256,Рязанская область,2015,82.26,717454.23,323131.8
1257,Смоленская область,2015,58.45,812825.61,256706.8
1258,Тамбовская область,2015,41.37,2472225.0,317213.7
1259,Тверская область,2015,83.59,519540.5,329616.0
1260,Тульская область,2015,163.75,1849854.0,477537.8
1261,Ярославская область,2015,201.38,1788028.7999999998,443054.1
1262,г. Москва,2015,817.79,35819967.0,13520862.9
1263,Республика Карелия,2015,205.65,428642.80000000005,212049.5
1264,Республика Коми,2015,117.26,35775324.0,528403.4
1265,Ненецкий автономный округ,2015,0.01,1075468.0,227193.5
1266,Архангельская область,2015,329.79,2900104.4,400504.6
1267,Вологодская область,2015,145.08,4901474.8,478893.0
1268,Калининградская область,2015,106.74,3612656.0,349818.6
1269,Ленинградская область,2015,269.17,1366673.0000000002,849616.6
1270,Мурманская область,2015,328.28,13020801.0,401582.7
1271,Новгородская область,2015,76.31,3408930.8199999994,234075.7
1272,Псковская область,2015,35.39,80886.0,135239.5
1273,г. Санкт-Петербург,2015,1023.36,24101825.599999994,3387417.7
1274,Республика Адыгея (Адыгея),2015,25.78,558549.0,84306.0
1275,Республика Калмыкия,2015,12.1,31367.6,51958.5
1276,Краснодарский край,2015,857.77,5100720.219999999,1933512.1
1277,Астраханская область,2015,40.74,1975977.4000000001,322303.0
1278,Волгоградская область,2015,104.21,19815471.0,740458.0
1279,Ростовская область,2015,238.38,9161777.649999999,1189144.0
1280,Республика Дагестан,2015,79.28,211632.2,569297.3
1281,Республика Ингушетия,2015,2.19,0.0,50091.0
1282,Кабардино-Балкарская Республика,2015,28.34,1262779.2,120528.79999999999
1283,Карачаево-Черкесская Республика,2015,41.58,0.0,67482.7
1284,Республика Северная Осетия — Алания,2015,87.65,372996.9,126051.2
1286,Ставропольский край,2015,123.41,1988269.0,621198.3
1287,Республика Башкортостан,2015,277.11,26807308.919999998,1316598.3
1288,Республика Марий Эл,2015,49.07,738.4,171689.5
1289,Республика Мордовия,2015,29.6,1797759.0,180352.3
1290,Республика Татарстан (Татарстан),2015,382.48,32698477.799999997,1867258.7
1291,Удмуртская Республика,2015,133.26,1085655.0000000002,517999.8
1292,Чувашская Республика — Чувашия,2015,37.49,2830409.67,251307.0
1293,Пермский край,2015,382.97,53092993.0,1063780.3
1294,Кировская область,2015,131.93,661281.6199999999,282191.0
1295,Нижегородская область,2015,389.6,2481988.0,1104643.2
1296,Оренбургская область,2015,109.48,6894973.2,774962.1
1297,Пензенская область,2015,92.02,934164.7,343328.6
1298,Самарская область,2015,366.27,20620343.709999997,1264910.3
1299,Саратовская область,2015,12.85,1142504.0,625176.9
1300,Ульяновская область,2015,121.9,795839.0,304479.1
1301,Курганская область,2015,37.86,52784.299999999996,179436.3
1302,Свердловская область,2015,660.18,22262871.700000003,1822835.0
1303,Ханты-Мансийский автономный округ — Югра,2015,462.99,21300434.0,3154058.7
1304,Ямало-Ненецкий автономный округ,2015,23.1,18681889.0,1791825.6
1305,Тюменская область,2015,86.63000000000002,4318199.0,905673.4999999995
1306,Челябинская область,2015,725.4,11816556.0,1209242.7
1307,Республика Алтай,2015,0.39,217665.86000000002,42165.7
1308,Республика Тыва,2015,9.04,0.0,47289.6
1309,Республика Хакасия,2015,28.93,338087.1,170413.1
1310,Алтайский край,2015,16.24,718792.0,487903.3
1311,Красноярский край,2015,327.23,41538712.190000005,1667041.1
1312,Иркутская область,2015,507.01,7993022.0,1001717.6
1313,Кемеровская область — Кузбасс,2015,462.13,8508850.0,843345.4
1314,Новосибирская область,2015,106.96,5032847.73,1021642.9
1315,Омская область,2015,139.41,5845575.200000001,618127.7
1316,Томская область,2015,23.65,7942134.98,471456.7
1317,Республика Бурятия,2015,39.23,846556.3999999999,202823.4
1318,Республика Саха (Якутия),2015,85.43,13600314.65,747601.7
1319,Забайкальский край,2015,35.44,1375378.0,247666.2
1320,Камчатский край,2015,25.43,170630.54,175404.8
1321,Приморский край,2015,290.92,6736541.0,717609.9
1322,Хабаровский край,2015,171.19,9077915.0,595792.3
1323,Амурская область,2015,72.77,1615146.0,277380.4
1324,Магаданская область,2015,12.92,2364114.0,125798.3
1325,Сахалинская область,2015,28.82,6547007.6,837495.2
1326,Еврейская автономная область,2015,13.58,19199.32,44554.8
1327,Чукотский автономный округ,2015,4.07,114119.92000000001,61735.5
1328,Белгородская область,2016,73.64,2425641.0,778027.8
1329,Брянская область,2016,57.92,0.0,316489.4
1330,Владимирская область,2016,108.81,361733.33,431549.8
1331,Воронежская область,2016,121.62,2370531.0,827928.6
1332,Ивановская область,2016,69.12,111534.0,205818.6
1333,Калужская область,2016,84.02,1258572.7,409462.3
1334,Костромская область,2016,35.79,103546.31999999999,170225.1
1335,Курская область,2016,36.4,147676.0,379011.3
1336,Липецкая область,2016,83.03,14379306.0,501263.5
1337,Московская область,2016,1066.87,800852.3999999999,4206506.0
1338,Орловская область,2016,52.25,152463.01,228583.1
1339,Рязанская область,2016,79.51,570738.0,366211.3
1340,Смоленская область,2016,58.65,535457.8799999999,283725.5
1341,Тамбовская область,2016,40.77,1583670.0,320623.4
1342,Тверская область,2016,77.99,540784.0,397438.9
1343,Тульская область,2016,161.24,1846024.0,552308.4
1344,Ярославская область,2016,179.24,1908729.3100000005,498880.3
1345,г. Москва,2016,824.76,69432479.0,15121534.2
1346,Республика Карелия,2016,221.23,624804.44,248140.4
1347,Республика Коми,2016,110.11,26704787.299999997,578649.1
1348,Ненецкий автономный округ,2016,0.41,1558977.0,261772.5
1349,Архангельская область,2016,328.66,3550139.6999999997,451271.4
1350,Вологодская область,2016,147.1,5814611.57,509931.7
1351,Калининградская область,2016,111.06,1691740.0,417094.9
1352,Ленинградская область,2016,272.18,49541797.39999999,953668.3
1353,Мурманская область,2016,319.78,3813838.0,467006.5
1354,Новгородская область,2016,77.98,750962.81,253056.8
1355,Псковская область,2016,37.18,75252.0,159206.1
1356,г. Санкт-Петербург,2016,1093.18,28672258.999999996,4099939.7
1357,Республика Адыгея (Адыгея),2016,25.51,399550.5,101102.7
1358,Республика Калмыкия,2016,14.91,149306.19999999998,69564.2
1359,Краснодарский край,2016,900.88,2801736.3600000003,2257074.5
1360,Астраханская область,2016,51.16,858602.58,368485.4
1361,Волгоградская область,2016,104.7,12007132.2,825586.5
1362,Ростовская область,2016,252.66,1842788.2600000002,1375107.4
1363,Республика Дагестан,2016,76.92,62525.4,617587.6
1364,Республика Ингушетия,2016,2.57,41538.0,58141.5
1365,Кабардино-Балкарская Республика,2016,29.39,471936.0,152970.8
1366,Карачаево-Черкесская Республика,2016,41.92,1063707.18,78521.1
1367,Республика Северная Осетия — Алания,2016,87.74,443680.5,148810.1
1369,Ставропольский край,2016,125.36,2955004.0,712594.5
1370,Республика Башкортостан,2016,283.24,41201491.32000001,1421517.6
1371,Республика Марий Эл,2016,48.15,35783.399999999994,170890.5
1372,Республика Мордовия,2016,29.92,1209540.6,223297.80000000002
1373,Республика Татарстан (Татарстан),2016,325.21,19073694.0,2058139.9
1374,Удмуртская Республика,2016,109.47,1809858.16,570254.8
1375,Чувашская Республика — Чувашия,2016,36.99,953698.8,284659.1
1376,Пермский край,2016,357.78,9698540.599999998,1147634.0
1377,Кировская область,2016,127.28,1342374.5200000003,313533.8
1378,Нижегородская область,2016,377.14,2463752.0,1282751.7
1379,Оренбургская область,2016,107.54,6962746.470000002,814765.4
1380,Пензенская область,2016,93.88,350774.0,358258.2
1381,Самарская область,2016,367.56,9920619.0,1364822.2
1382,Саратовская область,2016,13.0,560872.48,700848.6
1383,Ульяновская область,2016,124.94,258759.2,366954.7
1384,Курганская область,2016,37.97,123313.16,202100.4
1385,Свердловская область,2016,616.63,11301037.799999999,2109619.1
1386,Ханты-Мансийский автономный округ — Югра,2016,891.4,11457052.0,3130196.4
1387,Ямало-Ненецкий автономный округ,2016,32.14,19170058.0,2028234.6
1388,Тюменская область,2016,86.0,4545893.0,967530.8
1389,Челябинская область,2016,692.54,15845192.0,1332761.4
1390,Республика Алтай,2016,0.38,653538.0,47434.9
1391,Республика Тыва,2016,12.35,0.0,58001.1
1392,Республика Хакасия,2016,24.05,1114144.0,207742.6
1393,Алтайский край,2016,18.05,1009642.0,532401.5
1394,Красноярский край,2016,313.28,37959950.13,1821899.9
1395,Иркутская область,2016,514.27,9242866.95,1139206.8
1396,Кемеровская область — Кузбасс,2016,443.99,7281310.0,903348.9
1397,Новосибирская область,2016,96.91,1953224.16,1074794.7
1398,Омская область,2016,135.85,2496584.0999999996,669480.4
1399,Томская область,2016,23.09,8975510.769999998,521043.5
1400,Республика Бурятия,2016,38.06,1645575.0,220764.6
1401,Республика Саха (Якутия),2016,49.73,12699488.1,889449.3
1402,Забайкальский край,2016,34.18,2440299.0,279140.7
1403,Камчатский край,2016,22.74,1033989.1,224091.0
1404,Приморский край,2016,275.68,2705843.0,860803.6
1405,Хабаровский край,2016,172.24,4080685.0,672660.4
1406,Амурская область,2016,73.77,1698224.0,297531.0
1407,Магаданская область,2016,13.6,896178.0,153879.8
1408,Сахалинская область,2016,33.97,5737787.0600000005,762510.3
1409,Еврейская автономная область,2016,13.53,289034.54999999993,48563.2
1410,Чукотский автономный округ,2016,3.16,538866.8,72174.1
1411,Белгородская область,2017,70.54,2800955.38,837306.8
1412,Брянская область,2017,55.12,0.0,341177.8
1413,Владимирская область,2017,104.52,458036.9,449849.2
1414,Воронежская область,2017,119.2,3977809.1999999997,873429.4
1415,Ивановская область,2017,68.69,10890.0,212464.7
1416,Калужская область,2017,72.4,3037487.999999999,457052.5
1417,Костромская область,2017,35.38,77212.18000000001,178485.6
1418,Курская область,2017,38.3,317837.0,404759.8
1419,Липецкая область,2017,76.83,6876379.0,522266.2
1420,Московская область,2017,1035.69,6694015.799999999,4290261.2
1421,Орловская область,2017,51.73,760641.7000000001,231118.4
1422,Рязанская область,2017,75.66,1375118.2,395276.9
1423,Смоленская область,2017,59.11,27249.64,313615.8
1424,Тамбовская область,2017,44.79,3059262.0,320572.4
1425,Тверская область,2017,77.76,329119.0,420671.5
1426,Тульская область,2017,160.15,2978843.46,594407.6
1427,Ярославская область,2017,177.8,1825997.21,534549.7
1428,г. Москва,2017,844.57,52429253.0,16538189.5
1429,Республика Карелия,2017,220.83,431382.2200000001,270802.5
1430,Республика Коми,2017,262.24,19298151.18,608574.5
1431,Ненецкий автономный округ,2017,0.31,4650126.0,265790.9
1432,Архангельская область,2017,325.0,9077923.0,493415.6
1433,Вологодская область,2017,157.41,7380560.930000001,542663.4
1434,Калининградская область,2017,111.12,1544723.0,446677.6
1435,Ленинградская область,2017,334.06,31039378.0,1002543.3
1436,Мурманская область,2017,317.91,4450006.0,479352.8
1437,Новгородская область,2017,28.47,1525385.4999999995,256165.8
1438,Псковская область,2017,37.06,5251.0,165858.1
1439,г. Санкт-Петербург,2017,977.33,24459274.0,4283036.300000001
1440,Республика Адыгея (Адыгея),2017,23.15,821118.0,109714.5
1441,Республика Калмыкия,2017,14.9,13146.35,80126.9
1442,Краснодарский край,2017,765.93,1886815.2599999998,2422752.7
1443,Астраханская область,2017,48.54,734865.4099999999,442608.8
1444,Волгоградская область,2017,89.2,3914853.2,850263.7
1445,Ростовская область,2017,217.88,3905094.4,1441723.3
1446,Республика Дагестан,2017,71.91,73289.0,639513.2999999999
1447,Республика Ингушетия,2017,2.72,252000.0,60855.8
1448,Кабардино-Балкарская Республика,2017,29.28,0.0,155221.80000000002
1449,Карачаево-Черкесская Республика,2017,42.23,142672.39999999997,82765.6
1450,Республика Северная Осетия — Алания,2017,86.39,886624.0,152526.4
1452,Ставропольский край,2017,125.29,1956679.0,735609.5
1453,Республика Башкортостан,2017,259.98,25085742.689999998,1487892.2
1454,Республика Марий Эл,2017,45.07,89679.4,178193.2
1455,Республика Мордовия,2017,26.45,2726703.0,236090.8
1456,Республика Татарстан (Татарстан),2017,319.71,20199947.0,2264655.8
1457,Удмуртская Республика,2017,85.76,1195292.26,592037.6
1458,Чувашская Республика — Чувашия,2017,33.11,961636.4700000001,296505.8
1459,Пермский край,2017,317.13,7280486.4,1245826.9
1460,Кировская область,2017,85.94,1023540.72,331754.4
1461,Нижегородская область,2017,369.9,2457780.0,1387920.9
1462,Оренбургская область,2017,105.15,4448371.000000001,872857.1
1463,Пензенская область,2017,92.69,374395.0,376076.2
1464,Самарская область,2017,399.13,14254888.0,1449005.7
1465,Саратовская область,2017,9.68,5268408.5600000005,728946.4
1466,Ульяновская область,2017,101.19,621954.0,374827.9
1467,Курганская область,2017,36.09,526505.76,209985.5
1468,Свердловская область,2017,586.2,11110622.329999998,2259526.0
1469,Ханты-Мансийский автономный округ — Югра,2017,86.21,11935067.0,3557367.1
1470,Ямало-Ненецкий автономный округ,2017,31.06,52406040.0,2456293.7
1471,Тюменская область,2017,84.0,7525544.0,1083409.4
1472,Челябинская область,2017,691.3,16300824.0,1416613.3
1473,Республика Алтай,2017,0.32,847814.0,48415.2
1474,Республика Тыва,2017,5.62,9350.0,65038.9
1475,Республика Хакасия,2017,24.19,943099.0299999998,218148.4
1476,Алтайский край,2017,17.34,177158.59999999998,545303.0
1477,Красноярский край,2017,308.33,36270629.690000005,1977016.1
1478,Иркутская область,2017,524.49,17537491.22,1268311.7
1479,Кемеровская область — Кузбасс,2017,432.77,15136475.0,1097861.0
1480,Новосибирская область,2017,94.01,2377510.51,1179564.2
1481,Омская область,2017,129.88,25877359.0,699716.5
1482,Томская область,2017,22.77,3651025.3100000005,554393.9
1483,Республика Бурятия,2017,34.53,721618.8,224594.1
1484,Республика Саха (Якутия),2017,48.18,25027561.69,942029.6
1485,Забайкальский край,2017,45.35,3368496.5999999996,306596.5
1486,Камчатский край,2017,27.24,448418.29000000004,228167.2
1487,Приморский край,2017,268.25,4280680.0,906265.0
1488,Хабаровский край,2017,171.31,6879111.0,697951.0
1489,Амурская область,2017,67.38,3202654.0,299181.0
1490,Магаданская область,2017,14.51,2363904.0,161851.2
1491,Сахалинская область,2017,33.08,6992982.700000001,784503.4
1492,Еврейская автономная область,2017,13.54,1148806.0,55268.0
1493,Чукотский автономный округ,2017,3.05,1646837.0,72873.8
1494,Белгородская область,2018,70.46,5058783.0,911597.9
1495,Брянская область,2018,53.78,0.0,367157.1
1496,Владимирская область,2018,98.55,347368.0,480027.8
1497,Воронежская область,2018,118.82,6695649.0,951292.3
1498,Ивановская область,2018,60.49,273475.0,232493.6
1499,Калужская область,2018,71.49,5200372.0,507632.2
1500,Костромская область,2018,33.91,352523.0,191812.9
1501,Курская область,2018,35.93,271245.0,451000.5
1502,Липецкая область,2018,69.34,15397440.0,604396.2
1503,Московская область,2018,956.19,2552089.0,4644635.0
1504,Орловская область,2018,56.62,300703.0,247105.5
1505,Рязанская область,2018,74.5,405444.0,416183.2
1506,Смоленская область,2018,54.4,31180.0,335059.9
1507,Тамбовская область,2018,44.66,1141143.0,352202.6
1508,Тверская область,2018,73.58,347074.0,471065.5
1509,Тульская область,2018,155.95,4969350.0,666763.0
1510,Ярославская область,2018,173.63,2372085.0,583605.3
1511,г. Москва,2018,854.59,37150982.0,18777726.0
1512,Республика Карелия,2018,180.2,146492.0,300977.1
1513,Республика Коми,2018,266.85,31109899.0,696242.2
1514,Ненецкий автономный округ,2018,0.42,1098524.0,320405.7
1515,Архангельская область,2018,322.78,2531498.0,545317.6
1516,Вологодская область,2018,128.84,2867325.0,615647.7
1517,Калининградская область,2018,100.27,1495905.0,493302.4
1518,Ленинградская область,2018,329.25,32036700.0,1147644.4
1519,Мурманская область,2018,297.86,45708948.0,521051.5
1520,Новгородская область,2018,26.43,1165489.0,259255.8
1521,Псковская область,2018,33.6,1184.0,180730.3
1522,г. Санкт-Петербург,2018,897.12,26662425.0,4785218.6
1523,Республика Адыгея (Адыгея),2018,24.66,146337.0,119961.8
1524,Республика Калмыкия,2018,13.87,18808.0,86107.1
1525,Краснодарский край,2018,718.03,1969187.0,2499915.5
1526,Астраханская область,2018,49.09,351388.0,579210.0
1527,Волгоградская область,2018,84.29,5890381.0,927811.7
1528,Ростовская область,2018,199.43,3066697.0,1548222.9
1529,Республика Дагестан,2018,71.48,8925.0,676060.8
1530,Республика Ингушетия,2018,2.84,69900.0,67468.2
1531,Кабардино-Балкарская Республика,2018,30.85,0.0,161577.5
1532,Карачаево-Черкесская Республика,2018,44.85,6366.0,85737.9
1533,Республика Северная Осетия — Алания,2018,92.17,988250.0,161092.7
1535,Ставропольский край,2018,173.27,3110119.0,784045.7
1536,Республика Башкортостан,2018,243.33,20278741.0,1739362.9
1537,Республика Марий Эл,2018,48.08,2111659.0,192690.3
1538,Республика Мордовия,2018,27.05,1110593.0,245675.6
1539,Республика Татарстан (Татарстан),2018,296.19,24161549.0,2622773.9
1540,Удмуртская Республика,2018,93.1,931038.0,679938.9
1541,Чувашская Республика — Чувашия,2018,83.99,1196739.0,316622.9
1542,Пермский край,2018,211.96,12553576.0,1422704.6
1543,Кировская область,2018,79.04,1025409.0,353265.5
1544,Нижегородская область,2018,363.24,6499686.0,1502156.2
1545,Оренбургская область,2018,102.13,4055922.0,1058504.8
1546,Пензенская область,2018,92.35,899037.0,411028.7
1547,Самарская область,2018,389.19,6047542.0,1625558.7
1548,Саратовская область,2018,95.35,1941010.0,773838.6
1549,Ульяновская область,2018,93.78,213259.0,386675.4
1550,Курганская область,2018,33.18,664755.0,215589.9
1551,Свердловская область,2018,559.77,15440439.0,2423689.4
1552,Ханты-Мансийский автономный округ — Югра,2018,83.97,7787591.0,4506739.7
1553,Ямало-Ненецкий автономный округ,2018,29.32,22929709.0,3051613.1
1554,Тюменская область,2018,82.6,3797546.0,1316650.9
1555,Челябинская область,2018,647.02,31922754.0,1521325.4
1556,Республика Алтай,2018,0.31,376546.0,54069.4
1557,Республика Тыва,2018,6.67,18632.0,73681.6
1558,Республика Хакасия,2018,32.65,473175.0,242341.1
1559,Алтайский край,2018,17.33,1499996.0,579740.5
1560,Красноярский край,2018,304.71,27320992.0,2374749.9
1561,Иркутская область,2018,527.65,17876231.0,1460512.2
1562,Кемеровская область — Кузбасс,2018,355.07,14139076.0,1266424.5
1563,Новосибирская область,2018,88.9,2018217.0,1301631.1
1564,Омская область,2018,130.46,16571377.0,736076.8
1565,Томская область,2018,24.15,2163242.0,612431.7
1566,Республика Бурятия,2018,34.64,1347824.0,258578.6
1567,Республика Саха (Якутия),2018,56.8,38796333.0,1126774.7
1568,Забайкальский край,2018,51.62,8672090.0,339838.9
1569,Камчатский край,2018,27.28,348179.0,263151.3
1570,Приморский край,2018,265.95,4185702.0,965485.2
1571,Хабаровский край,2018,189.82,9182240.0,761589.2
1572,Амурская область,2018,66.82,3662197.0,334164.4
1573,Магаданская область,2018,11.14,739736.0,176370.6
1574,Сахалинская область,2018,24.91,302380.0,1233164.7
1575,Еврейская автономная область,2018,10.72,221790.0,54577.8
1576,Чукотский автономный округ,2018,3.02,543841.0,83422.6
1577,Белгородская область,2019,68.84,2375615.0,955329.2
1578,Брянская область,2019,50.75,0.0,399113.8
1579,Владимирская область,2019,94.42,1490744.0,535493.4
1580,Воронежская область,2019,119.24,1095666.0,1001790.3
1581,Ивановская область,2019,60.9,2643867.0,254968.9
1582,Калужская область,2019,71.36,2110358.0,549755.8
1583,Костромская область,2019,35.23,142542.0,203821.4
1584,Курская область,2019,35.57,217208.0,495864.4
1585,Липецкая область,2019,75.5,8780553.0,570022.9
1586,Московская область,2019,870.35,1768374.0,5196136.4
1587,Орловская область,2019,46.51,550915.0,266655.6
1588,Рязанская область,2019,74.69,283197.0,436417.7
1589,Смоленская область,2019,46.18,352877.0,349237.6
1590,Тамбовская область,2019,42.99,1275887.0,353745.5
1591,Тверская область,2019,68.34,0.0,488367.5
1592,Тульская область,2019,153.54,264435.0,676822.6
1593,Ярославская область,2019,169.01,4670890.0,609150.8
1594,г. Москва,2019,819.87,35826989.0,19797064.3
1595,Республика Карелия,2019,222.1,97971.0,319050.0
1596,Республика Коми,2019,268.62,16926605.0,718138.7
1597,Ненецкий автономный округ,2019,0.12,312068.0,330999.0
1598,Архангельская область,2019,322.87,2075759.0,558975.4
1599,Вологодская область,2019,78.45,4875530.0,632759.5
1600,Калининградская область,2019,106.85,90223.0,520951.2
1601,Ленинградская область,2019,302.19,25291040.0,1223679.6
1602,Мурманская область,2019,266.47,67787982.0,616504.1
1603,Новгородская область,2019,25.4,1606681.0,273808.0
1604,Псковская область,2019,35.09,38974.0,196625.3
1605,г. Санкт-Петербург,2019,920.33,13004495.0,5186129.3
1606,Республика Адыгея (Адыгея),2019,23.46,0.0,131125.8
1607,Республика Калмыкия,2019,18.24,49530.0,88986.9
1608,Краснодарский край,2019,732.17,1458142.0,2577131.1
1609,Астраханская область,2019,36.39,2364872.0,601811.2
1610,Волгоградская область,2019,85.25,8825949.0,963214.4
1611,Ростовская область,2019,203.24,1328393.0,1636017.5
1612,Республика Дагестан,2019,73.25,0.0,713723.6
1613,Республика Ингушетия,2019,2.73,751900.0,73791.6
1614,Кабардино-Балкарская Республика,2019,30.69,0.0,171544.7
1615,Карачаево-Черкесская Республика,2019,43.03,0.0,91430.0
1616,Республика Северная Осетия — Алания,2019,89.78,0.0,173459.4
1618,Ставропольский край,2019,159.1,2542768.0,829223.9
1619,Республика Башкортостан,2019,236.02,14346571.0,1803321.7
1620,Республика Марий Эл,2019,49.59,1024183.0,203282.1
1621,Республика Мордовия,2019,5.5,2140287.0,262760.6
1622,Республика Татарстан (Татарстан),2019,286.14,28779024.0,2808753.3
1623,Удмуртская Республика,2019,93.05,1306073.0,722846.0
1624,Чувашская Республика — Чувашия,2019,72.7,769833.0,339490.4
1625,Пермский край,2019,209.51,11233509.0,1496401.4
1626,Кировская область,2019,110.57,2101338.0,370472.6
1627,Нижегородская область,2019,312.66,6043753.0,1617171.7
1628,Оренбургская область,2019,95.9,2576082.0,1106329.3
1629,Пензенская область,2019,90.54,201060.0,448521.1
1630,Самарская область,2019,366.19,13240839.0,1689575.4
1631,Саратовская область,2019,98.28,681587.0,809822.6
1632,Ульяновская область,2019,94.03,134860.0,424995.6
1633,Курганская область,2019,31.79,1537889.0,236825.8
1634,Свердловская область,2019,566.42,23835206.0,2535215.0
1635,Ханты-Мансийский автономный округ — Югра,2019,83.12,13565306.0,4558879.8
1636,Ямало-Ненецкий автономный округ,2019,29.02,29618308.0,3158827.6
1637,Тюменская область,2019,84.79,3340385.0,1234753.1
1638,Челябинская область,2019,230.05,20004319.0,1547518.0
1639,Республика Алтай,2019,0.33,265133.0,57064.0
1640,Республика Тыва,2019,8.17,20381.0,79321.3
1641,Республика Хакасия,2019,28.31,520043.0,256322.3
1642,Алтайский край,2019,32.27,737426.0,628146.1
1643,Красноярский край,2019,317.81,24181081.0,2696158.9
1644,Иркутская область,2019,510.05,28730698.0,1540237.8
1645,Кемеровская область — Кузбасс,2019,300.65,25799228.0,1110194.8
1646,Новосибирская область,2019,85.49,6647001.0,1332895.8
1647,Омская область,2019,125.47,18000808.0,772095.9
1648,Томская область,2019,214.13,12862477.0,617903.6
1649,Республика Бурятия,2019,30.52,610121.0,285490.6
1650,Республика Саха (Якутия),2019,83.3,16076182.0,1227680.3
1651,Забайкальский край,2019,75.25,4959851.0,369476.5
1652,Камчатский край,2019,26.46,130238.0,279337.8
1653,Приморский край,2019,258.9,9315960.0,1069330.7
1654,Хабаровский край,2019,181.98,9277330.0,805215.6
1655,Амурская область,2019,65.05,2434168.0,395617.2
1656,Магаданская область,2019,4.87,1219314.0,214414.9
1657,Сахалинская область,2019,25.01,8736613.0,1172226.1
1658,Еврейская автономная область,2019,12.57,0.0,56847.6
1659,Чукотский автономный округ,2019,2.95,651448.0,94995.0
1660,Белгородская область,2020,65.9,4660502.0,997330.9
1661,Брянская область,2020,49.69,0.0,414179.4
1662,Владимирская область,2020,95.02,342541.0,553092.4
1663,Воронежская область,2020,118.23,1071988.0,1062765.4
1664,Ивановская область,2020,62.0,49412.0,269508.8
1665,Калужская область,2020,71.86,3584947.0,561895.8
1666,Костромская область,2020,36.81,184974.0,204114.1
1667,Курская область,2020,35.08,0.0,523000.5
1668,Липецкая область,2020,68.21,8149343.0,618273.1
1669,Московская область,2020,853.02,4238939.0,5406076.5
1670,Орловская область,2020,45.63,1175917.0,282883.7
1671,Рязанская область,2020,71.49,215389.0,461214.6
1672,Смоленская область,2020,44.67,910592.0,365048.1
1673,Тамбовская область,2020,40.82,2670815.0,376258.7
1674,Тверская область,2020,65.91,511770.0,486599.1
1675,Тульская область,2020,152.19,748555.0,713110.4
1676,Ярославская область,2020,159.32,4537756.0,611748.5
1677,г. Москва,2020,798.57,49213431.0,20260717.7
1678,Республика Карелия,2020,170.9,181714.0,322803.6
1679,Республика Коми,2020,171.09,16229629.0,613266.9
1680,Ненецкий автономный округ,2020,0.09,3650128.0,230674.3
1681,Архангельская область,2020,320.63000000000005,13846375.0,551144.7
1682,Вологодская область,2020,67.44,11633355.0,624437.1
1683,Калининградская область,2020,104.7,404776.0,549311.2
1684,Ленинградская область,2020,301.58,23526790.0,1238641.3
1685,Мурманская область,2020,127.24,14645294.0,798450.1
1686,Новгородская область,2020,23.29,1072615.0,279689.3
1687,Псковская область,2020,33.9,335508.0,201756.7
1688,г. Санкт-Петербург,2020,914.37,18796854.0,5332558.3
1689,Республика Адыгея (Адыгея),2020,23.53,0.0,142913.5
1690,Республика Калмыкия,2020,14.73,29670.0,94025.9
1691,Краснодарский край,2020,518.52,3717937.0,2667228.2
1692,Астраханская область,2020,30.26,728393.0,527290.2
1693,Волгоградская область,2020,91.69,11310177.0,977707.7
1694,Ростовская область,2020,189.6,2048723.0,1714576.7
1695,Республика Дагестан,2020,74.77,71310.0,740798.8
1696,Республика Ингушетия,2020,0.92,7363100.0,70857.40000000001
1697,Кабардино-Балкарская Республика,2020,28.81,0.0,180077.5
1698,Карачаево-Черкесская Республика,2020,42.64,0.0,95297.1
1699,Республика Северная Осетия — Алания,2020,91.25,0.0,179159.0
1701,Ставропольский край,2020,164.96,3039420.0,846890.1
1702,Республика Башкортостан,2020,175.52,36460300.0,1694189.7
1703,Республика Марий Эл,2020,51.36,2096192.0,197948.7
1704,Республика Мордовия,2020,5.21,4160049.0,266387.0
1705,Республика Татарстан (Татарстан),2020,276.47,45371292.0,2631286.8
1706,Удмуртская Республика,2020,76.62,1495953.0,684430.6
1707,Чувашская Республика — Чувашия,2020,58.14,2767669.0,346046.4
1708,Пермский край,2020,194.19,9399653.0,1385352.5
1709,Кировская область,2020,110.2,1624118.0,396946.8
1710,Нижегородская область,2020,320.54,20173534.0,1600333.4
1711,Оренбургская область,2020,93.97,8559972.0,1046728.3
1712,Пензенская область,2020,96.03,447094.0,484785.4
1713,Самарская область,2020,358.17,23995438.0,1625461.8
1714,Саратовская область,2020,89.99,2223637.0,856515.7
1715,Ульяновская область,2020,88.91,381477.0,438968.9
1716,Курганская область,2020,32.17,1307120.0,240188.2
1717,Свердловская область,2020,556.53,22299614.0,2512654.9
1718,Ханты-Мансийский автономный округ — Югра,2020,93.57,4527197.0,3341832.0
1719,Ямало-Ненецкий автономный округ,2020,28.83,15303209.0,2767734.5
1720,Тюменская область,2020,82.71000000000002,15935233.0,1171029.2
1721,Челябинская область,2020,325.25,34860660.0,1602739.4
1722,Республика Алтай,2020,0.38,226638.0,62850.8
1723,Республика Тыва,2020,8.14,34877.0,82230.8
1724,Республика Хакасия,2020,26.35,2877238.0,266213.2
1725,Алтайский край,2020,13.18,693377.0,664129.2
1726,Красноярский край,2020,321.61,48650512.0,2725096.7
1727,Иркутская область,2020,441.72,39807956.0,1494326.6
1728,Кемеровская область — Кузбасс,2020,264.77,22900449.0,1045077.1
1729,Новосибирская область,2020,82.53,2086290.0,1358350.1
1730,Омская область,2020,126.07,15092119.0,770280.4
1731,Томская область,2020,180.67,2041379.0,553211.6
1732,Республика Бурятия,2020,28.6,1441588.0,302800.4
1733,Республика Саха (Якутия),2020,74.28,13246354.0,1133688.2
1734,Забайкальский край,2020,87.19,2850926.0,422734.5
1735,Камчатский край,2020,24.55,2391855.0,296429.4
1736,Приморский край,2020,260.96,13423536.0,1105672.6
1737,Хабаровский край,2020,157.93,6094455.0,856904.8
1738,Амурская область,2020,65.81,7291807.0,449317.5
1739,Магаданская область,2020,14.15,1510956.0,285146.0
1740,Сахалинская область,2020,26.02,13839785.0,1001689.4
1741,Еврейская автономная область,2020,11.74,0.0,63177.1
1742,Чукотский автономный округ,2020,2.89,710223.0,119949.4
1743,Белгородская область,2021,60.56,5754196.0,1359965.6
1744,Брянская область,2021,51.4,0.0,482669.4
1745,Владимирская область,2021,94.26,355852.0,730328.8
1746,Воронежская область,2021,117.21,276456.0,1273851.9
1747,Ивановская область,2021,59.39,2110312.0,308392.2
1748,Калужская область,2021,72.07,4553709.0,671155.5
1749,Костромская область,2021,39.3,1861148.0,247508.0
1750,Курская область,2021,32.47,0.0,688469.1
1751,Липецкая область,2021,65.47,38041519.0,853038.4
1752,Московская область,2021,902.13,4320111.0,6809951.1
1753,Орловская область,2021,43.68,865131.0,338266.1
1754,Рязанская область,2021,77.5,574785.0,544053.6
1755,Смоленская область,2021,43.18,936944.0,428827.5
1756,Тамбовская область,2021,42.83,1956366.0,442996.9
1757,Тверская область,2021,73.18,118309.0,564548.5
1758,Тульская область,2021,135.07,2251119.0,887541.1
1759,Ярославская область,2021,148.32,4521503.0,695015.4
1760,г. Москва,2021,806.53,58283721.0,24265759.9
1761,Республика Карелия,2021,120.61,288100.0,447564.1
1762,Республика Коми,2021,175.99,6967105.0,869995.8
1763,Ненецкий автономный округ,2021,0.0,2375.0,409388.3
1764,Архангельская область,2021,292.68,18755549.0,671106.7
1765,Вологодская область,2021,67.31,11660388.0,1026496.5
1766,Калининградская область,2021,90.83,1282402.0,683811.6
1767,Ленинградская область,2021,299.07,4391037.0,1473287.1
1768,Мурманская область,2021,131.06,10548782.0,1106607.7
1769,Новгородская область,2021,22.5,955195.0,345664.3
1770,Псковская область,2021,32.54,183449.0,227739.7
1771,г. Санкт-Петербург,2021,945.06,21438182.0,9420445.3
1772,Республика Адыгея (Адыгея),2021,23.63,0.0,171386.1
1773,Республика Калмыкия,2021,6.29,70730.0,102377.2
1774,Краснодарский край,2021,672.19,45548774.0,3280988.8
1775,Астраханская область,2021,34.13,364423.0,663770.6
1776,Волгоградская область,2021,89.21,2905258.0,1067376.2
1777,Ростовская область,2021,199.79,1075325.0,2042953.9
1778,Республика Дагестан,2021,74.9,0.0,802523.3
1779,Республика Ингушетия,2021,0.87,210200.0,71831.70000000001
1780,Кабардино-Балкарская Республика,2021,28.06,0.0,212776.9
1781,Карачаево-Черкесская Республика,2021,47.92,0.0,108591.7
1782,Республика Северная Осетия — Алания,2021,90.15,0.0,197993.1
1784,Ставропольский край,2021,115.78,1525932.0,1037863.5
1785,Республика Башкортостан,2021,174.48,19510561.0,2016023.7
1786,Республика Марий Эл,2021,29.35,55646.0,226451.5
1787,Республика Мордовия,2021,5.0,556059.0,304167.2
1788,Республика Татарстан (Татарстан),2021,262.52,32577852.0,3533272.5
1789,Удмуртская Республика,2021,74.61,1260740.0,867612.5
1790,Чувашская Республика — Чувашия,2021,58.65,1939780.0,399899.3
1791,Пермский край,2021,156.92,19135151.0,1765366.6
1792,Кировская область,2021,105.81,1492415.0,488594.5
1793,Нижегородская область,2021,301.7,12667200.0,1931254.1
1794,Оренбургская область,2021,97.33,12190295.0,1409921.0
1795,Пензенская область,2021,97.42,728842.0,540115.8
1796,Самарская область,2021,358.84,31701284.0,2157662.0
1797,Саратовская область,2021,89.59,4132021.0,1009797.7
1798,Ульяновская область,2021,91.44,3770.0,508499.1
1799,Курганская область,2021,31.31,245654.0,272175.2
1800,Свердловская область,2021,523.69,22929202.0,3083947.1
1801,Ханты-Мансийский автономный округ — Югра,2021,86.44,4745699.0,5700228.3
1802,Ямало-Ненецкий автономный округ,2021,28.6,191201596.0,4219244.6
1803,Тюменская область,2021,83.85,2976761.0,1573449.4
1804,Челябинская область,2021,283.63,48782439.0,2064927.6
1805,Республика Алтай,2021,0.31,226694.0,74513.4
1806,Республика Тыва,2021,6.2,189095.0,91529.3
1807,Республика Хакасия,2021,29.27,1236863.0,315304.4
1808,Алтайский край,2021,13.51,520729.0,869672.1
1809,Красноярский край,2021,323.63,171705582.0,3122115.3
1810,Иркутская область,2021,426.29,33351387.0,1972480.5
1811,Кемеровская область — Кузбасс,2021,225.07,21308634.0,1823647.7
1812,Новосибирская область,2021,80.51,1707167.0,1628844.4
1813,Омская область,2021,121.33,11888194.0,796044.1
1814,Томская область,2021,182.32,9002164.0,723226.5
1815,Республика Бурятия,2021,29.72,1895980.0,356150.2
1816,Республика Саха (Якутия),2021,75.44,14331622.0,1672273.8
1817,Забайкальский край,2021,61.65,2968161.0,516630.1
1818,Камчатский край,2021,24.73,2624661.0,351233.7
1819,Приморский край,2021,250.66,11546877.0,1354099.5
1820,Хабаровский край,2021,152.23,9518287.0,1017795.1
1821,Амурская область,2021,66.51,7520455.0,548269.8
1822,Магаданская область,2021,13.78,10249999.0,320159.6
1823,Сахалинская область,2021,26.64,8275948.0,1237949.8
1824,Еврейская автономная область,2021,12.4,244748.0,79156.9
1825,Чукотский автономный округ,2021,2.91,89950.0,140026.3
1826,Белгородская область,2022,58.6,8776026.0,1311232.6
1827,Брянская область,2022,52.06,0.0,549347.1
1828,Владимирская область,2022,91.32,144626.0,780490.4
1829,Воронежская область,2022,121.46,979953.0,1377736.5
1830,Ивановская область,2022,58.19,10720629.0,364016.5
1831,Калужская область,2022,72.86,2439543.0,693947.6
1832,Костромская область,2022,38.08,558204.0,276043.9
1833,Курская область,2022,33.07,16665479.0,665472.5
1834,Липецкая область,2022,64.6,29755002.0,792823.2
1835,Московская область,2022,807.74,13171218.0,7720842.600000001
1836,Орловская область,2022,43.57,522426.0,369901.2
1837,Рязанская область,2022,71.25,27095.0,619185.0
1838,Смоленская область,2022,44.35,129445.0,483299.8
1839,Тамбовская область,2022,40.37,944772.0,473768.7
1840,Тверская область,2022,69.14,250562.0,629399.0
1841,Тульская область,2022,127.58,3856452.0,1004283.2
1842,Ярославская область,2022,146.39,5632013.0,748305.6
1843,г. Москва,2022,736.55,45174045.0,28507429.1
1844,Республика Карелия,2022,112.18,312690.0,391410.5
1845,Республика Коми,2022,168.12,3531371.0,975700.7
1846,Ненецкий автономный округ,2022,0.0,300431.0,488014.4
1847,Архангельская область,2022,277.51,2898495.0,700172.7
1848,Вологодская область,2022,64.71,8397440.0,1024197.0
1849,Калининградская область,2022,88.12,195239.0,738007.6
1850,Ленинградская область,2022,290.52,4388312.0,1657842.6
1851,Мурманская область,2022,110.83,9748823.0,1148670.7
1852,Новгородская область,2022,22.24,1527110.0,380629.9
1853,Псковская область,2022,31.59,214895.0,257770.8
1854,г. Санкт-Петербург,2022,932.7,11413665.0,11166443.7
1855,Республика Адыгея (Адыгея),2022,24.09,0.0,197082.0
1856,Республика Калмыкия,2022,11.69,103615.0,118961.6
1857,Краснодарский край,2022,800.87,51457021.0,4304028.3
1858,Астраханская область,2022,35.11,806050.0,765239.3
1859,Волгоградская область,2022,85.92,4034147.0,1218846.2
1860,Ростовская область,2022,205.52,1796002.0,2325839.3
1861,Республика Дагестан,2022,70.99,0.0,913292.1
1862,Республика Ингушетия,2022,0.83,113700.0,82227.3
1863,Кабардино-Балкарская Республика,2022,29.42,44723.0,258862.6
1864,Карачаево-Черкесская Республика,2022,46.05,0.0,125877.0
1865,Республика Северная Осетия — Алания,2022,88.55,0.0,215976.6
1867,Ставропольский край,2022,116.41,2462479.0,1200027.1
1868,Республика Башкортостан,2022,166.78,27881793.0,2242646.9
1869,Республика Марий Эл,2022,30.75,167072.0,261992.8
1870,Республика Мордовия,2022,4.95,1746269.0,342626.3
1871,Республика Татарстан (Татарстан),2022,243.28,33024343.0,4179258.6
1872,Удмуртская Республика,2022,74.21,1901466.0,965723.7
1873,Чувашская Республика — Чувашия,2022,55.85,1177279.0,501506.5
1874,Пермский край,2022,134.62,26753339.0,2002818.8
1875,Кировская область,2022,105.09,2963806.0,554557.2
1876,Нижегородская область,2022,300.82,26140958.0,2287862.3
1877,Оренбургская область,2022,96.37,4192361.0,1571366.4
1878,Пензенская область,2022,95.8,277441.0,592885.5
1879,Самарская область,2022,350.38,31767985.0,2378451.0
1880,Саратовская область,2022,95.76,1745147.0,1193979.3
1881,Ульяновская область,2022,90.08,3486.0,588824.1
1882,Курганская область,2022,29.02,434899.0,339533.9
1883,Свердловская область,2022,495.36,31601086.0,3469555.3
1884,Ханты-Мансийский автономный округ — Югра,2022,70.18,11666952.0,6894316.5
1885,Ямало-Ненецкий автономный округ,2022,28.94,94477915.0,5350247.9
1886,Тюменская область,2022,89.66,2462814.0,1719984.4
1887,Челябинская область,2022,286.92,81416871.0,2299718.5
1888,Республика Алтай,2022,0.29,368555.0,91614.7
1889,Республика Тыва,2022,5.61,170230.0,107783.5
1890,Республика Хакасия,2022,30.69,278226.0,349156.3
1891,Алтайский край,2022,13.3,575528.0,944894.1
1892,Красноярский край,2022,299.25,251776921.0,3319026.2
1893,Иркутская область,2022,447.13,38369881.0,2356810.1
1894,Кемеровская область — Кузбасс,2022,203.81,41510571.0,2188751.4
1895,Новосибирская область,2022,77.2,5809748.0,1939378.0999999999
1896,Омская область,2022,121.19,30240080.0,947059.4
1897,Томская область,2022,163.46,3903431.0,809594.4
1898,Республика Бурятия,2022,26.28,1860495.0,447008.5
1899,Республика Саха (Якутия),2022,81.41,26297148.0,2025049.4
1900,Забайкальский край,2022,70.68,5497257.0,547235.6
1901,Камчатский край,2022,22.57,4567318.0,357183.5
1902,Приморский край,2022,243.51,15170819.0,1539350.3
1903,Хабаровский край,2022,161.78,24723717.0,1067881.5
1904,Амурская область,2022,62.76,3508357.0,603837.3
1905,Магаданская область,2022,13.52,5317233.0,315919.1
1906,Сахалинская область,2022,23.96,11642756.0,1530380.6
1907,Еврейская автономная область,2022,11.94,287078.0,80676.2
1908,Чукотский автономный округ,2022,2.89,9990.0,141042.1
1909,Белгородская область,2023,58.0,17411221.0,1341408.9
1910,Брянская область,2023,53.0,57045.0,627017.8
1911,Владимирская область,2023,90.0,62028.0,893416.3
1912,Воронежская область,2023,131.0,56096.0,1494401.9
1913,Ивановская область,2023,17.0,5950198.0,435227.7
1914,Калужская область,2023,73.0,6156387.0,792281.5
1915,Костромская область,2023,33.0,2035343.0,316018.2
1916,Курская область,2023,33.0,14146514.0,747687.1
1917,Липецкая область,2023,67.0,22768062.0,950272.5
1918,Московская область,2023,806.0,18215647.0,9244579.6
1919,Орловская область,2023,45.0,571579.0,398720.4
1920,Рязанская область,2023,72.0,3373944.0,692685.4
1921,Смоленская область,2023,49.0,494815.0,556552.9
1922,Тамбовская область,2023,41.0,1620072.0,522646.7
1923,Тверская область,2023,69.0,329112.0,750838.4
1924,Тульская область,2023,122.0,1233636.0,1149160.2
1925,Ярославская область,2023,143.0,9917079.0,849769.9
1926,г. Москва,2023,833.0,22791947.0,32339001.6
1927,Республика Карелия,2023,137.0,1237461.0,434291.1
1928,Республика Коми,2023,177.0,5959059.0,1049365.5
1929,Ненецкий автономный округ,2023,0.0,515966.0,501455.5
1930,Архангельская область,2023,247.0,2286387.0,761589.6
1931,Вологодская область,2023,60.0,10955581.0,1081822.9
1932,Калининградская область,2023,97.0,1424732.0,785205.9
1933,Ленинградская область,2023,278.0,9829591.0,1915187.7
1934,Мурманская область,2023,124.0,14399984.0,1127497.3
1935,Новгородская область,2023,21.0,1191355.0,408968.1
1936,Псковская область,2023,34.0,40306.0,288750.0
1937,г. Санкт-Петербург,2023,936.0,29053267.0,10908028.0
1938,Республика Адыгея (Адыгея),2023,23.0,0.0,223013.0
1939,Республика Калмыкия,2023,11.0,0.0,166710.2
1940,Краснодарский край,2023,34.0,40319495.0,4772036.0
1941,Астраханская область,2023,85.0,191976.0,777718.3
1942,Волгоградская область,2023,203.0,4817229.0,1384980.9
1943,Ростовская область,2023,97.0,4612588.0,2693193.0
1944,Республика Дагестан,2023,74.0,0.0,1034705.4
1945,Республика Ингушетия,2023,0.6,1219900.0,95319.7
1946,Кабардино-Балкарская Республика,2023,25.0,0.0,291100.4
1947,Карачаево-Черкесская Республика,2023,44.0,0.0,143310.6
1948,Республика Северная Осетия — Алания,2023,90.0,0.0,266555.8
1950,Ставропольский край,2023,116.0,1933077.0,1340782.0
1951,Республика Башкортостан,2023,170.0,22879800.0,2460269.4
1952,Республика Марий Эл,2023,30.0,649166.0,304473.1
1953,Республика Мордовия,2023,5.0,1107427.0,396833.0
1954,Республика Татарстан (Татарстан),2023,199.0,61565637.0,4583352.3
1955,Удмуртская Республика,2023,68.0,3845159.0,1102900.3
1956,Чувашская Республика — Чувашия,2023,58.0,314596.0,601316.7
1957,Пермский край,2023,124.0,40452255.0,2197280.1
1958,Кировская область,2023,81.0,972050.0,605915.5
1959,Нижегородская область,2023,315.0,33297386.0,2672241.8
1960,Оренбургская область,2023,99.0,10608979.0,1763998.8
1961,Пензенская область,2023,98.0,428318.0,659002.8
1962,Самарская область,2023,344.0,21913522.0,2646488.2
1963,Саратовская область,2023,88.0,4599588.0,1345119.0
1964,Ульяновская область,2023,87.0,4217.0,673635.5
1965,Курганская область,2023,28.0,1003406.0,380466.7
1966,Свердловская область,2023,486.0,82071730.0,4128119.1
1967,Ханты-Мансийский автономный округ — Югра,2023,69.0,21813424.0,8628903.5
1968,Ямало-Ненецкий автономный округ,2023,25.0,105498709.0,5379401.8
1969,Тюменская область,2023,86.0,2579635.0,1938291.9
1970,Челябинская область,2023,244.0,57387103.0,2589084.6
1971,Республика Алтай,2023,0.3,1095838.0,108336.5
1972,Республика Тыва,2023,5.0,0.0,122532.5
1973,Республика Хакасия,2023,33.0,327289.0,378551.5
1974,Алтайский край,2023,13.0,2247651.0,1024355.4
1975,Красноярский край,2023,299.0,205990233.0,3719646.8
1976,Иркутская область,2023,464.0,66326300.0,2539383.9
1977,Кемеровская область — Кузбасс,2023,212.0,30633658.0,1883825.1
1978,Новосибирская область,2023,81.0,5088933.0,2216436.2
1979,Омская область,2023,124.0,20775041.0,1056600.3
1980,Томская область,2023,140.0,2597371.0,912449.4
1981,Республика Бурятия,2023,26.0,27187069.0,503918.8
1982,Республика Саха (Якутия),2023,84.0,42857130.0,2229816.6
1983,Забайкальский край,2023,67.0,9687097.0,718358.3
1984,Камчатский край,2023,23.0,3161496.0,440147.3
1985,Приморский край,2023,238.0,9544926.0,1862934.3
1986,Хабаровский край,2023,174.0,20447994.0,1262368.1
1987,Амурская область,2023,60.0,2883951.0,793851.9
1988,Магаданская область,2023,14.0,14662127.0,403892.9
1989,Сахалинская область,2023,27.0,9992976.0,1624560.7
1990,Еврейская автономная область,2023,12.0,191307.0,102215.3
1991,Чукотский автономный округ,2023,3.0,800015.0,186709.4
