,Регион,Год,Объем_сточных_вод_млн_м3,Инвестиции_норм_%,ВРП_на_душу_руб,Индексы_производства_продукции_СХ_%,Доля_городского_населения_%,Использование_свеж_воды_млн_м3,Индекс_промыш_производства_%,Числ_насел
0,Алтайский край,2000,31.0,0.3779890792694407,17660.5,122.0,52.8,569.0,109.2,2641.1
1,Алтайский край,2001,34.0,0.1804075377014408,23509.0,104.5,53.1,599.0,109.4,2621.1
2,Алтайский край,2002,36.0,0.0922834076988102,27991.2,103.1,53.2,563.0,100.1,2602.6
3,Алтайский край,2003,36.0,0.0564771061146153,34295.8,100.8,53.5,516.0,105.5,2572.0
4,Алтайский край,2004,36.0,0.0333244804750937,44934.9,99.5,53.7,488.0,102.6,2539.4
5,Алтайский край,2005,34.0,0.1138596056789774,53812.4,91.1,54.0,451.0,96.8,2503.5
6,Алтайский край,2006,27.0,0.0763590231890478,69852.0,109.4,54.2,455.0,110.3,2473.0
7,Алтайский край,2007,26.0,0.1043109024106808,90759.9,108.6,54.3,471.0,113.5,2453.5
8,Алтайский край,2008,22.0,0.0815182667285152,106019.5,93.2,54.5,481.0,103.3,2438.9
9,Алтайский край,2009,17.0,0.1158733391739043,109088.7,118.3,54.3,461.0,92.0,2430.7
10,Алтайский край,2010,15.0,0.0620804111710537,124955.8,93.5,54.8,340.0,122.0,2417.3
11,Алтайский край,2011,12.0,0.037866082456285,137975.9,101.2,55.2,408.0,104.5,2396.8
12,Алтайский край,2012,8.04,0.2302742691503846,154560.6,86.4,55.6,406.93,104.4,2378.0
13,Алтайский край,2013,8.07,0.3710203760877825,175666.0,121.9,55.9,404.84,101.3,2359.5
14,Алтайский край,2014,10.73,0.1315835612359699,189679.2,85.8,56.2,410.61,98.9,2343.4
15,Алтайский край,2015,16.24,0.1473226354484587,209023.2,106.5,56.5,386.73,100.1,2325.0
16,Алтайский край,2016,18.05,0.189639210257672,230047.1,112.0,56.7,376.43,102.5,2303.6
17,Алтайский край,2017,17.34,0.0324881029446014,238056.6,101.8,56.9,364.05,103.7,2277.7
18,Алтайский край,2018,17.33,0.258735761948665,256081.7,103.3,57.2,349.42,100.8,2250.1
19,Алтайский край,2019,32.27,0.1173972106170841,280785.0,98.8,57.6,344.55,101.9,2224.1
20,Алтайский край,2020,13.18,0.1044039322469182,300706.5,96.7,57.9,353.27,101.1,2193.0
21,Алтайский край,2021,13.51,0.0598764752830405,400038.7,118.4,58.2,362.59,101.7,2155.0
22,Алтайский край,2022,13.3,0.0609092595667599,440933.3,104.1,58.3,374.84,103.2,2130.9
23,Алтайский край,2023,13.0,0.2194210134490431,482500.0,93.1,58.5,425.0,107.1,2115.3
24,Амурская область,2000,94.0,0.3132182160880404,28317.2,106.2,66.6,115.0,105.4,923.0
25,Амурская область,2001,103.0,0.2695069239593576,42578.3,106.7,65.9,116.0,92.2,911.4
26,Амурская область,2002,95.0,0.5280428719855635,50449.6,109.9,65.9,114.0,105.3,901.0
27,Амурская область,2003,91.0,0.5351664194857509,59480.3,70.4,66.2,109.0,105.8,887.8
28,Амурская область,2004,99.0,0.2838030076170968,72937.0,112.7,66.5,107.0,100.2,874.0
29,Амурская область,2005,100.0,0.1648530077594417,88597.1,93.1,66.4,104.0,95.7,861.0
30,Амурская область,2006,90.0,0.4062407654149871,111116.2,113.0,66.6,100.0,104.7,850.5
31,Амурская область,2007,84.0,0.7961653955039854,131887.8,117.8,66.6,98.0,102.6,844.3
32,Амурская область,2008,86.0,0.4913019320678879,156329.6,104.9,66.6,93.0,111.4,838.9
33,Амурская область,2009,83.0,0.8398628626787172,180572.3,109.4,66.5,86.0,111.4,834.9
34,Амурская область,2010,82.0,0.1445126073369687,214827.2,102.8,66.9,87.0,104.3,828.7
35,Амурская область,2011,79.0,0.7144839635193524,273332.2,121.0,67.0,83.0,120.0,820.6
36,Амурская область,2012,78.02,1.7106218595675546,280484.7,92.2,67.2,80.58,108.6,815.2
37,Амурская область,2013,76.97,1.4212881862393565,259501.7,70.9,67.3,79.17,106.9,808.7
38,Амурская область,2014,44.62,0.585892016048058,287327.6,168.9,67.5,74.9,98.3,806.5
39,Амурская область,2015,72.77,0.582285554422735,344986.8,101.0,67.5,73.77,92.5,801.5
40,Амурская область,2016,73.77,0.5707721212243431,372300.0,97.9,67.5,70.67,92.1,796.8
41,Амурская область,2017,67.38,1.0704737266069704,376452.8,114.9,67.5,72.06,105.3,792.7
42,Амурская область,2018,66.82,1.0959267354631437,423176.6,92.1,67.7,70.97,97.6,786.6
43,Амурская область,2019,65.05,0.6152836630965489,504185.5,87.9,67.9,71.87,109.9,782.7
44,Амурская область,2020,65.81,1.622862897616941,577387.2,104.0,68.0,102.52,95.7,773.7
45,Амурская область,2021,66.51,1.3716704804824196,713306.9,111.2,68.2,107.45,108.9,763.6
46,Амурская область,2022,62.76,0.5810103151958317,794644.1,123.5,68.4,106.35,102.8,756.2
47,Амурская область,2023,60.0,0.3632857715652,1054100.0,94.2,68.5,115.0,97.2,750.1
48,Архангельская область,2000,540.0,3.4748537073826897,25320.1,102.6,75.3,832.0,108.495,1369.1
49,Архангельская область,2001,537.0,3.383954490966074,32037.2,103.6,75.6,828.0,106.45,1350.5
50,Архангельская область,2002,513.0,2.439888718917784,41322.8,99.4,75.3,755.0,103.4,1332.7
51,Архангельская область,2003,477.0,0.6739745053585888,50328.850000000006,99.9,75.0,713.0,106.4,1315.5
52,Архангельская область,2004,454.0,0.8653819262366719,64122.2,99.2,75.5,681.0,106.15,1299.2
53,Архангельская область,2005,464.0,3.0947597298938256,77591.9,100.3,74.0,673.0,105.6,1281.8
54,Архангельская область,2006,464.0,6.360303676985398,100203.4,102.7,74.4,670.0,108.0,1266.7
55,Архангельская область,2007,475.0,1.1063665387060406,128472.55,90.3,74.8,682.0,110.1,1257.2
56,Архангельская область,2008,475.0,1.413140037169753,155716.6,94.2,75.1,654.0,102.2,1246.2
57,Архангельская область,2009,413.0,0.8788487357900131,152408.35,105.6,75.5,609.0,95.5,1237.5
58,Архангельская область,2010,415.0,0.5410313540626728,181042.4,95.6,76.0,633.0,122.0,1224.9
59,Архангельская область,2011,375.0,0.6662877646057245,233445.8,109.0,76.3,639.0,96.5,1204.1
60,Архангельская область,2012,364.27,0.2571541623785128,273874.6,100.3,76.4,622.0,103.7,1183.6
61,Архангельская область,2013,341.03000000000003,1.178798249995641,288957.6,90.8,76.6,600.75,110.0,1163.7
62,Архангельская область,2014,335.86,0.5676242073404735,319673.0,101.4,76.8,597.62,73.1,1146.1
63,Архангельская область,2015,329.79,0.7241126319148394,365908.3,83.8,77.1,569.68,101.9,1127.8
64,Архангельская область,2016,328.66,0.7866972513658078,419090.3,99.2,77.2,562.25,100.6,1110.6
65,Архангельская область,2017,325.0,1.8398127258238288,466062.8,83.9,77.2,556.84,116.3,1091.1
66,Архангельская область,2018,322.78,0.4642245179689781,524584.0,109.3,77.4,551.61,100.9,1071.6
67,Архангельская область,2019,322.87,0.3713506891358725,546989.7,96.3,77.4,536.2199999999999,102.1,1055.5
68,Архангельская область,2020,320.63000000000005,2.5122939583742707,548518.4,101.9,77.5,542.9000000000001,99.1,1037.3
69,Архангельская область,2021,292.68,2.7947193791985683,681214.5,97.9,77.6,531.9,100.9,1016.0
70,Архангельская область,2022,277.51,0.4139685823226184,722234.1,98.9,77.8,494.98,95.5,1005.7
71,Архангельская область,2023,247.0,0.3002124766409625,793300.0,101.5,78.1,500.0,98.8,998.1
72,Астраханская область,2000,84.0,0.1588116248217188,27815.3,108.2,67.9,1322.0,90.2,1009.3
73,Астраханская область,2001,83.0,2.4575838980241245,32037.2,107.2,67.6,1252.0,117.4,1005.5
74,Астраханская область,2002,78.0,0.3960639006315419,40786.8,103.6,67.7,1111.0,100.6,1004.8
75,Астраханская область,2003,71.0,0.6183364324375541,50386.3,102.5,67.9,1190.0,103.5,1006.1
76,Астраханская область,2004,71.0,0.5053331899158716,56357.5,104.9,67.5,971.0,101.2,1006.5
77,Астраханская область,2005,68.0,0.3468876733269069,69814.0,109.1,67.7,937.0,100.8,1002.5
78,Астраханская область,2006,73.0,0.6808150662479249,84950.0,108.2,66.9,938.0,100.9,1001.3
79,Астраханская область,2007,72.0,4.87199379827659,99999.4,108.5,67.7,891.0,111.6,1005.9
80,Астраханская область,2008,73.0,3.0706368253008662,146391.0,115.2,66.6,873.0,110.3,1009.9
81,Астраханская область,2009,71.0,1.5750032361689117,133018.5,118.5,66.7,853.0,93.4,1011.1
82,Астраханская область,2010,69.0,4.490736344010027,143388.8,102.4,66.7,772.0,113.0,1009.8
83,Астраханская область,2011,71.0,2.610222887022453,170798.2,110.5,66.5,1085.0,107.5,1011.5
84,Астраханская область,2012,55.67,11.07260043194896,207683.9,106.1,66.3,849.63,118.7,1007.5
85,Астраханская область,2013,52.4,4.55744522704132,271899.3,100.7,66.2,799.55,115.5,1007.4
86,Астраханская область,2014,50.15,0.362838255894908,293883.9,100.3,65.8,756.6,102.9,1009.2
87,Астраханская область,2015,40.74,0.6130806725348507,320199.0,102.3,65.6,730.88,109.6,1003.9
88,Астраханская область,2016,51.16,0.2330085751022971,367483.2,101.0,65.4,793.75,108.6,1001.5
89,Астраханская область,2017,48.54,0.1660304562403639,442846.1,109.4,65.4,693.21,152.6,997.4
90,Астраханская область,2018,49.09,0.0606667702560383,582565.6,108.7,65.3,695.94,116.3,991.1
91,Астраханская область,2019,36.39,0.3929591207342103,610661.5,101.8,65.1,646.04,103.7,979.9
92,Астраханская область,2020,30.26,0.1381389223619176,541099.0,102.3,64.7,619.95,97.3,969.0
93,Астраханская область,2021,34.13,0.0549019495590795,688988.3,101.7,64.3,576.13,93.9,957.8
94,Астраханская область,2022,35.11,0.1053330637880202,801999.8,106.6,64.1,672.86,100.0,950.6
95,Астраханская область,2023,85.0,0.0246845162316484,820000.0,103.0,63.9,561.0,100.6,946.4
96,Белгородская область,2000,45.0,0.2761829611760092,27969.5,120.3,65.2,354.0,109.1,1507.0
97,Белгородская область,2001,13.0,0.3306096296088647,33126.7,107.7,65.2,346.0,110.1,1508.1
98,Белгородская область,2002,6.0,0.2003608719897956,41327.4,101.7,65.2,368.0,116.0,1511.9
99,Белгородская область,2003,10.0,0.1062422341873261,50271.4,100.1,65.4,394.0,106.2,1513.9
100,Белгородская область,2004,11.0,0.1524168052771933,75629.4,107.1,65.4,361.0,106.3,1511.7
101,Белгородская область,2005,11.0,0.42699385741421,95911.2,114.8,65.6,314.0,112.9,1511.7
102,Белгородская область,2006,11.0,0.4336370767939586,118211.4,113.0,65.8,290.0,113.4,1514.2
103,Белгородская область,2007,8.0,0.3123056807360599,156225.1,122.4,66.0,257.0,111.3,1520.1
104,Белгородская область,2008,11.0,0.5991368658515509,208548.1,127.5,65.8,253.0,112.7,1526.3
105,Белгородская область,2009,49.0,0.2892783295815641,199046.1,108.5,65.9,234.0,103.5,1531.8
106,Белгородская область,2010,77.0,0.3735497465366875,260015.6,98.4,66.2,237.0,113.9,1532.4
107,Белгородская область,2011,72.0,0.6567547088668513,330952.8,132.0,66.2,236.0,108.7,1536.6
108,Белгородская область,2012,70.88,2.162596761385342,354400.6,105.5,66.2,244.04,105.6,1541.9
109,Белгородская область,2013,71.1,1.0654843776801104,368593.1,108.0,66.1,240.98,102.1,1545.5
110,Белгородская область,2014,66.83,0.5574805580384771,400396.8,104.9,66.0,238.93,102.5,1549.8
111,Белгородская область,2015,61.46,1.0299366205572302,447022.6,104.1,65.9,243.66,105.5,1552.4
112,Белгородская область,2016,73.64,0.3117679085503114,500672.6,106.6,65.9,250.06,106.2,1555.5
113,Белгородская область,2017,70.54,0.3345196026116114,538729.8,99.5,65.8,233.24,105.0,1553.0
114,Белгородская область,2018,70.46,0.5549357891236915,587403.9,104.7,65.7,234.32,102.4,1550.9
115,Белгородская область,2019,68.84,0.2486697779152987,615578.9,102.5,65.5,233.65,103.9,1553.0
116,Белгородская область,2020,65.9,0.4672974636602556,643774.4,99.8,65.4,238.45,101.7,1545.5
117,Белгородская область,2021,60.56,0.4231133493376597,882551.8,97.3,65.3,229.03,104.4,1536.5
118,Белгородская область,2022,58.6,0.6692958976157243,859545.1,104.5,65.4,232.1,102.1,1514.5
119,Белгородская область,2023,58.0,1.2979801311889312,889800.0,105.0,65.3,224.0,104.7,1500.7
120,Брянская область,2000,100.0,0.2229155595221192,17413.5,109.3,68.6,150.0,117.3,1407.9
121,Брянская область,2001,99.0,0.1570027532106953,21511.9,94.8,68.8,147.0,112.9,1391.4
122,Брянская область,2002,96.0,0.0231978830259457,27020.0,98.1,68.5,144.0,105.3,1375.0
123,Брянская область,2003,94.0,0.0826447415692798,31953.4,103.5,68.5,135.0,104.5,1360.2
124,Брянская область,2004,92.0,0.044279400981111,37719.1,96.2,68.2,133.0,104.7,1344.1
125,Брянская область,2005,89.0,0.0138636694191083,49923.4,95.6,68.3,130.0,116.1,1327.7
126,Брянская область,2006,96.0,0.0050158099107921,62187.8,100.0,68.6,126.0,111.7,1312.7
127,Брянская область,2007,94.0,,78518.8,106.0,68.8,123.0,121.8,1303.3
128,Брянская область,2008,85.0,0.0191322881501401,96885.4,107.9,68.9,115.0,103.2,1294.3
129,Брянская область,2009,83.0,,98014.5,103.4,69.0,110.0,76.6,1286.5
130,Брянская область,2010,78.0,,114777.6,94.2,69.1,117.0,122.9,1275.3
131,Брянская область,2011,75.0,,137227.5,124.6,69.2,111.0,110.6,1263.7
132,Брянская область,2012,70.83,0.0374498246121578,164867.2,105.6,69.3,105.51,115.7,1252.2
133,Брянская область,2013,67.78,0.1286953970518827,176108.0,112.2,69.4,103.68,96.8,1240.6
134,Брянская область,2014,61.56,0.0029519319189329,196473.1,114.9,69.5,97.82,102.1,1230.3
135,Брянская область,2015,57.6,,221557.6,113.1,69.5,96.29,113.5,1223.1
136,Брянская область,2016,57.92,,259301.1,108.9,69.6,95.13,107.3,1218.0
137,Брянская область,2017,55.12,,281250.4,106.0,69.7,93.95,104.1,1208.2
138,Брянская область,2018,53.78,,305284.8,103.1,69.7,90.02,102.7,1197.1
139,Брянская область,2019,50.75,,334495.9,100.4,69.6,89.58,117.0,1189.2
140,Брянская область,2020,49.69,,349774.4,103.0,69.5,86.92,102.0,1179.1
141,Брянская область,2021,51.4,,411888.4,100.9,69.5,88.41,112.2,1164.6
142,Брянская область,2022,52.06,,474159.6,110.7,69.6,88.72,120.8,1152.5
143,Брянская область,2023,53.0,0.0090978278447597,546400.0,115.9,69.7,93.0,115.8,1142.4
144,Владимирская область,2000,182.0,0.0748671167283002,21073.3,108.0,79.8,222.0,119.47,1558.0
145,Владимирская область,2001,182.0,0.0445647575542953,27170.0,87.4,79.7,211.0,114.7,1539.2
146,Владимирская область,2002,185.0,0.0837718105079636,32923.6,105.8,79.7,221.0,99.42,1520.1
147,Владимирская область,2003,174.0,0.0735302967068164,40809.4,98.7,79.4,205.0,106.15,1509.6
148,Владимирская область,2004,169.0,0.0385853086636031,49353.4,89.0,78.3,197.0,112.0,1497.6
149,Владимирская область,2005,155.0,0.039597914567199,58261.0,108.8,77.2,189.0,101.4,1486.5
150,Владимирская область,2006,147.0,0.0177026755180044,76184.8,99.9,77.3,182.0,109.8,1475.9
151,Владимирская область,2007,141.0,0.1387589235185425,99682.5,101.7,77.4,180.0,122.6,1466.8
152,Владимирская область,2008,140.0,0.0341194225400052,119941.8,93.7,77.5,171.0,112.3,1457.9
153,Владимирская область,2009,129.0,0.0343210748200184,127815.1,106.9,77.5,165.0,84.4,1449.8
154,Владимирская область,2010,129.0,0.0534994785530469,155494.2,77.4,77.7,156.0,114.7,1441.1
155,Владимирская область,2011,126.0,0.1135713372426428,181742.0,123.6,77.6,161.0,107.4,1433.6
156,Владимирская область,2012,123.74,0.208265126813431,200118.5,106.8,77.6,152.71,103.4,1425.0
157,Владимирская область,2013,120.02,0.193181025132288,215705.7,92.0,77.5,145.46,108.0,1418.2
158,Владимирская область,2014,110.49,0.1647796376440952,231824.2,103.8,77.6,142.76,109.2,1412.1
159,Владимирская область,2015,108.55,0.1468515956505645,261560.4,102.4,77.7,133.55,99.8,1405.5
160,Владимирская область,2016,108.81,0.083821920436529,307666.2,97.3,77.8,129.89,104.6,1399.8
161,Владимирская область,2017,104.52,0.1018200988242282,322473.5,93.7,77.8,122.63,103.1,1390.2
162,Владимирская область,2018,98.55,0.0723641422434284,346635.8,101.1,77.9,122.29,104.6,1379.4
163,Владимирская область,2019,94.42,0.2783869978602911,389002.2,102.6,77.8,117.48,113.0,1373.7
164,Владимирская область,2020,95.02,0.0619319665213262,404785.5,102.8,77.7,117.7,111.2,1359.0
165,Владимирская область,2021,94.26,0.0487249030847475,540728.4,97.0,77.6,119.58,108.6,1342.3
166,Владимирская область,2022,91.32,0.018530144637269,585131.4,102.3,77.6,119.52,106.6,1325.5
167,Владимирская область,2023,90.0,0.0069427880373348,678000.0,105.7,77.6,133.0,109.4,1309.9
168,Волгоградская область,2000,217.0,6.770354932245624,23340.8,109.5,74.9,1103.0,108.1,2725.4
169,Волгоградская область,2001,212.0,2.665225513358104,30513.2,117.9,75.1,990.0,102.0,2709.6
170,Волгоградская область,2002,206.0,0.3616903006674257,38617.7,101.6,75.2,960.0,101.2,2694.2
171,Волгоградская область,2003,201.0,0.235336512670441,47934.1,100.4,75.2,886.0,101.3,2672.4
172,Волгоградская область,2004,208.0,0.523656242123603,57928.0,112.9,75.3,887.0,106.0,2656.2
173,Волгоградская область,2005,204.0,0.4084539753050943,76740.6,100.3,75.4,833.0,104.1,2640.4
174,Волгоградская область,2006,217.0,0.7317312775662353,95683.4,101.4,75.4,804.0,102.8,2630.0
175,Волгоградская область,2007,203.0,0.4906961757475432,126313.1,97.7,75.7,827.0,102.4,2623.1
176,Волгоградская область,2008,218.0,0.537572012954832,159001.5,126.5,75.6,823.0,99.9,2618.1
177,Волгоградская область,2009,200.0,0.2077839170595657,144303.4,89.0,75.7,788.0,90.3,2614.1
178,Волгоградская область,2010,186.0,0.304433694593236,166028.8,84.9,76.0,731.0,106.1,2607.5
179,Волгоградская область,2011,150.0,0.3475834489991116,195321.7,127.5,76.1,710.0,103.0,2598.6
180,Волгоградская область,2012,144.43,0.2169147990756516,220267.5,88.8,76.2,608.93,104.8,2590.7
181,Волгоградская область,2013,141.2,0.537252075074382,234934.7,108.9,76.4,583.42,101.5,2580.7
182,Волгоградская область,2014,122.62,2.409746807982448,277632.9,107.1,76.5,582.57,102.4,2572.9
183,Волгоградская область,2015,104.21,2.6761100562084548,288213.6,94.5,76.6,593.77,101.1,2565.4
184,Волгоградская область,2016,104.7,1.454376034491843,322250.5,114.5,76.7,520.41,103.2,2558.5
185,Волгоградская область,2017,89.2,0.4604281236515213,332977.4,102.4,76.9,525.9,104.3,2548.5
186,Волгоградская область,2018,84.29,0.6348681526650289,364763.9,96.3,77.0,552.23,100.9,2538.7
187,Волгоградская область,2019,85.25,0.9163016042949524,380349.9,108.0,77.2,530.43,100.0,2526.2
188,Волгоградская область,2020,91.69,1.1568055565073283,387991.0,101.3,77.3,566.76,99.3,2513.6
189,Волгоградская область,2021,89.21,0.2721868821883043,426400.1,97.5,77.5,564.37,98.4,2492.8
190,Волгоградская область,2022,85.92,0.3309808079148952,491186.6,116.9,77.6,578.17,102.8,2470.1
191,Волгоградская область,2023,203.0,0.3478191648707935,562500.0,100.1,77.7,2395.0,102.5,2453.9
192,Вологодская область,2000,241.0,0.4735862881256729,53432.8,101.6,68.8,711.0,107.71,1290.4
193,Вологодская область,2001,240.0,0.3507465766301415,50934.4,102.3,68.9,642.0,96.88,1278.5
194,Вологодская область,2002,231.0,0.9468283293221142,63433.6,95.3,69.1,655.0,105.64,1266.9
195,Вологодская область,2003,205.0,2.482734818856549,85259.1,95.5,69.3,579.0,103.81,1255.9
196,Вологодская область,2004,195.0,2.5680703637285243,129015.6,90.5,68.3,636.0,106.5,1245.8
197,Вологодская область,2005,172.0,3.944767668164695,156379.7,100.3,68.6,630.0,106.5,1234.9
198,Вологодская область,2006,167.0,1.1877137772161126,164130.2,95.1,69.0,710.0,107.1,1225.8
199,Вологодская область,2007,156.0,1.1302317821056702,199003.0,99.0,69.4,728.0,104.9,1219.8
200,Вологодская область,2008,146.0,1.072161578049017,242347.7,98.5,69.7,712.0,95.3,1214.2
201,Вологодская область,2009,132.0,1.32878501983862,176179.2,97.2,70.0,583.0,90.5,1208.3
202,Вологодская область,2010,152.0,0.3481948705325212,217826.8,89.6,70.8,602.0,111.8,1201.2
203,Вологодская область,2011,157.0,1.407581526979313,269271.0,110.7,71.1,537.0,105.6,1198.4
204,Вологодская область,2012,154.42,1.4807148950734228,296779.7,94.5,71.3,467.32,101.3,1196.0
205,Вологодская область,2013,147.9,3.696805991203474,289860.7,93.3,71.5,481.46,102.5,1193.0
206,Вологодская область,2014,137.38,3.2666484225554133,324906.9,97.9,71.8,481.47,103.7,1190.5
207,Вологодская область,2015,145.08,1.0235010325897431,402818.7,103.7,72.0,392.67,102.6,1187.2
208,Вологодская область,2016,147.1,1.1402726227845807,430233.8,106.2,72.1,354.86,99.8,1183.3
209,Вологодская область,2017,157.41,1.3600624125378644,460014.4,88.9,72.2,226.55,102.4,1176.0
210,Вологодская область,2018,128.84,0.4657412023142456,525527.1,104.5,72.4,251.84,104.6,1166.9
211,Вологодская область,2019,78.45,0.7705186567724388,543954.1,109.4,72.4,247.76,103.9,1159.6
212,Вологодская область,2020,67.44,1.8630147055644195,540722.5,100.1,72.4,217.64,102.3,1150.1
213,Вологодская область,2021,67.31,1.1359403563480246,897094.3,100.1,72.5,212.52,101.0,1138.4
214,Вологодская область,2022,64.71,0.8199047644154396,903488.3,104.4,72.5,213.59,96.6,1128.7
215,Вологодская область,2023,60.0,1.0126963479881967,961600.0,101.7,72.7,219.0,106.2,1121.4
216,Воронежская область,2000,190.0,0.2565565312909524,20365.1,129.0,61.6,695.0,105.4,2422.4
217,Воронежская область,2001,174.0,0.0613000836463127,24905.4,102.0,61.8,686.0,101.1,2397.1
218,Воронежская область,2002,174.0,0.0328000472282897,34789.6,101.3,62.0,651.0,98.7,2374.4
219,Воронежская область,2003,173.0,0.0900551509686619,42237.5,117.5,62.0,617.0,106.3,2367.4
220,Воронежская область,2004,168.0,0.0684595930292087,49530.0,94.0,62.0,582.0,106.9,2364.9
221,Воронежская область,2005,169.0,0.1605030744101579,56534.5,100.7,61.8,556.0,111.0,2360.9
222,Воронежская область,2006,159.0,0.2588467081687242,70492.7,103.1,61.7,535.0,109.0,2353.8
223,Воронежская область,2007,152.0,0.1585455713990141,94849.5,107.0,61.7,519.0,104.9,2344.4
224,Воронежская область,2008,144.0,0.5590280629848738,122591.1,125.9,62.0,498.0,103.6,2339.0
225,Воронежская область,2009,134.0,0.4522439499537831,129112.5,99.5,62.1,457.0,99.4,2334.9
226,Воронежская область,2010,134.0,0.1136176371634789,148432.6,72.7,65.5,460.0,106.6,2334.8
227,Воронежская область,2011,135.0,0.1122534943499,203523.7,163.7,66.0,451.0,110.1,2332.7
228,Воронежская область,2012,131.08,0.0875016446044385,241754.0,104.2,66.4,442.21,129.7,2332.9
229,Воронежская область,2013,128.63,0.2472098363893046,262215.8,109.9,66.8,378.49,106.1,2332.9
230,Воронежская область,2014,121.91,0.5485863977063464,307400.6,101.9,67.1,390.26,108.0,2336.4
231,Воронежская область,2015,117.13,0.4458749808925796,344688.2,99.3,67.3,393.22,103.7,2340.1
232,Воронежская область,2016,121.62,0.2863207044665445,353549.7,104.6,67.5,398.01,104.4,2343.4
233,Воронежская область,2017,119.2,0.4554242392115494,372738.0,102.8,67.8,378.78,106.0,2343.1
234,Воронежская область,2018,118.82,0.7038477027512995,406385.7,101.8,68.1,372.14,103.2,2338.6
235,Воронежская область,2019,119.24,0.1093707934684534,428581.3,107.1,68.3,404.6,111.3,2336.3
236,Воронежская область,2020,118.23,0.1008677926473707,456565.5,99.0,68.3,399.65,109.5,2319.1
237,Воронежская область,2021,117.21,0.0217023658715742,551241.7,97.3,68.5,386.5,105.5,2302.6
238,Воронежская область,2022,121.46,0.0711277519322454,600596.0,112.8,68.5,399.08,98.0,2285.3
239,Воронежская область,2023,131.0,0.0037537425507823,655600.0,103.3,68.5,414.0,109.9,2273.4
240,Еврейская автономная область,2000,11.0,0.1764799154334038,19484.8,107.0,67.0,20.0,114.18,193.2
241,Еврейская автономная область,2001,12.0,1.0729102716699033,24877.5,108.6,67.2,21.0,117.5,191.9
242,Еврейская автономная область,2002,12.0,1.1719529136506543,35766.0,100.6,67.2,21.0,109.7,190.6
243,Еврейская автономная область,2003,12.0,0.6432991616654602,45196.1,105.4,67.6,20.0,108.6,188.4
244,Еврейская автономная область,2004,14.0,0.4142143550383317,60029.9,107.6,67.2,20.0,101.0,185.8
245,Еврейская автономная область,2005,14.0,0.5280691626420354,77319.2,106.3,67.2,21.0,103.0,181.7
246,Еврейская автономная область,2006,14.0,0.9011726224912108,99578.4,101.8,67.2,20.0,104.2,179.4
247,Еврейская автономная область,2007,14.0,2.837632817867243,132505.0,102.3,67.3,20.0,122.7,178.7
248,Еврейская автономная область,2008,13.0,2.18708762564124,134377.5,101.8,67.4,24.0,118.6,178.1
249,Еврейская автономная область,2009,14.0,0.8610588467614535,142388.0,90.2,67.3,25.0,81.2,177.5
250,Еврейская автономная область,2010,15.0,0.9374887105105544,178380.6,107.4,67.8,25.0,102.5,176.3
251,Еврейская автономная область,2011,16.0,0.0992500063344059,225382.9,101.3,68.4,26.0,100.1,173.9
252,Еврейская автономная область,2012,14.65,1.1028191822869389,247338.9,88.2,68.4,23.21,104.1,171.7
253,Еврейская автономная область,2013,14.0,0.3404062588638179,225611.9,64.6,68.7,21.36,102.6,169.0
254,Еврейская автономная область,2014,12.89,0.0363314667410442,250145.1,129.5,69.3,21.79,113.3,166.4
255,Еврейская автономная область,2015,13.58,0.0430914738703798,269785.3,100.2,69.8,18.36,91.3,163.9
256,Еврейская автономная область,2016,13.53,0.5951719614852399,298404.2,78.1,70.1,18.78,90.2,161.6
257,Еврейская автономная область,2017,13.54,2.07860968372295,344645.5,116.1,70.5,14.77,160.4,159.1
258,Еврейская автономная область,2018,10.72,0.4063740202060178,345698.0,105.0,70.8,14.54,114.9,156.7
259,Еврейская автономная область,2019,12.57,,365145.1,54.6,70.8,13.46,102.6,154.7
260,Еврейская автономная область,2020,11.74,,411199.2,119.2,70.7,13.35,102.4,152.6
261,Еврейская автономная область,2021,12.4,0.309193513136568,523964.8,101.2,70.8,14.68,96.9,149.6
262,Еврейская автономная область,2022,11.94,0.355839764391481,543204.8,117.4,70.8,16.13,107.0,147.5
263,Еврейская автономная область,2023,12.0,0.1871608262168188,697100.0,114.1,70.8,19.0,94.3,145.8
264,Забайкальский край,2000,80.0,0.180660525036137,25320.1,89.2,63.6,570.0,101.5,1178.8
265,Забайкальский край,2001,94.0,0.5472748383571624,29979.7,90.3,63.8,519.0,107.3,1165.4
266,Забайкальский край,2002,77.0,0.5063788777218678,38443.3,108.8,63.9,471.0,102.1,1152.6
267,Забайкальский край,2003,75.0,0.433307354338561,46308.5,94.9,64.0,479.0,109.4,1142.7
268,Забайкальский край,2004,84.0,0.3239996212974479,53845.5,95.4,64.0,379.0,92.7,1132.8
269,Забайкальский край,2005,83.0,0.4600094763457488,61741.0,107.3,64.2,406.0,104.0,1123.3
270,Забайкальский край,2006,79.0,0.5503862469842536,81066.2,101.2,64.6,358.0,102.5,1115.1
271,Забайкальский край,2007,85.0,0.4947084704897205,99544.9,101.8,64.9,282.0,103.7,1111.4
272,Забайкальский край,2008,97.0,0.7879033085772121,126362.1,105.3,65.1,263.0,100.4,1109.2
273,Забайкальский край,2009,98.0,0.4917279267019723,133973.5,105.1,65.5,264.0,97.0,1109.0
274,Забайкальский край,2010,78.0,0.0766595798911495,150548.9,101.5,66.0,234.0,114.9,1106.2
275,Забайкальский край,2011,95.0,0.2157086462385159,185196.6,104.2,66.4,252.0,111.4,1095.5
276,Забайкальский край,2012,85.63,0.6643077071449238,205203.2,105.2,66.8,214.06,106.6,1087.4
277,Забайкальский край,2013,35.49,1.2407949942287408,211655.3,99.3,67.2,235.77,107.5,1078.8
278,Забайкальский край,2014,30.76,0.5304319351662914,218366.2,102.8,67.5,236.04,104.6,1072.1
279,Забайкальский край,2015,35.44,0.5553353667153612,231890.2,93.7,67.8,230.95,99.4,1063.9
280,Забайкальский край,2016,34.18,0.8742182705710776,263346.5,100.3,68.1,231.08,103.1,1056.0
281,Забайкальский край,2017,45.35,1.0986741857783766,291717.4,99.3,68.3,229.46,103.7,1046.0
282,Забайкальский край,2018,51.62,2.5518238200512067,326599.2,100.4,68.5,227.78,103.8,1035.1
283,Забайкальский край,2019,75.25,1.3423995842766725,358683.8,95.7,68.8,225.0,105.6,1025.1
284,Забайкальский край,2020,87.19,0.6744010720676926,414483.8,99.1,68.9,217.98,99.5,1014.7
285,Забайкальский край,2021,61.65,0.5745234356263794,512723.1,95.8,69.3,216.52,108.5,1000.5
286,Забайкальский край,2022,70.68,1.0045503253077834,549172.0,97.8,69.5,211.1,102.4,992.4
287,Забайкальский край,2023,67.0,1.3485049173928942,726800.0,94.5,69.8,212.0,102.7,984.4
288,Ивановская область,2000,168.0,0.3684260355029586,14240.0,115.0,82.5,264.0,110.3,1179.0
289,Ивановская область,2001,169.0,0.2103995779201746,18947.2,89.6,82.6,256.0,108.3,1161.9
290,Ивановская область,2002,160.0,0.0959249554320955,23396.9,94.6,82.7,255.0,97.2,1144.5
291,Ивановская область,2003,158.0,0.1463693676877036,29192.4,102.5,82.6,254.0,103.3,1131.0
292,Ивановская область,2004,152.0,0.1252956966488543,35732.7,96.3,80.4,237.0,107.8,1116.7
293,Ивановская область,2005,144.0,0.93140667426163,40039.1,96.0,80.5,216.0,110.1,1101.8
294,Ивановская область,2006,140.0,0.569932837175531,50271.5,104.9,80.6,212.0,113.0,1089.8
295,Ивановская область,2007,136.0,0.3723860231164383,68865.7,100.4,80.8,207.0,112.5,1081.1
296,Ивановская область,2008,127.0,0.2503785339898804,80708.5,91.5,80.9,185.0,99.4,1074.3
297,Ивановская область,2009,114.0,0.0658313223120561,81286.7,104.0,80.8,171.0,85.5,1067.8
298,Ивановская область,2010,102.0,,103280.0,91.8,81.0,168.0,107.9,1060.1
299,Ивановская область,2011,99.0,0.1341929818300862,122231.4,109.3,81.0,156.0,105.7,1049.1
300,Ивановская область,2012,96.9,0.6851067112368218,130362.4,95.7,81.1,136.65,104.6,1039.2
301,Ивановская область,2013,88.12,0.2157193985667581,153048.9,93.0,81.1,127.63,106.2,1028.5
302,Ивановская область,2014,82.22,0.1339506758109204,148470.2,94.4,81.3,154.94,97.3,1017.4
303,Ивановская область,2015,70.25,0.0275025967011508,178498.0,103.7,81.3,136.16,92.1,1005.2
304,Ивановская область,2016,69.12,0.0541904375989342,205911.0,97.7,81.4,129.62,107.7,993.8
305,Ивановская область,2017,68.69,0.0051255573278761,215218.9,98.8,81.5,124.02,100.0,980.6
306,Ивановская область,2018,60.49,0.1176268938155717,238961.1,99.5,81.6,122.53,102.1,965.3
307,Ивановская область,2019,60.9,1.036937053891671,265742.3,99.0,81.8,88.31,102.6,953.6
308,Ивановская область,2020,62.0,0.0183340952132175,284826.2,106.3,81.8,92.09,108.5,938.8
309,Ивановская область,2021,59.39,0.6842948686769639,331080.1,96.8,82.0,94.35,108.8,924.1
310,Ивановская область,2022,58.19,2.9450942471014363,395919.8,102.7,82.1,94.09,101.7,914.7
311,Ивановская область,2023,17.0,1.3671459789898484,478100.0,108.5,82.1,86.0,110.0,905.9
312,Иркутская область,2000,893.0,0.5179907934665064,39115.2,89.6,79.3,1347.0,101.6,2623.2
313,Иркутская область,2001,890.0,0.7217598137059215,46044.3,103.2,79.3,1307.0,99.0,2599.6
314,Иркутская область,2002,820.0,0.7195189017653155,54156.9,100.6,79.3,1299.0,117.8,2577.7
315,Иркутская область,2003,823.0,0.9124970299612154,65468.6,94.9,79.4,1344.0,104.2,2552.3
316,Иркутская область,2004,785.0,0.6492758067980278,84014.3,101.9,79.3,1021.0,100.3,2524.1
317,Иркутская область,2005,814.0,0.566508311845809,102904.3,99.3,79.3,949.0,108.6,2492.2
318,Иркутская область,2006,807.0,0.3580735129338161,133413.7,98.4,79.4,1025.0,108.0,2467.4
319,Иркутская область,2007,789.0,0.5182075361345589,163588.0,108.3,79.4,1013.0,104.4,2455.4
320,Иркутская область,2008,814.0,0.5238847958903723,178988.3,101.5,79.4,1154.0,104.8,2448.3
321,Иркутская область,2009,640.0,0.4517537031777457,187688.7,97.3,79.4,883.0,96.1,2440.4
322,Иркутская область,2010,594.0,0.3169948676257596,224364.2,97.2,79.6,1008.0,113.3,2428.0
323,Иркутская область,2011,583.0,0.5390319991099364,261516.9,102.1,79.4,1011.0,111.4,2425.0
324,Иркутская область,2012,614.26,0.2973880024651355,304432.0,101.3,79.2,1109.69,112.9,2423.2
325,Иркутская область,2013,537.89,0.932183109112982,332498.6,101.3,79.0,921.24,102.5,2420.1
326,Иркутская область,2014,499.98,0.6405415153590323,378852.0,102.4,78.9,801.79,104.4,2417.2
327,Иркутская область,2015,507.01,0.7979316725592123,414538.8,92.1,78.8,828.99,105.8,2415.7
328,Иркутская область,2016,514.27,0.8113423260816208,471911.8,106.1,78.6,802.11,107.9,2412.4
329,Иркутская область,2017,524.49,1.3827429976400911,526207.1,100.8,78.3,860.91,104.7,2408.2
330,Иркутская область,2018,527.65,1.223969988063092,607208.3,99.6,78.1,921.34,101.0,2402.4
331,Иркутская область,2019,510.05,1.8653417024306247,641937.5,96.7,77.9,871.04,100.4,2396.4
332,Иркутская область,2020,441.72,2.6639394627653687,625618.7,103.8,77.7,878.7,102.7,2380.8
333,Иркутская область,2021,426.29,1.6908348143365677,831532.4,100.8,77.6,860.69,101.2,2363.4
334,Иркутская область,2022,447.13,1.6280429636651674,1001234.6,103.6,77.5,963.58,102.5,2344.4
335,Иркутская область,2023,464.0,2.6119051947994154,1086400.0,97.6,77.4,1037.0,98.3,2330.5
336,Кабардино-Балкарская Республика,2000,49.0,0.1742026659470361,15948.9,108.4,56.6,480.0,117.2,886.7
337,Кабардино-Балкарская Республика,2001,50.0,0.7570525579505536,21834.2,113.4,56.6,436.0,111.7,894.3
338,Кабардино-Балкарская Республика,2002,54.0,0.779433137939362,25369.9,105.4,56.6,418.0,106.0,901.1
339,Кабардино-Балкарская Республика,2003,52.0,0.8008839345473008,29036.2,102.6,58.6,488.0,116.2,889.6
340,Кабардино-Балкарская Республика,2004,50.0,0.4699152236093471,32884.8,103.6,58.3,476.0,104.5,877.3
341,Кабардино-Балкарская Республика,2005,47.0,0.9474335793057388,42253.1,92.7,57.7,463.0,121.5,866.2
342,Кабардино-Балкарская Республика,2006,42.0,0.9802561550876594,50225.2,101.6,57.5,460.0,109.5,858.5
343,Кабардино-Балкарская Республика,2007,39.0,1.2091263926458893,57011.8,107.4,57.4,457.0,111.7,857.3
344,Кабардино-Балкарская Республика,2008,38.0,1.5895781620631604,67731.3,110.1,54.8,454.0,105.3,858.1
345,Кабардино-Балкарская Республика,2009,35.0,0.6261352023527225,76451.1,104.1,54.7,448.0,112.7,859.6
346,Кабардино-Балкарская Республика,2010,33.0,1.0340202681666286,89668.3,109.6,54.4,443.0,100.2,859.8
347,Кабардино-Балкарская Республика,2011,32.0,0.8738996296684678,105251.5,109.4,54.1,441.0,107.9,861.7
348,Кабардино-Балкарская Республика,2012,29.58,2.8052210077292727,123604.5,104.6,53.8,443.13,122.4,865.0
349,Кабардино-Балкарская Республика,2013,28.54,3.631429691407253,128113.9,104.2,53.5,443.99,93.5,867.4
350,Кабардино-Балкарская Республика,2014,29.01,1.2129767465735846,134335.3,99.9,53.3,370.29,110.3,872.8
351,Кабардино-Балкарская Республика,2015,28.34,1.047699139126914,137647.8,104.1,53.1,375.2,104.2,878.5
352,Кабардино-Балкарская Республика,2016,29.39,0.3085137817152031,173590.0,104.9,52.8,378.97,90.2,883.9
353,Кабардино-Балкарская Республика,2017,29.28,,175147.8,104.7,52.6,347.74,100.4,888.5
354,Кабардино-Балкарская Республика,2018,30.85,,181478.0,103.1,52.4,347.75,80.6,892.1
355,Кабардино-Балкарская Республика,2019,30.69,,191721.5,104.9,52.2,345.45,97.6,897.4
356,Кабардино-Балкарская Республика,2020,28.81,,200313.5,108.4,52.0,302.84,115.1,900.6
357,Кабардино-Балкарская Республика,2021,28.06,,235770.1,109.0,51.9,255.17,105.4,904.3
358,Кабардино-Балкарская Республика,2022,29.42,0.0172767329077278,286415.1,110.0,51.8,141.84,106.5,903.3
359,Кабардино-Балкарская Республика,2023,25.0,,321900.0,110.1,51.7,156.0,102.4,905.5
360,Калининградская область,2000,152.0,0.1116258699973808,24308.8,102.5,77.6,188.0,117.0,957.5
361,Калининградская область,2001,150.0,0.061440520676087,33797.4,93.5,77.6,186.0,110.1,955.4
362,Калининградская область,2002,151.0,0.524677033820784,42019.6,100.6,77.6,187.0,104.2,954.1
363,Калининградская область,2003,150.0,0.7698389783928636,49167.4,101.5,77.7,189.0,104.7,947.9
364,Калининградская область,2004,147.0,0.6310078870539021,70426.0,103.4,77.8,185.0,122.5,942.1
365,Калининградская область,2005,139.0,0.7616132437901405,87122.8,100.5,77.3,174.0,127.4,936.6
366,Калининградская область,2006,131.0,2.1818754744824203,110255.4,97.4,77.3,164.0,166.6,934.3
367,Калининградская область,2007,116.0,1.5481905150989004,153964.0,96.3,77.3,146.0,114.4,935.3
368,Калининградская область,2008,103.0,0.7827901110468369,191533.4,155.9,77.2,135.0,101.8,936.6
369,Калининградская область,2009,87.0,0.8309010875438592,180797.2,107.5,77.2,116.0,95.3,938.6
370,Калининградская область,2010,88.0,0.5550061788278976,208193.2,95.5,77.6,112.0,116.0,941.8
371,Калининградская область,2011,91.0,0.5041842320152959,255184.6,99.4,77.3,115.0,150.1,947.0
372,Калининградская область,2012,103.05,1.144960860894509,278984.6,106.3,77.2,116.54,101.9,955.3
373,Калининградская область,2013,102.18,0.5460020957947092,287490.4,104.2,77.1,111.6,99.1,964.0
374,Калининградская область,2014,102.82,0.3233571514761931,324788.4,110.2,77.0,109.18,109.9,970.1
375,Калининградская область,2015,106.74,1.0327226739801714,359164.5,110.1,76.9,103.83,92.2,977.8
376,Калининградская область,2016,111.06,0.4056007397836799,424365.1,94.9,76.9,108.96,100.9,987.9
377,Калининградская область,2017,111.12,0.3458250424914972,450182.7,101.0,76.8,108.05,101.8,996.5
378,Калининградская область,2018,100.27,0.3032430006422024,493056.8,110.0,76.9,104.66,104.9,1004.5
379,Калининградская область,2019,106.85,0.0173188966644092,515852.5,114.4,76.9,108.86,100.4,1015.3
380,Калининградская область,2020,104.7,0.0736879204356292,539350.5,109.2,76.9,107.77,93.6,1021.6
381,Калининградская область,2021,90.83,0.1875373275329052,666279.8,99.7,76.8,109.31,104.3,1031.0
382,Калининградская область,2022,88.12,0.0264548766164467,715358.6,101.9,76.6,110.77,77.3,1032.3
383,Калининградская область,2023,97.0,0.1814469300345297,760000.0,103.2,76.5,106.0,96.7,1033.9
384,Калужская область,2000,109.0,0.2044328607347102,22438.0,102.2,74.4,164.0,116.12,1060.3
385,Калужская область,2001,113.0,0.2768876333961079,30201.9,97.6,74.6,157.0,116.3,1049.6
386,Калужская область,2002,112.0,0.1891983231008151,35708.4,92.8,74.9,160.0,110.02,1038.6
387,Калужская область,2003,108.0,0.3189395134927971,47136.5,106.3,75.0,152.0,116.42,1031.7
388,Калужская область,2004,105.0,0.8826546975711197,56325.6,97.9,75.0,147.0,106.5,1027.6
389,Калужская область,2005,99.0,0.4254252408958493,69192.2,93.9,75.2,145.0,105.8,1023.3
390,Калужская область,2006,99.0,0.3461270683281002,84317.4,96.5,75.2,141.0,107.8,1020.2
391,Калужская область,2007,98.0,0.3814506252849315,109790.3,107.6,75.3,141.0,110.7,1017.7
392,Калужская область,2008,96.0,0.3219643816525083,147929.5,100.5,75.3,135.0,122.9,1015.6
393,Калужская область,2009,95.0,0.4486405917928878,152611.6,104.1,75.2,136.0,94.7,1015.0
394,Калужская область,2010,92.0,0.4997268841731207,186347.8,91.4,76.3,129.0,133.5,1009.2
395,Калужская область,2011,88.0,0.4568469301253679,232085.4,106.4,76.2,126.0,125.3,1013.8
396,Калужская область,2012,83.86,0.6083904807110511,280982.6,102.8,76.2,122.33,110.2,1016.7
397,Калужская область,2013,93.03,1.694088737574315,287440.6,92.3,76.1,117.81,105.9,1020.9
398,Калужская область,2014,89.54,1.4778135419554337,318031.6,103.2,76.2,112.88,103.9,1032.1
399,Калужская область,2015,86.42,1.6163202464792876,328423.9,109.3,76.0,108.8,94.6,1037.0
400,Калужская область,2016,84.02,0.3073720584288223,392893.2,100.1,75.8,102.89,108.1,1047.4
401,Калужская область,2017,72.4,0.6645818587580199,435720.9,111.9,75.7,110.28,119.8,1050.5
402,Калужская область,2018,71.49,1.0244369840999057,482561.6,110.7,75.4,102.45,109.7,1053.4
403,Калужская область,2019,71.36,0.3838718936662423,522193.9,112.8,75.2,97.36,105.7,1052.2
404,Калужская область,2020,71.86,0.638009218079224,533059.9,105.1,75.0,97.66,101.3,1056.0
405,Калужская область,2021,72.07,0.6784879212045495,630411.9,100.1,75.0,102.34,107.9,1073.3
406,Калужская область,2022,72.86,0.3515457074856948,647307.2,104.7,74.9,103.95,84.7,1070.9
407,Калужская область,2023,73.0,0.7770454062097878,740700.0,106.3,74.8,108.0,111.0,1068.4
408,Камчатский край,2000,34.0,0.0263716394626447,49108.7,102.4,81.0,261.0,109.1,366.4
409,Камчатский край,2001,36.0,0.2794148933860722,63274.0,87.3,81.0,252.0,81.4,361.7
410,Камчатский край,2002,35.0,0.2014651165486305,71934.1,97.6,81.1,246.0,103.5,357.9
411,Камчатский край,2003,35.0,3.157484116045316,83980.4,98.4,81.1,209.0,107.8,350.5
412,Камчатский край,2004,29.0,0.1995828033000088,101205.1,88.8,78.9,206.0,100.3,343.9
413,Камчатский край,2005,29.0,0.168666698503444,129240.8,93.2,78.9,218.0,106.6,336.6
414,Камчатский край,2006,32.0,0.0600786175289291,168173.2,98.6,79.0,224.0,101.6,330.8
415,Камчатский край,2007,41.0,0.1133711075596881,200610.1,96.5,79.1,220.0,100.6,327.9
416,Камчатский край,2008,47.0,0.1001650518982252,238404.5,102.3,78.0,180.0,100.9,325.2
417,Камчатский край,2009,46.0,0.072286228698945,291953.6,110.1,78.3,185.0,99.8,323.1
418,Камчатский край,2010,46.0,,319849.2,94.3,77.4,165.0,101.5,321.7
419,Камчатский край,2011,38.0,0.8674196224904023,357472.7,105.1,77.3,171.0,105.6,318.3
420,Камчатский край,2012,31.56,0.7435102623207891,401282.1,93.6,77.5,172.94,105.2,316.8
421,Камчатский край,2013,28.89,0.8120654749407636,422674.6,99.4,77.6,164.64,97.1,314.3
422,Камчатский край,2014,25.77,0.668680054307968,467137.3,107.7,77.6,160.38,104.4,309.8
423,Камчатский край,2015,25.43,0.0972781474623271,568960.5,95.4,77.7,150.79,103.4,306.8
424,Камчатский край,2016,22.74,0.4614148270122405,734324.9,102.0,77.8,151.92,113.2,303.5
425,Камчатский край,2017,27.24,0.1965305661812916,752942.5,105.3,77.8,145.53,105.7,302.5
426,Камчатский край,2018,27.28,0.1323113357220732,873638.6,102.1,77.8,148.29,112.8,299.9
427,Камчатский край,2019,26.46,0.0466238368026096,936960.3,118.1,77.7,146.79,95.5,296.4
428,Камчатский край,2020,24.55,0.8068885879740674,1005493.0,101.0,77.8,146.4,95.1,293.3
429,Камчатский край,2021,24.73,0.7472691259409333,1199105.8,104.0,77.9,148.43,112.3,292.6
430,Камчатский край,2022,22.57,1.2787035235390214,1228904.5,99.9,78.0,147.84,85.4,288.7
431,Камчатский край,2023,23.0,0.7182813571729283,1523800.0,99.1,78.2,150.0,129.7,288.9
432,Карачаево-Черкесская Республика,2000,61.0,0.0035521376911105,12404.2,109.8,43.9,73.0,115.8,440.6
433,Карачаево-Черкесская Республика,2001,62.0,0.0286178462210572,16639.7,99.3,43.9,77.0,119.8,439.8
434,Карачаево-Черкесская Республика,2002,55.0,0.5035771166153696,23297.3,105.0,44.1,60.0,109.2,438.9
435,Карачаево-Черкесская Республика,2003,57.0,0.0243356472811838,25999.0,95.6,44.2,65.0,109.9,444.4
436,Карачаево-Черкесская Республика,2004,59.0,0.1311627765250776,29348.9,103.7,44.3,56.0,107.1,450.2
437,Карачаево-Черкесская Республика,2005,53.0,1.851078968925456,36971.7,102.2,44.4,53.0,96.4,454.5
438,Карачаево-Черкесская Республика,2006,55.0,0.9307010717924686,50778.7,105.9,44.2,50.0,115.7,461.6
439,Карачаево-Черкесская Республика,2007,53.0,1.3559915106462757,59200.9,103.9,43.9,44.0,110.7,466.4
440,Карачаево-Черкесская Республика,2008,54.0,0.7110785065884158,76277.2,107.4,44.0,44.0,96.1,470.1
441,Карачаево-Черкесская Республика,2009,53.0,0.1313463317791525,81758.5,106.2,43.7,43.0,106.0,473.8
442,Карачаево-Черкесская Республика,2010,51.0,0.0450087625854781,91782.3,97.7,43.3,43.0,116.0,477.4
443,Карачаево-Черкесская Республика,2011,47.0,0.0118433528722633,103449.4,110.4,43.0,41.0,119.7,474.8
444,Карачаево-Черкесская Республика,2012,45.01,0.9371260779294216,123977.6,98.9,42.6,40.67,124.7,472.3
445,Карачаево-Черкесская Республика,2013,43.09,1.2274087610011706,140225.1,105.9,42.3,39.26,89.8,470.5
446,Карачаево-Черкесская Республика,2014,41.4,1.0398413509963782,138920.1,94.5,42.2,38.62,79.2,470.0
447,Карачаево-Черкесская Республика,2015,41.58,,143606.8,106.0,42.1,122.77,102.0,469.8
448,Карачаево-Черкесская Республика,2016,41.92,1.3546768702934624,167223.9,101.9,41.9,72.69,103.9,469.3
449,Карачаево-Черкесская Республика,2017,42.23,0.1723812791787892,176253.4,99.4,41.7,77.88,105.6,469.9
450,Карачаево-Черкесская Республика,2018,44.85,0.0074249544250558,182466.9,101.5,41.7,84.59,94.7,469.9
451,Карачаево-Черкесская Республика,2019,43.03,,194488.5,100.7,41.5,98.48,108.2,470.4
452,Карачаево-Черкесская Республика,2020,42.64,,202626.9,87.0,41.4,65.25,88.3,470.3
453,Карачаево-Черкесская Республика,2021,47.92,,231202.6,108.7,41.3,94.67,110.1,469.1
454,Карачаево-Черкесская Республика,2022,46.05,,268526.2,104.0,41.4,115.17,103.3,468.4
455,Карачаево-Черкесская Республика,2023,44.0,,306000.0,102.7,41.4,122.0,114.5,468.3
456,Кемеровская область — Кузбасс,2000,787.0,0.7622731693792609,30047.8,111.3,86.5,2276.0,104.32,2942.3
457,Кемеровская область — Кузбасс,2001,778.0,0.5673548904131979,38839.7,99.6,86.7,2216.0,103.72,2917.8
458,Кемеровская область — Кузбасс,2002,759.0,0.1888014324671499,46860.1,97.8,86.7,2153.0,98.62,2893.4
459,Кемеровская область — Кузбасс,2003,718.0,0.2467291397190228,57302.3,105.2,86.8,2073.0,108.26,2862.1
460,Кемеровская область — Кузбасс,2004,708.0,0.3657034631149217,85850.4,97.0,85.1,1954.0,104.4,2833.0
461,Кемеровская область — Кузбасс,2005,695.0,0.6439428204635139,104764.5,96.1,85.1,2057.0,103.9,2805.9
462,Кемеровская область — Кузбасс,2006,733.0,0.5012617960986597,122394.2,106.1,85.2,2098.0,106.6,2786.0
463,Кемеровская область — Кузбасс,2007,767.0,0.623981989546591,157302.2,110.0,85.2,2071.0,102.7,2780.2
464,Кемеровская область — Кузбасс,2008,782.0,0.4213863506961863,207286.2,106.1,85.2,2102.0,99.2,2776.4
465,Кемеровская область — Кузбасс,2009,746.0,0.5592939610622785,184674.1,101.6,85.3,2083.0,90.7,2773.0
466,Кемеровская область — Кузбасс,2010,700.0,0.2725147300375817,226198.1,92.8,85.4,1751.0,110.4,2761.3
467,Кемеровская область — Кузбасс,2011,661.0,0.3541260205027061,272621.9,102.6,85.5,2009.0,101.4,2749.7
468,Кемеровская область — Кузбасс,2012,572.06,0.95088041492348,261689.8,81.7,85.6,1991.97,102.6,2740.2
469,Кемеровская область — Кузбасс,2013,597.91,0.9012349268396384,244180.8,109.6,85.7,1731.18,98.9,2730.8
470,Кемеровская область — Кузбасс,2014,478.26,1.385052711083688,275920.0,101.9,85.9,1726.37,105.7,2720.3
471,Кемеровская область — Кузбасс,2015,462.13,1.0089401092363817,310498.7,102.4,86.0,1737.1,101.8,2711.9
472,Кемеровская область — Кузбасс,2016,443.99,0.8060351875117133,333713.4,98.2,86.1,1681.24,103.4,2702.0
473,Кемеровская область — Кузбасс,2017,432.77,1.3787241736431115,407447.3,101.4,86.2,1672.01,103.6,2687.0
474,Кемеровская область — Кузбасс,2018,355.07,1.1164562909198297,473228.2,98.5,86.4,1524.79,101.0,2665.3
475,Кемеровская область — Кузбасс,2019,300.65,2.3238469501028107,417916.8,98.9,86.4,2288.79,102.9,2647.7
476,Кемеровская область — Кузбасс,2020,264.77,2.19126885470938,396616.6,106.7,86.5,1477.14,96.2,2622.3
477,Кемеровская область — Кузбасс,2021,225.07,1.168462198044063,699481.8,111.8,86.5,1273.71,106.8,2592.0
478,Кемеровская область — Кузбасс,2022,203.81,1.8965411512700805,848312.2,110.1,86.5,1474.27,95.9,2568.2
479,Кемеровская область — Кузбасс,2023,212.0,1.6261413015465185,736500.0,86.2,86.5,1457.0,98.7,2547.7
480,Кировская область,2000,179.0,0.2577275292356001,23165.6,97.1,71.2,247.0,112.51,1536.8
481,Кировская область,2001,176.0,0.1976112136981702,27297.1,103.1,71.6,254.0,86.07,1518.4
482,Кировская область,2002,171.0,0.1516456491549639,33124.0,87.4,71.8,256.0,98.43,1499.0
483,Кировская область,2003,171.0,0.1851535924755778,38900.6,94.6,72.2,258.0,100.62,1472.5
484,Кировская область,2004,167.0,0.0860744885172728,48464.8,97.4,72.9,266.0,103.1,1445.3
485,Кировская область,2005,132.0,0.0291238411741265,55726.6,92.5,72.3,256.0,100.3,1418.7
486,Кировская область,2006,159.0,0.1826247255198764,68958.3,97.2,72.6,261.0,108.3,1396.0
487,Кировская область,2007,147.0,0.185415078003536,85144.4,90.8,73.1,259.0,101.7,1379.4
488,Кировская область,2008,147.0,0.1244415739623747,110127.9,100.1,73.3,268.0,98.7,1365.0
489,Кировская область,2009,139.0,0.2517965600360303,107680.4,103.0,73.6,245.0,90.1,1352.7
490,Кировская область,2010,205.0,0.2366882890828072,128073.7,86.4,74.1,237.0,111.4,1338.8
491,Кировская область,2011,176.0,0.4381370362499008,146903.7,111.4,74.4,229.0,110.0,1319.7
492,Кировская область,2012,170.65,0.5942667671916411,159030.0,95.4,74.7,219.76,100.8,1302.5
493,Кировская область,2013,169.13,0.2282198308917642,173192.9,93.7,75.0,214.04,100.2,1286.0
494,Кировская область,2014,146.31,0.1956790405266807,198742.1,110.3,75.4,192.67,103.9,1271.0
495,Кировская область,2015,131.93,0.2343383098681389,223251.7,98.6,75.7,184.31,103.3,1257.0
496,Кировская область,2016,127.28,0.4281434792676262,250772.9,104.0,76.0,184.43,102.7,1243.5
497,Кировская область,2017,85.94,0.3085236307340611,268466.4,96.3,76.4,178.12,101.0,1227.9
498,Кировская область,2018,79.04,0.2902658199003299,289855.8,104.5,76.8,181.44,103.3,1209.6
499,Кировская область,2019,110.57,0.5672047001586622,308454.0,100.4,77.2,182.88,101.3,1192.5
500,Кировская область,2020,110.2,0.4091525615019443,335637.0,108.4,77.6,177.13,104.1,1172.8
501,Кировская область,2021,105.81,0.3054506344217955,420844.8,98.7,77.9,180.0,114.6,1149.2
502,Кировская область,2022,105.09,0.5344454999412144,484903.7,111.5,78.3,174.01,103.3,1138.1
503,Кировская область,2023,81.0,0.1604266601531071,534300.0,97.5,78.7,151.0,110.5,1129.9
504,Костромская область,2000,64.0,0.4048384967171202,21984.7,102.9,66.8,1515.0,108.18,754.0
505,Костромская область,2001,63.0,0.2884008730283734,29668.3,97.8,67.1,1480.0,103.4,743.9
506,Костромская область,2002,57.0,0.4566426102670607,35109.5,96.9,67.4,1470.0,102.11,734.5
507,Костромская область,2003,64.0,0.5126279380710694,40741.1,93.8,67.9,1622.0,106.22,723.1
508,Костромская область,2004,65.0,2.031491978807751,52661.0,93.2,68.1,1635.0,104.5,712.0
509,Костромская область,2005,64.0,0.2217448030310151,63304.4,98.6,68.6,1574.0,108.9,699.8
510,Костромская область,2006,66.0,0.2691923438532063,78226.9,101.7,69.1,1632.0,111.1,689.8
511,Костромская область,2007,64.0,0.1419565177685371,95687.2,97.0,69.2,1742.0,105.7,683.4
512,Костромская область,2008,65.0,0.0942365996345046,119071.5,94.2,69.4,1671.0,100.2,677.8
513,Костромская область,2009,61.0,0.0551617002890243,116856.2,99.5,69.6,1508.0,83.8,672.9
514,Костромская область,2010,47.0,0.021953374428186,146536.9,91.0,70.0,1800.0,115.7,666.4
515,Костромская область,2011,46.0,0.2919253912807876,176159.8,111.3,70.2,1905.0,108.2,657.8000000000001
516,Костромская область,2012,47.44,0.0904865775402704,199938.0,98.0,70.5,1906.9,103.7,651.1
517,Костромская область,2013,40.54,0.0430231362024056,214581.7,93.0,70.9,1982.26,104.6,644.6
518,Костромская область,2014,37.06,0.1051669205317195,228669.8,97.3,71.4,2076.02,100.0,638.7
519,Костромская область,2015,36.41,0.0312505059789587,252781.6,95.1,71.6,1781.24,91.5,631.8
520,Костромская область,2016,35.79,0.0608290551745894,271006.1,96.7,72.0,1988.09,101.8,624.5
521,Костромская область,2017,35.38,0.0432596131004405,287837.4,93.4,72.4,1864.94,107.0,615.7
522,Костромская область,2018,33.91,0.1837848236484616,314092.1,97.9,72.6,1810.9,97.1,605.7
523,Костромская область,2019,35.23,0.0699347566055379,338677.9,101.0,73.0,1727.85,108.2,598.0
524,Костромская область,2020,36.81,0.090622842811937,343868.4,106.2,73.4,1137.57,90.1,589.2
525,Костромская область,2021,39.3,0.751954684293033,424108.4,95.5,73.8,1587.89,113.4,578.0
526,Костромская область,2022,38.08,0.2022156620740396,480119.7,100.4,74.1,1724.02,92.5,571.9
527,Костромская область,2023,33.0,0.6440587915506132,555300.0,105.6,74.5,1548.0,108.6,566.3
528,Краснодарский край,2000,1076.0,0.1937753281123177,26713.9,114.8,53.5,3572.0,109.7,5132.8
529,Краснодарский край,2001,1039.0,0.4104114634929051,34912.4,110.3,53.5,3483.0,101.5,5131.6
530,Краснодарский край,2002,986.0,1.2910033454647,42477.6,105.8,53.5,3485.0,105.0,5119.8
531,Краснодарский край,2003,1252.0,0.1171067585807362,48572.8,90.5,53.5,3397.0,105.1,5114.9
532,Краснодарский край,2004,1226.0,0.126647994602447,61291.7,118.6,52.8,3231.0,105.6,5118.9
533,Краснодарский край,2005,795.0,0.2073355360714,72794.1,102.5,52.8,3105.0,109.2,5127.3
534,Краснодарский край,2006,907.0,0.224029844362246,94244.0,104.1,52.8,3413.0,122.9,5142.9
535,Краснодарский край,2007,887.0,0.141421940654228,125700.4,98.7,52.8,3420.0,110.9,5170.7
536,Краснодарский край,2008,858.0,0.0900526613638311,155103.6,123.1,52.8,3253.0,100.4,5194.4
537,Краснодарский край,2009,820.0,0.1586652929486226,165555.1,94.8,52.8,3107.0,87.8,5214.2
538,Краснодарский край,2010,863.0,0.1838370473293809,196914.3,102.8,52.9,3142.0,104.2,5230.0
539,Краснодарский край,2011,920.0,0.2720486227163109,236464.8,111.2,53.4,3278.0,107.1,5297.2
540,Краснодарский край,2012,891.89,0.1141760749708048,273999.1,88.3,53.7,3235.77,108.3,5356.1
541,Краснодарский край,2013,839.32,0.0969632833225824,307971.4,106.6,54.2,3013.79,102.5,5443.4
542,Краснодарский край,2014,832.89,0.6704347453137786,326019.5,101.4,54.5,3005.12,105.3,5505.8
543,Краснодарский край,2015,857.77,0.263805963252053,348836.0,102.9,54.8,3055.94,104.8,5579.7
544,Краснодарский край,2016,900.88,0.1241313195466077,401975.1,105.2,55.2,3155.94,104.9,5650.2
545,Краснодарский край,2017,765.93,0.0778789869886431,427061.4,101.7,55.6,3168.35,104.5,5695.9
546,Краснодарский край,2018,718.03,0.0787701424308141,436674.8,96.4,56.0,3157.43,101.6,5753.799999999999
547,Краснодарский край,2019,732.17,0.0565800474799283,446335.4,108.9,56.2,3779.93,102.9,5794.1
548,Краснодарский край,2020,518.52,0.1393932847590618,459481.1,91.4,56.6,2871.89,95.0,5815.6
549,Краснодарский край,2021,672.19,1.388263623454003,563372.1,114.0,57.0,3162.43,108.3,5832.0
550,Краснодарский край,2022,800.87,1.195554894469444,738801.1,109.7,57.1,2704.82,103.8,5819.3
551,Краснодарский край,2023,34.0,0.8449117944625733,819100.0,95.7,57.3,692.0,106.0,5833.0
552,Красноярский край,2000,617.0,1.0477483978353015,71281.0,103.9,75.4,2900.0,102.1,3000.9
553,Красноярский край,2001,620.0,0.9778456269317516,80038.8,100.9,75.6,2604.0,102.1,2981.8
554,Красноярский край,2002,611.0,1.0248799432368425,77729.0,101.4,75.8,2605.0,104.3,2961.9
555,Красноярский край,2003,578.0,1.878369505036172,92547.5,102.3,76.0,2789.0,106.2,2931.9
556,Красноярский край,2004,531.0,1.9821088339137527,125287.8,101.5,76.0,2494.0,103.7,2901.9
557,Красноярский край,2005,531.0,2.3447767062532163,152389.0,101.7,75.7,2755.0,100.8,2869.3
558,Красноярский край,2006,462.0,0.8653686348733421,205042.4,102.1,75.5,2545.0,101.0,2845.4
559,Красноярский край,2007,449.0,0.7232629276550395,258394.3,104.0,76.0,2643.0,102.4,2837.0
560,Красноярский край,2008,481.0,1.0062730359285617,260318.2,103.3,75.8,3018.0,104.0,2832.6
561,Красноярский край,2009,453.0,1.0437579785657882,264478.7,102.7,76.0,2456.0,98.3,2832.9
562,Красноярский край,2010,444.0,0.8212297387555955,372848.1,95.7,76.4,2296.0,135.8,2829.1
563,Красноярский край,2011,448.0,1.0954956687463642,413129.4,98.1,76.7,2218.0,107.3,2839.0
564,Красноярский край,2012,425.63,1.3323134256457758,416138.6,93.1,77.0,2348.65,109.3,2847.7
565,Красноярский край,2013,391.11,1.5680943416206148,440842.2,99.0,77.4,2084.47,109.3,2854.7
566,Красноярский край,2014,366.69,1.8022415413577133,493601.6,95.1,77.7,1931.37,102.3,2861.3
567,Красноярский край,2015,327.23,2.4917629319397108,581761.5,100.3,78.0,2114.17,99.0,2869.7
568,Красноярский край,2016,313.28,2.083536539521189,633831.3,103.3,78.3,1916.8,99.0,2879.2
569,Красноярский край,2017,308.33,1.8346147858886936,686444.6,94.4,78.5,2006.24,103.9,2881.0
570,Красноярский край,2018,304.71,1.1504787093579834,824537.3,101.6,78.8,1909.84,106.4,2879.2
571,Красноярский край,2019,317.81,0.8968715085746615,937587.0,104.5,78.9,1848.77,101.7,2872.1
572,Красноярский край,2020,321.61,1.7852765371592134,950427.4,108.1,79.1,1542.13,91.7,2862.4
573,Красноярский край,2021,323.63,5.49965537787794,1091894.6,95.7,79.4,1458.77,98.1,2856.4
574,Красноярский край,2022,299.25,7.585867234190559,1164188.7,103.7,79.6,1940.76,103.2,2845.5
575,Красноярский край,2023,299.0,5.537897657379728,1307100.0,96.1,79.8,1843.0,98.4,2846.1
576,Курганская область,2000,62.0,0.5103832089472446,17758.7,94.7,56.3,84.0,102.36,1047.1
577,Курганская область,2001,18.0,0.2623902661980488,24429.3,104.3,56.4,82.0,115.91,1030.7
578,Курганская область,2002,62.0,0.2689159942286112,29253.3,91.6,56.4,74.0,90.46,1016.2
579,Курганская область,2003,57.0,0.3533722756989921,36759.0,94.1,57.0,68.0,113.03,999.4
580,Курганская область,2004,57.0,0.5629894562356077,42889.3,87.0,57.6,71.0,106.1,981.0
581,Курганская область,2005,59.0,0.4621968403329233,51724.0,114.5,58.4,70.0,105.4,961.8
582,Курганская область,2006,57.0,0.391492302858938,71738.6,103.1,58.9,67.0,106.8,946.1
583,Курганская область,2007,56.0,0.4225418126202575,86224.4,103.5,59.3,63.0,105.9,934.5
584,Курганская область,2008,54.0,0.7281778368567319,114237.4,102.7,59.5,61.0,101.3,925.2
585,Курганская область,2009,52.0,1.6081796236835644,117058.7,104.2,59.9,62.0,77.0,918.6
586,Курганская область,2010,50.0,0.5780161945037092,129013.4,78.1,60.3,62.0,113.2,908.8
587,Курганская область,2011,46.0,0.9540430192238994,151306.2,148.1,60.5,63.0,110.4,893.2
588,Курганская область,2012,42.55,0.340168646072628,164761.4,69.7,60.9,63.9,110.5,879.7
589,Курганская область,2013,39.79,0.4284057689901513,191153.9,114.8,61.5,58.78,100.8,868.0
590,Курганская область,2014,38.54,0.3684557011525433,197378.8,85.5,62.0,52.93,97.7,857.7
591,Курганская область,2015,37.86,0.0294167345180434,210550.4,107.1,62.4,54.25,101.8,846.8
592,Курганская область,2016,37.97,0.0610157921508319,240205.5,104.5,62.5,49.4,102.2,836.0
593,Курганская область,2017,36.09,0.2507343411807005,252940.7,106.1,62.7,51.74,101.9,824.4
594,Курганская область,2018,33.18,0.3083423666878643,263729.8,92.9,63.1,49.89,101.2,810.5
595,Курганская область,2019,31.79,0.6493756170147003,294094.2,101.9,63.4,46.39,105.4,800.0
596,Курганская область,2020,32.17,0.5442065846698547,302428.2,88.2,63.6,44.35,97.7,788.4
597,Курганская область,2021,31.31,0.0902558352120252,348779.7,88.2,64.0,45.32,104.8,772.3
598,Курганская область,2022,29.02,0.1280870628823808,442701.5,149.0,64.2,43.28,105.4,761.6
599,Курганская область,2023,28.0,0.2637303080663827,502400.0,79.7,64.4,44.0,117.1,753.0
600,Курская область,2000,39.0,0.1677489500359656,23677.7,119.7,60.8,320.0,102.5,1266.4
601,Курская область,2001,38.0,0.1120335826021022,28946.1,101.5,61.1,308.0,86.3,1248.6
602,Курская область,2002,38.0,0.156248813711945,36545.7,108.3,61.4,311.0,103.9,1231.1
603,Курская область,2003,35.0,0.1008635566331046,46131.2,98.3,61.7,314.0,119.3,1213.4
604,Курская область,2004,35.0,0.0360598697358772,63512.1,102.5,62.0,303.0,104.7,1195.8
605,Курская область,2005,34.0,0.104061303389672,72995.3,101.4,62.6,323.0,104.5,1177.6
606,Курская область,2006,33.0,0.0827562077248483,88949.4,101.3,63.1,263.0,106.5,1161.6
607,Курская область,2007,34.0,0.0574492037981661,111348.4,110.3,63.7,265.0,104.1,1151.9
608,Курская область,2008,35.0,0.0612903879170146,146276.4,121.3,64.2,250.0,95.0,1143.3
609,Курская область,2009,33.0,0.0332200909941084,141833.5,99.3,64.7,244.0,100.0,1135.0
610,Курская область,2010,37.0,0.0432845886827996,171322.1,81.4,65.4,248.0,106.5,1125.7
611,Курская область,2011,50.0,0.0666948071980333,203725.7,147.2,65.9,240.0,104.6,1121.0
612,Курская область,2012,45.21,0.0614822505339162,221698.6,108.0,66.4,233.39,103.3,1118.2
613,Курская область,2013,15.8,0.0422629975049946,242938.0,115.1,66.5,228.68,100.8,1117.3
614,Курская область,2014,14.44,0.0782735302508688,267217.4,113.9,66.8,229.85,105.8,1115.2
615,Курская область,2015,36.06,0.0220151727273104,301870.7,101.0,67.2,218.58,104.3,1117.5
616,Курская область,2016,36.4,0.038963482091431,338778.3,112.5,67.5,202.39,104.9,1120.0
617,Курская область,2017,38.3,0.0785248436233044,362712.1,108.5,67.7,208.62,103.2,1111.8
618,Курская область,2018,35.93,0.0601429488437374,407221.0,100.4,68.0,206.14,100.9,1103.2
619,Курская область,2019,35.57,0.0438039109079014,450211.6,107.4,68.3,210.84,102.0,1099.6
620,Курская область,2020,35.08,,477362.7,108.1,68.4,205.95,103.2,1091.6
621,Курская область,2021,32.47,,634611.0,88.9,68.5,219.26,107.7,1078.2
622,Курская область,2022,33.07,2.504307691151776,620432.2,118.9,68.5,206.81,94.5,1067.0
623,Курская область,2023,33.0,1.892036655440492,702700.0,105.0,68.8,199.0,111.3,1060.9
624,Ленинградская область,2000,424.0,1.0498765220465731,33265.1,102.6,66.3,5329.0,109.1,1680.4
625,Ленинградская область,2001,410.0,1.4260260537368208,45248.2,104.4,66.4,6294.0,104.78,1672.7
626,Ленинградская область,2002,398.0,1.464710017203711,56738.1,109.3,66.4,5681.0,119.75,1667.1
627,Ленинградская область,2003,387.0,3.3279608619866146,72578.7,91.0,66.4,5930.0,113.3,1673.3
628,Ленинградская область,2004,383.0,3.398695665234762,99230.0,97.7,66.2,5775.0,123.2,1681.5
629,Ленинградская область,2005,356.0,1.4930080241693842,122024.2,102.0,66.0,5879.0,108.1,1685.4
630,Ленинградская область,2006,355.0,2.0772726347392974,157122.1,99.0,65.9,5937.0,126.4,1691.1
631,Ленинградская область,2007,324.0,1.3989170905217188,182657.9,102.2,66.0,6255.0,102.8,1692.5
632,Ленинградская область,2008,324.0,0.9584328361713886,226011.0,102.2,65.9,6849.0,101.0,1698.9
633,Ленинградская область,2009,313.0,0.4765090713076693,252890.9,103.5,65.8,6149.0,96.9,1704.9
634,Ленинградская область,2010,291.0,0.1192777048184625,286435.4,102.3,65.7,6623.0,114.3,1718.6
635,Ленинградская область,2011,231.0,0.4735322633880683,336137.4,109.3,64.7,6630.0,110.6,1742.6
636,Ленинградская область,2012,238.71,2.505114773544122,382821.7,107.6,65.1,5530.28,105.7,1768.5
637,Ленинградская область,2013,277.31,2.116980299485073,381510.3,104.2,65.3,4522.26,95.6,1789.5
638,Ленинградская область,2014,267.25,9.752502181066635,390916.1,101.0,65.4,5461.34,100.2,1808.8
639,Ленинградская область,2015,269.17,0.1608576150701387,468084.8,101.8,65.3,5706.1,99.6,1821.4
640,Ленинградская область,2016,272.18,5.19486674769414,520669.6,95.7,65.0,5850.95,103.7,1841.9
641,Ленинградская область,2017,334.06,3.0960635814931883,539983.3,99.8,64.3,5527.22,100.5,1871.4
642,Ленинградская область,2018,329.25,2.7915179998264272,606440.8,103.9,63.8,5569.92,104.9,1913.5
643,Ленинградская область,2019,302.19,2.0668024538449443,633301.4,101.0,66.2,4958.75,105.1,1950.9
644,Ленинградская область,2020,301.58,1.899402999076488,630638.4,100.9,66.8,4326.35,98.9,1977.3
645,Ленинградская область,2021,299.07,0.2980435381535615,739732.7,101.1,67.1,3436.32,107.9,2006.0
646,Ленинградская область,2022,290.52,0.2647001591104004,822793.9,103.4,67.1,3538.66,96.8,2023.8
647,Ленинградская область,2023,278.0,0.5132442632124256,943600.0,101.1,67.5,3403.0,107.7,2035.8
648,Липецкая область,2000,149.0,0.4690342995400237,39050.9,108.2,64.1,294.0,114.1,1228.1
649,Липецкая область,2001,146.0,0.8342807879922728,41308.6,111.7,64.1,292.0,107.2,1220.5
650,Липецкая область,2002,137.0,0.8569920881705045,58065.7,102.3,64.3,285.0,114.2,1211.0
651,Липецкая область,2003,126.0,0.7426702922531663,79661.2,110.9,64.4,264.0,106.5,1205.3
652,Липецкая область,2004,125.0,0.7786029314782305,117959.2,101.1,64.5,258.0,104.6,1198.6
653,Липецкая область,2005,127.0,1.458088603968197,121376.2,109.6,63.1,251.0,102.3,1193.9
654,Липецкая область,2006,124.0,2.1514615712400444,150197.1,106.3,63.2,245.0,111.6,1190.4
655,Липецкая область,2007,114.0,0.8176821727039412,176534.6,111.4,63.3,230.0,103.7,1186.7
656,Липецкая область,2008,140.0,1.4312447549860865,219135.8,120.9,63.4,224.0,94.3,1182.0
657,Липецкая область,2009,101.0,3.827877632774793,192165.2,100.8,63.5,177.0,86.9,1177.0
658,Липецкая область,2010,87.0,3.930561842146027,211610.6,77.6,63.7,175.0,110.7,1172.0
659,Липецкая область,2011,82.0,3.2471801507069777,245988.4,145.0,63.7,169.0,111.1,1168.1
660,Липецкая область,2012,86.78,1.3544341603668308,251272.6,102.6,63.8,164.85,107.4,1166.5
661,Липецкая область,2013,80.05,1.5022183477601436,270671.8,112.6,63.7,163.76,100.3,1166.1
662,Липецкая область,2014,79.09,1.868296422893382,341690.5,100.3,63.7,156.21,102.9,1166.2
663,Липецкая область,2015,75.74,2.728714150714163,384877.6,106.8,63.6,156.46,100.8,1167.0
664,Липецкая область,2016,83.03,2.8686122169278234,429064.8,107.7,63.4,152.79,103.4,1169.5
665,Липецкая область,2017,76.83,1.3166425474212191,447280.1,105.5,63.4,156.93,102.9,1165.8
666,Липецкая область,2018,69.34,2.547573925845331,519293.4,106.7,63.4,163.38,103.7,1162.0
667,Липецкая область,2019,75.5,1.5403860090533203,491045.2,111.4,63.4,161.92,96.4,1159.7
668,Липецкая область,2020,68.21,1.3180814432974686,535237.5,106.4,63.3,155.92,102.5,1150.6
669,Липецкая область,2021,65.47,4.459531833502455,745419.3,88.9,63.0,163.81,106.0,1138.1
670,Липецкая область,2022,64.6,3.7530438059834776,700248.9,114.9,63.0,153.08,96.8,1126.3
671,Липецкая область,2023,67.0,2.395950845678476,847500.0,103.5,62.9,153.0,109.2,1116.3
672,Магаданская область,2000,47.0,0.0013989776701641,65704.6,83.7,91.4,90.0,99.8,193.9
673,Магаданская область,2001,49.0,0.0619067608852818,89987.5,90.6,91.9,96.0,106.3,187.2
674,Магаданская область,2002,42.0,0.0228739474766254,121272.5,123.7,92.6,92.0,109.4,181.8
675,Магаданская область,2003,40.0,0.4076149289440473,135180.6,118.9,93.1,86.0,93.7,178.1
676,Магаданская область,2004,34.0,0.0892480588973805,139840.3,90.4,93.6,84.0,95.6,173.9
677,Магаданская область,2005,28.0,0.3583573200627213,157798.9,95.6,94.1,73.0,102.6,170.4
678,Магаданская область,2006,28.0,0.6367875730694288,185017.6,103.9,94.4,72.0,88.8,166.9
679,Магаданская область,2007,29.0,1.0582776431144236,213449.6,103.0,94.6,75.0,91.0,164.0
680,Магаданская область,2008,30.0,0.32066091530373,258848.1,104.6,94.9,77.0,102.1,160.9
681,Магаданская область,2009,29.0,0.8894193448708555,299403.8,102.5,95.2,77.0,105.8,159.0
682,Магаданская область,2010,27.0,0.7167848882164788,377895.0,97.6,95.5,77.0,103.9,156.5
683,Магаданская область,2011,26.0,1.211876266034123,464366.7,94.5,95.6,79.0,108.3,154.3
684,Магаданская область,2012,16.78,2.770248884502135,511959.6,110.1,95.7,79.44,110.0,152.0
685,Магаданская область,2013,16.26,2.3071607171177613,589096.7,86.2,95.8,83.09,103.0,149.8
686,Магаданская область,2014,14.25,2.316007955698971,652303.2,99.2,95.9,83.11,109.0,147.4
687,Магаданская область,2015,12.92,1.879289306771236,858967.0,114.2,95.9,74.85,107.5,145.5
688,Магаданская область,2016,13.6,0.5823883316718633,1060991.5,100.9,96.0,73.2,100.8,144.6
689,Магаданская область,2017,14.51,1.4605415344464543,1125991.6,111.4,96.2,71.82,107.7,142.9
690,Магаданская область,2018,11.14,0.4194213774858167,1247255.2,96.0,96.3,83.62,109.6,139.9
691,Магаданская область,2019,4.87,0.5686703675910583,1539596.1,89.4,96.4,78.42,112.6,138.6
692,Магаданская область,2020,14.15,0.5298885483226137,2066380.4,103.9,96.4,75.24,105.7,137.3
693,Магаданская область,2021,13.78,3.201527925447184,2343311.4,94.1,96.4,75.33,106.0,135.9
694,Магаданская область,2022,13.52,1.6830995656799477,2338219.1,107.7,96.5,74.3,101.1,134.3
695,Магаданская область,2023,14.0,3.630201719317176,3017500.0,106.0,96.5,74.0,92.9,133.4
696,Московская область,2000,638.0,0.0922342405157855,26687.7,109.9,79.5,1900.0,111.7,6613.5
697,Московская область,2001,618.0,0.454145950239752,35569.3,91.4,79.4,1847.0,104.5,6609.2
698,Московская область,2002,630.0,0.3375911167918197,47323.5,102.3,79.3,1787.0,107.2,6616.9
699,Московская область,2003,626.0,0.288040529079498,62023.3,101.1,79.4,1710.0,129.48,6671.3
700,Московская область,2004,643.0,0.0815763099107555,79833.2,99.2,80.2,1609.0,115.8,6736.7
701,Московская область,2005,635.0,0.0687555794894261,104738.3,101.3,80.1,1486.0,114.1,6783.8
702,Московская область,2006,617.0,0.1654422612850785,137092.1,99.7,80.3,1595.0,113.0,6846.8
703,Московская область,2007,597.0,0.0535600859460568,188565.3,101.1,79.9,1512.0,106.2,6895.4
704,Московская область,2008,588.0,0.0802533502901103,237595.8,98.4,80.2,1618.0,106.0,6958.0
705,Московская область,2009,565.0,0.0220801090502507,217339.7,105.4,80.2,1635.0,86.8,7024.2
706,Московская область,2010,1309.0,0.07395305704892,259421.5,82.6,80.1,2482.0,107.1,7106.2
707,Московская область,2011,1220.0,0.0326256033353251,303386.9,125.1,80.0,2747.0,109.7,7243.7
708,Московская область,2012,1214.41,0.0555472170907595,322242.7,94.2,80.0,2345.25,107.9,7385.5
709,Московская область,2013,1190.05,0.219663165618041,341618.7,95.8,79.9,2261.72,105.2,7519.7
710,Московская область,2014,1121.91,0.0809121895364156,361238.5,99.2,79.8,2183.47,104.1,7666.3
711,Московская область,2015,1077.78,0.0535586634150334,411183.7,105.6,79.7,2030.24,101.1,7805.8
712,Московская область,2016,1066.87,0.0190384228621093,533624.2,99.2,79.6,1890.04,114.7,7960.0
713,Московская область,2017,1035.69,0.1560281644390322,534666.5,95.8,79.4,1806.14,108.0,8088.3
714,Московская область,2018,956.19,0.0549470302833268,569142.7,102.5,79.2,1718.93,109.8,8233.2
715,Московская область,2019,870.35,0.0340324784391726,625811.9,109.4,79.0,1747.9,113.1,8372.9
716,Московская область,2020,853.02,0.0784106366234366,643208.1,98.0,78.7,1645.4,109.7,8436.9
717,Московская область,2021,902.13,0.063438208829429,802156.1,104.8,78.5,1706.21,121.9,8542.3
718,Московская область,2022,807.74,0.1705930127367186,901231.0,102.4,78.3,1731.29,102.9,8591.7
719,Московская область,2023,806.0,0.1970413776306279,1072300.0,103.1,78.0,1779.0,116.1,8651.3
720,Мурманская область,2000,429.0,0.5905613494150721,59157.8,104.1,92.3,1720.0,104.67,922.9
721,Мурманская область,2001,370.0,2.4280965723050305,62965.4,95.5,92.3,1722.0,101.1,905.7
722,Мурманская область,2002,366.0,1.323950185111052,76236.9,94.0,92.2,1663.0,96.92,889.8
723,Мурманская область,2003,339.0,1.0688612613998545,91442.1,84.3,92.3,1666.0,104.02,873.2
724,Мурманская область,2004,374.0,0.5694643600166438,144469.3,90.2,92.0,1739.0,104.3,856.9
725,Мурманская область,2005,394.0,0.4905704966200095,156652.5,105.5,92.3,1627.0,100.2,839.4
726,Мурманская область,2006,329.0,0.4284473872267229,190124.3,110.1,92.5,1732.0,101.5,824.0
727,Мурманская область,2007,383.0,0.1851129996878663,233765.5,105.8,92.6,1605.0,98.2,815.1
728,Мурманская область,2008,356.0,0.5758750967910974,263755.5,104.0,92.7,1622.0,94.6,805.6
729,Мурманская область,2009,352.0,0.7975716429608056,251956.9,100.9,92.7,1610.0,96.5,799.8
730,Мурманская область,2010,339.0,1.2445303674751722,292926.1,96.3,92.8,1502.0,103.2,794.1
731,Мурманская область,2011,334.0,0.708851806041961,334720.5,99.8,92.8,1586.0,99.5,782.2
732,Мурманская область,2012,375.84,0.4687971866454439,365920.8,101.7,92.9,1472.39,102.7,769.2
733,Мурманская область,2013,333.59,0.7808370248813763,402526.1,77.0,93.0,1593.08,99.8,754.1
734,Мурманская область,2014,331.01,1.8941999160502945,438309.7,81.1,93.0,1560.96,99.8,743.9
735,Мурманская область,2015,328.28,3.2423709985514817,543412.9,77.0,93.0,1373.41,106.8,734.1
736,Мурманская область,2016,319.78,0.816656299216392,640507.9,76.2,93.0,1393.24,106.6,724.1
737,Мурманская область,2017,317.91,0.9283362900978152,666306.4,103.5,93.0,1418.22,111.6,714.7
738,Мурманская область,2018,297.86,8.772443414902366,734566.5,102.6,93.0,1446.87,101.5,704.0
739,Мурманская область,2019,266.47,10.995544392973216,883121.0,94.4,93.0,1368.91,108.0,692.2
740,Мурманская область,2020,127.24,1.8342153128918133,1164918.2,106.5,93.1,1422.94,101.0,678.6
741,Мурманская область,2021,131.06,0.9532539851295088,1646950.9,106.5,93.1,1327.02,105.7,665.2
742,Мурманская область,2022,110.83,0.8487047680418766,1735233.4,89.6,93.0,1435.35,95.9,658.7
743,Мурманская область,2023,124.0,1.277163501854949,1714600.0,106.1,93.0,1586.0,97.5,656.4
744,Ненецкий автономный округ,2000,1.12,0.4750083864475009,25320.1,90.6,62.3,4.72,108.99,40.9
745,Ненецкий автономный округ,2001,1.01,1.4095678882484115,32037.2,100.6,62.8,5.0,143.5,40.9
746,Ненецкий автономный округ,2002,1.11,1.855413572156692,41322.8,90.6,63.4,6.0,111.9,41.7
747,Ненецкий автономный округ,2003,1.21,0.1433072689951518,599201.7,92.6,63.9,7.0,143.92,41.9
748,Ненецкий автономный округ,2004,1.19,0.6807488373620433,944926.1,98.3,64.7,7.0,142.6,41.9
749,Ненецкий автономный округ,2005,1.2,2.1194676452369614,1067007.7,96.9,65.3,11.0,115.4,41.9
750,Ненецкий автономный округ,2006,1.35,10.279376163596456,1605587.4,109.0,66.0,12.0,104.8,41.8
751,Ненецкий автономный округ,2007,1.57,0.5073994539970543,2336326.5,89.6,66.6,11.0,105.2,41.9
752,Ненецкий автономный округ,2008,1.59,1.357505323777499,2184301.8,106.6,67.2,18.0,107.7,41.8
753,Ненецкий автономный округ,2009,1.63,0.0627257203038615,3100503.1,99.9,67.0,28.0,128.1,42.1
754,Ненецкий автономный округ,2010,0.3,0.5641571922649685,3465406.9,112.1,67.9,30.0,96.5,42.1
755,Ненецкий автономный округ,2011,0.2,0.6164945811342836,3926593.4,109.7,69.0,30.0,83.9,42.2
756,Ненецкий автономный округ,2012,0.11,0.1536330651040224,3721264.5,106.6,69.9,28.97,89.3,42.3
757,Ненецкий автономный округ,2013,0.13,0.1690897163599742,4099188.4,81.5,70.7,33.48,96.5,42.2
758,Ненецкий автономный округ,2014,0.01,0.6312487366972213,4426058.3,95.7,71.7,9.22,105.9,42.3
759,Ненецкий автономный округ,2015,0.01,0.4733709371086761,5359728.6,110.6,72.3,14.09,110.2,42.5
760,Ненецкий автономный округ,2016,0.41,0.5955465146262499,6173733.5,132.1,72.3,13.93,115.3,42.3
761,Ненецкий автономный округ,2017,0.31,1.7495429677991232,6302095.4,88.7,72.6,14.9,96.9,42.0
762,Ненецкий автономный округ,2018,0.42,0.3428540753176363,7658795.0,103.3,72.9,15.13,96.5,41.6
763,Ненецкий автономный округ,2019,0.12,0.094280647373557,7954412.5,95.3,73.4,15.58,98.9,41.6
764,Ненецкий автономный округ,2020,0.09,1.5823730688680968,5547322.7,87.2,73.8,21.67,88.9,41.6
765,Ненецкий автономный округ,2021,0.0,0.0005801338240491,9866203.9,125.6,74.2,20.51,102.4,41.4
766,Ненецкий автономный округ,2022,0.0,0.0615619129271595,11786365.0,95.9,74.5,22.05,112.1,41.4
767,Ненецкий автономный округ,2023,0.0,0.1028936765076861,11995400.0,102.8,74.8,20.0,93.7,42.2
768,Нижегородская область,2000,580.0,0.6300258243468477,29090.1,103.3,78.0,1295.0,92.6,3594.5
769,Нижегородская область,2001,545.0,0.2998351890470699,41773.2,104.1,78.1,1268.0,98.0,3554.7
770,Нижегородская область,2002,468.0,0.2711774812455913,48321.6,97.2,78.2,1235.0,104.3,3515.7
771,Нижегородская область,2003,461.0,0.4863900138213661,59149.2,100.2,78.3,1202.0,106.4,3481.1
772,Нижегородская область,2004,421.0,0.3311058639375468,69629.5,98.1,78.1,1188.0,101.6,3447.9
773,Нижегородская область,2005,425.0,0.3250611479839599,87354.7,105.5,78.3,1197.0,103.3,3414.3
774,Нижегородская область,2006,420.0,0.2909154200791482,110662.7,101.1,78.4,1174.0,108.9,3384.3
775,Нижегородская область,2007,410.0,0.3222167665242504,140297.9,96.1,78.5,1193.0,100.5,3362.8
776,Нижегородская область,2008,410.0,0.3443966855460377,175587.1,103.3,78.6,1150.0,90.4,3343.7
777,Нижегородская область,2009,379.0,0.1803025457628791,164071.8,104.1,78.8,1121.0,77.9,3326.8
778,Нижегородская область,2010,472.0,0.275491382660604,196792.5,78.3,78.9,1112.0,116.7,3307.6
779,Нижегородская область,2011,461.0,0.319824617851666,233524.0,121.7,79.0,1064.0,107.7,3293.6
780,Нижегородская область,2012,451.37,0.641493216242547,256111.3,97.9,79.1,1040.73,104.1,3283.2
781,Нижегородская область,2013,524.59,0.6307580562527157,282292.6,97.2,79.2,997.14,104.5,3271.6
782,Нижегородская область,2014,396.93,0.8349906053741005,309244.3,104.9,79.4,880.15,100.6,3257.0
783,Нижегородская область,2015,389.6,0.2246868491110976,339831.4,100.8,79.5,858.31,102.5,3244.1
784,Нижегородская область,2016,377.14,0.1920677244083948,396361.6,99.0,79.5,788.69,105.4,3228.5
785,Нижегородская область,2017,369.9,0.17708357875438,430967.0,100.2,79.5,746.67,104.8,3212.5
786,Нижегородская область,2018,363.24,0.4326904219414732,469309.3,99.6,79.6,758.34,102.3,3189.1
787,Нижегородская область,2019,312.66,0.3737236435685833,508283.2,103.8,79.7,693.12,105.3,3174.2
788,Нижегородская область,2020,320.54,1.2605832009754967,506541.7,105.0,79.8,671.92,95.3,3144.5
789,Нижегородская область,2021,301.7,0.6559054036441916,617664.1,92.9,79.9,685.8,113.6,3108.9
790,Нижегородская область,2022,300.82,1.1425931534428448,739124.7,112.0,80.0,671.9,101.3,3081.8
791,Нижегородская область,2023,315.0,1.246046895905902,870100.0,111.1,80.0,694.0,111.8,3060.3
792,Новгородская область,2000,97.0,0.1554134172807708,29347.0,107.6,69.6,109.0,108.9,710.3
793,Новгородская область,2001,95.0,0.12402458092433,38975.3,105.8,69.7,114.0,104.8,700.9
794,Новгородская область,2002,93.0,0.1232823166003534,45178.5,96.8,69.9,113.0,101.1,692.1
795,Новгородская область,2003,81.0,0.3522741894400722,55387.3,91.5,70.2,112.0,111.2,682.9
796,Новгородская область,2004,81.0,0.2700483121218952,72549.3,100.8,70.4,114.0,109.65,674.5
797,Новгородская область,2005,78.0,0.2994034296919416,95286.2,98.7,70.8,109.0,108.35,665.6
798,Новгородская область,2006,78.0,0.3540530512333865,113246.4,89.1,71.2,108.0,101.66,657.6
799,Новгородская область,2007,75.0,0.2012348713262232,132334.8,98.2,71.3,107.0,106.4,652.2
800,Новгородская область,2008,73.0,0.1495814273418834,177472.4,105.5,71.2,106.0,102.3,645.4
801,Новгородская область,2009,74.0,0.1871922521451023,183196.9,116.0,70.5,105.0,87.7,639.7
802,Новгородская область,2010,97.0,0.0971337704598933,200248.6,124.8,70.7,108.0,116.1,632.8
803,Новгородская область,2011,92.0,0.1911071133628862,243130.1,114.5,70.7,102.0,110.9,629.2
804,Новгородская область,2012,86.86,0.2745261910944359,272065.9,104.0,70.7,94.93,104.4,624.9
805,Новгородская область,2013,72.64,0.9355618530786312,287036.7,89.0,70.8,122.39,105.4,621.0
806,Новгородская область,2014,74.33,0.4385350379638459,338150.7,109.5,71.3,87.36,112.9,616.9
807,Новгородская область,2015,76.31,1.4563369115205038,380459.4,114.4,71.3,88.02,102.7,613.6
808,Новгородская область,2016,77.98,0.2967566214383491,413626.0,104.8,71.4,91.47,103.8,610.0
809,Новгородская область,2017,28.47,0.5954680523317318,422137.6,93.2,71.7,90.53,105.4,603.7
810,Новгородская область,2018,26.43,0.4495517554477084,431838.2,102.4,72.2,95.18,101.0,597.0
811,Новгородская область,2019,25.4,0.5867911090983463,460231.8,99.6,72.5,92.93,103.0,592.8
812,Новгородская область,2020,23.29,0.3835023363425058,473600.1,95.2,72.7,98.08,102.5,588.3
813,Новгородская область,2021,22.5,0.2763360289159164,590942.9,93.0,73.0,95.92,106.8,581.6
814,Новгородская область,2022,22.24,0.4012060008948325,657673.6,100.4,73.1,98.04,92.5,575.9
815,Новгородская область,2023,21.0,0.2913075616411157,712900.0,99.6,73.2,95.0,102.7,571.4
816,Новосибирская область,2000,78.0,0.2138468631227547,26472.3,128.1,74.8,901.0,110.7,2715.1
817,Новосибирская область,2001,74.0,0.1620534969448755,35177.3,110.8,75.0,823.0,107.3,2703.0
818,Новосибирская область,2002,76.0,0.1889685541233867,45659.6,96.5,75.1,835.0,103.7,2688.5
819,Новосибирская область,2003,79.0,0.3130660232290348,57360.1,93.3,75.3,866.0,111.1,2674.2
820,Новосибирская область,2004,74.0,0.1744027291299907,71843.4,94.1,75.5,776.0,110.9,2666.0
821,Новосибирская область,2005,72.0,0.0972270583367108,88475.5,94.9,75.8,764.0,107.0,2654.9
822,Новосибирская область,2006,73.0,0.1991230289345733,111679.3,94.6,76.1,750.0,110.7,2647.2
823,Новосибирская область,2007,101.0,0.2437587543826628,138199.1,109.2,76.3,719.0,110.7,2642.7
824,Новосибирская область,2008,105.0,0.4316732903473871,171430.3,102.4,76.6,777.0,102.4,2648.9
825,Новосибирская область,2009,98.0,0.4977335224572062,160210.4,111.6,76.9,703.0,89.1,2661.6
826,Новосибирская область,2010,107.0,0.254787306928783,181732.7,89.0,77.3,676.0,108.3,2666.5
827,Новосибирская область,2011,94.0,0.3657617111634772,223561.2,107.4,77.6,599.0,105.0,2688.3
828,Новосибирская область,2012,112.53,0.1821406186054049,269643.5,81.5,77.9,622.06,109.0,2712.5
829,Новосибирская область,2013,114.65,0.266531352815178,300099.4,112.0,78.3,569.61,101.4,2735.8
830,Новосибирская область,2014,109.35,0.4057883395758868,332027.1,95.7,78.6,567.06,100.3,2753.0
831,Новосибирская область,2015,106.96,0.4926229830403559,369957.0,103.8,78.9,578.37,101.0,2770.0
832,Новосибирская область,2016,96.91,0.1817299768969832,386697.1,101.3,79.1,585.74,101.3,2788.9
833,Новосибирская область,2017,94.01,0.20155838147682,422134.2,109.0,79.2,563.86,101.8,2799.7
834,Новосибирская область,2018,88.9,0.1550529178351685,464408.8,99.2,79.4,548.72,105.2,2805.8
835,Новосибирская область,2019,85.49,0.4986887197033707,474511.4,104.1,79.5,601.16,104.6,2812.2
836,Новосибирская область,2020,82.53,0.1535900059933002,483951.6,102.4,79.5,541.22,96.7,2801.4
837,Новосибирская область,2021,80.51,0.1048084764879935,581842.5,113.5,79.7,538.79,113.7,2797.5
838,Новосибирская область,2022,77.2,0.2995675778745774,693656.0,103.0,79.7,589.38,102.5,2794.3
839,Новосибирская область,2023,81.0,0.2295997962855867,793900.0,86.9,79.8,625.0,108.5,2789.5
840,Омская область,2000,221.0,1.057785628003581,21643.1,110.5,68.3,325.0,112.61,2117.3
841,Омская область,2001,229.0,2.607333141574728,29219.2,136.7,68.6,319.0,112.12,2094.7
842,Омская область,2002,226.0,1.03879888198798,44424.1,96.6,68.7,325.0,110.32,2075.4
843,Омская область,2003,223.0,0.493439682863961,55729.2,99.1,69.1,326.0,110.96,2052.7
844,Омская область,2004,219.0,0.2487985885327096,94389.6,101.0,69.8,323.0,112.6,2034.1
845,Омская область,2005,214.0,0.2484010547107407,108970.6,100.9,70.4,300.0,113.2,2016.3
846,Омская область,2006,203.0,0.3757419143968515,130614.3,101.2,70.8,285.0,110.8,2003.3
847,Омская область,2007,207.0,0.2784707134717793,148129.3,104.0,71.0,272.0,109.1,1993.3
848,Омская область,2008,194.0,0.2940280417287425,174709.8,91.3,71.2,278.0,101.4,1987.7
849,Омская область,2009,193.0,0.6994201801227385,169327.8,119.2,71.2,259.0,93.3,1984.0
850,Омская область,2010,177.0,0.5052880086895524,193216.0,84.9,71.5,258.0,106.4,1976.6
851,Омская область,2011,170.0,0.4175097271092829,228634.9,115.5,71.7,231.0,104.0,1972.3
852,Омская область,2012,157.81,0.8338581132824803,249428.4,78.5,71.8,214.7,103.1,1968.8
853,Омская область,2013,158.98,0.3953219304954924,280429.7,124.0,72.1,200.91,103.2,1966.1
854,Омская область,2014,151.79,0.8952978326934175,306365.2,93.3,72.3,205.79,103.5,1967.8
855,Омская область,2015,139.41,0.9456905425852944,314306.3,99.9,72.6,185.52,100.4,1965.5
856,Омская область,2016,135.85,0.3729136954569543,341344.5,97.5,72.8,184.46,97.1,1957.1
857,Омская область,2017,129.88,3.698263368092649,358909.4,104.8,73.0,185.9,99.4,1942.0
858,Омская область,2018,130.46,2.251310868648489,380834.5,101.1,73.1,188.72,104.2,1923.6
859,Омская область,2019,125.47,2.3314212651563104,403479.5,96.6,73.3,176.73,99.5,1903.6
860,Омская область,2020,126.07,1.9593019632850583,407371.0,100.2,73.4,179.8,100.5,1878.1
861,Омская область,2021,121.33,1.4934089706839109,426871.8,101.8,73.5,177.21,103.3,1851.5
862,Омская область,2022,121.19,3.1930499818701974,514203.2,100.4,73.6,178.73,105.7,1832.1
863,Омская область,2023,124.0,1.9662157014341184,578900.0,92.5,73.8,176.0,106.2,1818.1
864,Оренбургская область,2000,153.0,0.6480877824249147,34585.2,111.0,57.5,1826.0,111.0,2203.6
865,Оренбургская область,2001,154.0,0.5772488120580075,38769.3,103.4,57.8,1686.0,100.62,2189.9
866,Оренбургская область,2002,154.0,0.6955859103336607,43145.6,101.6,57.8,1734.0,108.9,2176.0
867,Оренбургская область,2003,152.0,0.3907254590130249,53548.8,107.2,58.0,1775.0,116.8,2149.9
868,Оренбургская область,2004,150.0,0.533081935309551,79522.8,96.6,58.3,1771.0,112.7,2122.5
869,Оренбургская область,2005,149.0,0.63941236249532,101110.3,93.5,58.5,1598.0,104.0,2093.5
870,Оренбургская область,2006,144.0,0.7907174305600504,145532.5,105.2,58.9,1826.0,108.1,2067.9
871,Оренбургская область,2007,142.0,1.1098424318966007,179882.4,117.4,59.1,1850.0,102.2,2055.7
872,Оренбургская область,2008,137.0,1.211592121446499,209769.6,115.1,59.2,1813.0,100.2,2044.3
873,Оренбургская область,2009,136.0,0.8363770045876163,202332.4,89.9,59.4,1625.0,99.5,2042.0
874,Оренбургская область,2010,122.0,1.0265459830001566,224937.2,73.2,59.7,1653.0,106.7,2031.5
875,Оренбургская область,2011,132.0,0.9473662390124792,273345.6,149.0,59.8,1920.0,102.5,2017.0
876,Оренбургская область,2012,126.68,0.9813212060004748,312741.8,84.4,59.7,1973.26,100.6,2002.7
877,Оренбургская область,2013,120.13,1.181152843706992,359328.3,108.3,59.8,1495.2,96.9,1988.2
878,Оренбургская область,2014,115.91,1.3429290951987187,369142.8,98.3,59.6,1486.57,101.2,1973.9
879,Оренбургская область,2015,109.48,0.8897174713447278,393935.3,100.7,59.5,1315.41,92.5,1960.6
880,Оренбургская область,2016,107.54,0.8545707107837425,416823.3,110.9,59.4,1193.53,95.3,1948.8
881,Оренбургская область,2017,105.15,0.5096333638117856,450009.9,108.9,59.4,979.96,101.4,1930.5
882,Оренбургская область,2018,102.13,0.383174644082861,551255.2,90.4,59.4,1010.5,101.6,1909.9
883,Оренбургская область,2019,95.9,0.2328494779990008,581010.8,102.1,59.6,904.33,103.4,1898.4
884,Оренбургская область,2020,93.97,0.817783564273556,554155.2,108.4,59.7,805.63,98.4,1879.3
885,Оренбургская область,2021,97.33,0.864608371674725,754958.8,82.0,59.7,670.93,99.6,1855.8
886,Оренбургская область,2022,96.37,0.2667971645569104,850040.2,144.1,59.9,572.29,97.2,1841.4
887,Оренбургская область,2023,99.0,0.6014164522107385,961300.0,95.7,60.0,846.0,103.7,1828.7
888,Орловская область,2000,85.0,0.1894317894660842,25168.4,136.9,63.2,139.0,104.1,876.7
889,Орловская область,2001,86.0,0.1247017172975008,31676.1,97.2,63.4,132.0,97.8,867.6
890,Орловская область,2002,80.0,0.0655499279251992,41322.8,104.2,63.6,130.0,99.0,858.3
891,Орловская область,2003,79.0,0.0599487085633881,49342.3,99.6,63.9,130.0,110.4,847.1
892,Орловская область,2004,78.0,0.0104946972675127,54740.1,97.4,64.4,135.0,112.5,835.2
893,Орловская область,2005,68.0,0.0292964335610423,64180.4,99.8,64.7,122.0,110.1,822.1
894,Орловская область,2006,70.0,0.0698689538529912,79341.5,91.8,65.0,121.0,103.0,811.4
895,Орловская область,2007,63.0,0.0237882160070141,95387.1,104.0,65.2,118.0,97.9,805.2
896,Орловская область,2008,61.0,0.0107375718812163,120531.4,125.1,65.4,110.0,97.3,798.9
897,Орловская область,2009,60.0,0.0459480753357845,113848.8,100.5,65.4,99.0,76.2,793.1
898,Орловская область,2010,50.0,0.1108057030020706,134533.8,85.1,65.5,84.0,118.1,785.6
899,Орловская область,2011,54.0,0.1346085540807724,167501.7,129.2,65.7,83.0,107.8,780.9
900,Орловская область,2012,52.84,0.3177295226935481,187787.5,104.5,65.8,80.06,106.4,775.1
901,Орловская область,2013,54.42,0.0252000946619173,213467.3,106.3,65.9,78.38,100.4,768.9
902,Орловская область,2014,54.22,0.6107998713808386,233349.5,108.7,66.3,83.76,104.9,763.8
903,Орловская область,2015,51.26,0.241376761867076,273699.1,94.1,66.6,76.65,100.2,757.9
904,Орловская область,2016,52.25,0.0666991610490889,302660.0,109.8,66.7,76.71,98.9,752.6
905,Орловская область,2017,51.73,0.3291134327686588,308718.9,100.9,66.8,76.1,96.4,744.7
906,Орловская область,2018,56.62,0.1216901283055213,333661.2,106.8,66.8,75.94,100.1,736.5
907,Орловская область,2019,46.51,0.2066016989705073,363618.0,108.5,66.8,69.06,106.8,730.2
908,Орловская область,2020,45.63,0.4156892037257714,389873.7,111.3,66.7,67.54,111.4,721.0
909,Орловская область,2021,43.68,0.2557545671883762,472765.6,98.7,66.7,66.92,110.4,710.0
910,Орловская область,2022,43.57,0.1412339294925239,524570.9,107.3,66.6,66.17,99.5,700.3
911,Орловская область,2023,45.0,0.1433533373261062,572600.0,114.3,66.5,65.0,103.6,692.5
912,Пензенская область,2000,144.0,0.0632705095821751,16900.3,102.7,64.8,281.0,101.8,1484.1
913,Пензенская область,2001,149.0,0.1038168994606555,22547.8,107.1,64.9,291.0,106.6,1466.2
914,Пензенская область,2002,148.0,0.0751740607446772,28554.2,102.8,65.1,329.0,100.3,1449.2
915,Пензенская область,2003,143.0,0.0908826372073205,33304.2,106.9,65.3,293.0,117.4,1440.0
916,Пензенская область,2004,147.0,0.1394132138257661,41595.8,106.3,65.6,294.0,105.2,1431.0
917,Пензенская область,2005,139.0,0.185102746403775,52163.8,99.4,65.8,276.0,105.9,1420.1
918,Пензенская область,2006,137.0,0.025354428241653,62719.8,108.2,66.1,280.0,115.0,1411.7
919,Пензенская область,2007,128.0,0.8790720714669532,84558.3,104.1,66.3,257.0,106.4,1405.4
920,Пензенская область,2008,124.0,0.058340299702678,105477.2,113.0,66.6,267.0,110.2,1398.1
921,Пензенская область,2009,116.0,0.066023666797794,105487.4,105.2,66.8,258.0,97.7,1392.4
922,Пензенская область,2010,111.0,0.1629821562474044,124020.7,70.6,67.2,235.0,113.0,1384.0
923,Пензенская область,2011,108.0,0.0733787345150824,154681.7,151.5,67.6,241.0,115.4,1375.2
924,Пензенская область,2012,105.19,0.0210282856696358,175086.6,100.6,67.7,213.9,110.0,1365.8
925,Пензенская область,2013,100.45,0.0814497139442561,198668.1,104.9,67.9,195.57,104.7,1356.6
926,Пензенская область,2014,95.43,0.038982016923933,218094.7,103.0,68.0,193.57,108.3,1350.8
927,Пензенская область,2015,92.02,0.2720905569766107,254938.6,115.7,68.1,174.97,104.8,1342.6
928,Пензенская область,2016,93.88,0.0979109480257534,267664.3,106.3,68.1,176.94,104.5,1334.3
929,Пензенская область,2017,92.69,0.0995529629367665,283036.5,96.0,68.2,202.32,109.1,1323.2
930,Пензенская область,2018,92.35,0.2187285218769395,312421.6,102.3,68.4,182.71,104.7,1308.1
931,Пензенская область,2019,90.54,0.0448273225050058,344672.1,115.1,68.6,170.01,112.3,1294.5
932,Пензенская область,2020,96.03,0.0922251371431565,376779.9,114.4,68.7,179.52,117.6,1278.8
933,Пензенская область,2021,97.42,0.1349418032207167,425303.8,94.7,68.7,186.81,115.5,1261.1
934,Пензенская область,2022,95.8,0.0467950388397085,472849.7,106.6,68.8,172.2,102.0,1246.6
935,Пензенская область,2023,98.0,0.0649948680035957,530900.0,107.7,68.9,199.0,112.4,1236.1
936,Пермский край,2000,401.0,1.1201251468074511,43273.2,96.6,75.4,2341.0,94.8,2858.6
937,Пермский край,2001,390.0,1.1315248969745222,58570.7,103.0,75.3,2663.0,99.3,2837.1
938,Пермский край,2002,378.0,0.894472488783824,63032.2,93.3,75.1,2513.0,98.7,2813.8
939,Пермский край,2003,380.0,1.806173387545712,74783.8,98.3,75.2,2630.0,108.9,2783.0
940,Пермский край,2004,340.0,0.7149192023757358,96240.2,91.1,75.3,2674.0,105.2,2751.6
941,Пермский край,2005,317.0,0.3667879414544358,119654.0,93.8,75.2,2741.0,100.8,2718.8
942,Пермский край,2006,302.0,1.0066977599349194,141864.8,100.4,75.4,2699.0,104.2,2691.6
943,Пермский край,2007,279.0,1.715851720259476,178096.8,94.8,75.5,2895.0,89.4,2674.0
944,Пермский край,2008,367.0,1.3224493371094406,227719.0,97.5,75.2,2834.0,100.3,2660.4
945,Пермский край,2009,314.0,1.1687000480705554,203364.2,101.6,74.8,2557.0,85.5,2648.7
946,Пермский край,2010,313.0,0.7326520485404984,235930.6,90.7,75.0,2472.0,111.3,2633.5
947,Пермский край,2011,397.0,0.3868134442390327,319297.1,121.2,75.1,2393.0,116.4,2628.6
948,Пермский край,2012,406.93,1.0089389960535493,327240.1,92.4,75.3,1959.18,102.3,2629.5
949,Пермский край,2013,410.46,1.2761646387153678,334841.7,95.4,75.5,2154.3,103.9,2628.3
950,Пермский край,2014,397.81,7.920544072944896,370820.6,101.0,75.7,2141.76,103.9,2626.0
951,Пермский край,2015,382.97,4.990973512105836,405495.5,96.4,75.7,1935.84,99.5,2620.8
952,Пермский край,2016,357.78,0.8450900374161099,438303.1,97.4,75.8,1592.82,98.8,2615.9
953,Пермский край,2017,317.13,0.5843898859464345,477302.9,101.8,75.8,1602.64,102.5,2604.4
954,Пермский край,2018,211.96,0.8823740360437436,547866.9,105.0,75.8,1469.84,100.3,2589.2
955,Пермский край,2019,209.51,0.7507015831447365,579554.0,95.0,75.8,1251.39,98.9,2574.7
956,Пермский край,2020,194.19,0.6785026193694385,540576.6,105.7,75.7,1103.1,97.5,2550.7
957,Пермский край,2021,156.92,1.083919396685085,695592.3,96.7,75.7,1256.6,104.3,2525.1
958,Пермский край,2022,134.62,1.335784295613762,795795.4,106.7,75.7,1310.46,98.4,2508.4
959,Пермский край,2023,124.0,1.8410149438844872,878300.0,91.5,75.8,1362.0,105.9,2495.3
960,Приморский край,2000,459.0,0.154935132915113,29139.9,90.8,77.7,631.0,101.0,2120.5
961,Приморский край,2001,436.0,0.2503053163632269,34628.0,112.8,78.3,638.0,86.0,2085.7
962,Приморский край,2002,418.0,0.1563951284850199,46632.5,102.9,78.3,575.0,103.0,2067.4
963,Приморский край,2003,389.0,0.2967079710090276,57986.3,111.6,78.4,562.0,103.1,2048.6
964,Приморский край,2004,346.0,0.3532751897392731,74713.1,100.2,75.6,501.0,117.8,2028.4
965,Приморский край,2005,348.0,0.2097759497340364,92504.2,96.1,75.7,501.0,119.7,2006.5
966,Приморский край,2006,337.0,0.8080772679109952,108099.2,104.2,75.8,495.0,112.6,1988.6
967,Приморский край,2007,339.0,0.4298050427460629,130632.0,101.1,75.8,498.0,102.1,1977.4
968,Приморский край,2008,340.0,0.2533679278568989,160416.7,108.5,75.9,539.0,114.6,1969.6
969,Приморский край,2009,337.0,0.6146708087091294,187556.4,107.9,76.0,641.0,97.3,1965.2
970,Приморский край,2010,371.0,2.103952755932278,240220.7,103.2,76.1,708.0,116.0,1953.5
971,Приморский край,2011,336.0,2.9241697815699115,281770.8,109.9,76.5,678.0,121.0,1948.4
972,Приморский край,2012,317.95,7.317279452717747,286502.7,97.4,76.8,688.73,115.3,1943.3
973,Приморский край,2013,284.84,0.4494551182313174,297982.4,97.3,77.1,611.46,104.4,1932.6
974,Приморский край,2014,290.4,0.6683742643087187,333071.7,111.8,77.3,619.69,107.1,1925.0
975,Приморский край,2015,290.92,0.9387469431511466,373412.6,93.8,77.5,578.84,87.6,1918.5
976,Приморский край,2016,275.68,0.3143391825963553,449626.2,99.2,77.6,594.09,97.8,1910.4
977,Приморский край,2017,268.25,0.472343078459391,475867.3,113.4,77.8,521.85,118.7,1898.5
978,Приморский край,2018,265.95,0.4335335228339078,510201.6,92.3,78.0,522.3,96.4,1886.3
979,Приморский край,2019,258.9,0.8711954122330912,568198.1,91.1,78.2,487.82,118.2,1877.7
980,Приморский край,2020,260.96,1.2140606541213013,591923.4,102.5,78.3,489.01,80.5,1858.2
981,Приморский край,2021,250.66,0.8527347510282665,731915.2,117.6,78.5,456.75,122.2,1841.9
982,Приморский край,2022,243.51,0.9855338969953752,840706.9,116.1,78.4,440.25,99.8,1820.1
983,Приморский край,2023,238.0,0.5123597756507033,1027400.0000000001,87.0,78.4,436.0,98.8,1806.4
984,Псковская область,2000,73.0,0.4935514775417364,20544.7,98.5,65.6,430.0,108.49,781.8
985,Псковская область,2001,73.0,0.120297266813961,25031.4,98.1,65.9,487.0,105.2,769.7
986,Псковская область,2002,74.0,0.1148475656565237,31547.3,93.7,66.2,425.0,106.61,758.1
987,Псковская область,2003,73.0,0.1490694646030303,39190.7,85.2,66.9,332.0,102.7,746.8
988,Псковская область,2004,69.0,0.0416908644181371,48358.5,102.8,67.8,294.0,103.6,734.5
989,Псковская область,2005,61.0,0.0504301072619255,55772.9,86.9,68.3,292.0,98.7,720.8
990,Псковская область,2006,60.0,0.0910290314369599,72029.1,91.5,68.8,338.0,108.2,708.2
991,Псковская область,2007,57.0,0.3144477347190389,87456.7,95.2,69.2,292.0,108.0,699.6
992,Псковская область,2008,57.0,0.587485262652286,105449.0,99.4,69.6,334.0,105.1,690.3
993,Псковская область,2009,54.0,0.1321887584094909,108797.9,102.7,69.8,317.0,89.6,681.9
994,Псковская область,2010,52.0,0.0897480072588611,128685.1,101.4,70.2,335.0,117.4,671.3
995,Псковская область,2011,45.0,0.0380433538809036,150372.7,105.2,70.1,266.0,116.3,665.4
996,Псковская область,2012,39.79,0.0108370719914456,162494.1,105.7,70.2,254.29,99.6,658.3
997,Псковская область,2013,38.84,0.2581355154774923,175067.2,112.8,70.1,263.08,100.6,651.8
998,Псковская область,2014,36.96,0.0823346706981432,191022.0,122.8,70.3,174.16,94.4,644.7
999,Псковская область,2015,35.39,0.0598094491624118,210766.7,113.3,70.3,136.46,102.8,638.6
1000,Псковская область,2016,37.18,0.0472670331099122,250434.0,119.8,70.4,85.45,104.5,632.8
1001,Псковская область,2017,37.06,0.0031659593351183,263558.4,112.0,70.5,140.99,107.1,625.8
1002,Псковская область,2018,33.6,0.0006551198111218,290740.4,110.9,70.7,67.17,100.1,617.5
1003,Псковская область,2019,35.09,0.019821457360777,319726.3,117.9,70.7,73.48,106.9,612.5
1004,Псковская область,2020,33.9,0.1662933622526538,331405.5,108.6,70.7,65.54,96.3,605.1
1005,Псковская область,2021,32.54,0.0805520513112118,378939.1,97.3,70.9,69.01,105.6,596.9
1006,Псковская область,2022,31.59,0.0833666963053999,435172.2,93.3,70.9,53.01,99.4,587.8
1007,Псковская область,2023,34.0,0.0139587878787878,494000.0,98.7,70.8,68.0,112.6,581.1
1008,Республика Адыгея (Адыгея),2000,50.0,0.0434886585984491,12315.1,100.9,52.8,150.0,118.1,447.3
1009,Республика Адыгея (Адыгея),2001,35.0,0.016862898611822,14858.6,99.6,52.7,88.0,102.29,446.6
1010,Республика Адыгея (Адыгея),2002,35.0,0.0644255932439095,17707.5,94.6,52.6,65.0,92.24,446.8
1011,Республика Адыгея (Адыгея),2003,24.0,1.4060491608540708,22091.7,91.1,52.3,63.0,107.33,444.8
1012,Республика Адыгея (Адыгея),2004,24.0,0.130390932667371,28133.2,114.7,51.9,74.0,133.2,443.3
1013,Республика Адыгея (Адыгея),2005,24.0,0.8384118949327914,38514.5,115.1,51.4,76.0,105.3,441.0
1014,Республика Адыгея (Адыгея),2006,23.0,0.4359902330071359,48050.2,109.7,51.1,97.0,118.3,438.6
1015,Республика Адыгея (Адыгея),2007,21.0,2.279250200274367,66366.2,109.2,50.9,87.0,118.2,437.9
1016,Республика Адыгея (Адыгея),2008,21.0,3.7928898777895856,82378.2,116.6,51.1,94.0,116.6,439.4
1017,Республика Адыгея (Адыгея),2009,29.0,2.0343808342266603,94436.5,106.5,51.0,100.0,103.8,439.8
1018,Республика Адыгея (Адыгея),2010,29.0,0.4410302047908125,107297.5,98.2,50.9,119.0,115.2,439.9
1019,Республика Адыгея (Адыгея),2011,28.0,0.4929819218249644,128374.2,98.4,50.8,124.0,107.2,445.0
1020,Республика Адыгея (Адыгея),2012,28.39,1.0231420481344675,145958.8,101.6,50.7,133.61,108.7,449.7
1021,Республика Адыгея (Адыгея),2013,25.78,0.6991602022514087,156745.1,108.9,50.6,174.42,102.7,454.4
1022,Республика Адыгея (Адыгея),2014,24.42,1.3724883467222055,165414.0,100.3,50.5,144.55,118.5,460.0
1023,Республика Адыгея (Адыгея),2015,25.78,0.6625257988755249,182243.9,107.8,50.6,171.99,103.1,465.2
1024,Республика Адыгея (Адыгея),2016,25.51,0.3951927099869736,216232.8,97.9,50.4,172.94,111.7,469.9
1025,Республика Адыгея (Адыгея),2017,23.15,0.7484133820051132,232839.8,100.4,50.2,164.06,102.7,472.6
1026,Республика Адыгея (Адыгея),2018,24.66,0.1219863323157871,252776.7,98.2,49.9,191.93,105.3,476.6
1027,Республика Адыгея (Адыгея),2019,23.46,,272001.2,108.1,50.0,201.34,101.6,487.5
1028,Республика Адыгея (Адыгея),2020,23.53,,292264.5,106.5,49.6,186.58,105.9,490.4
1029,Республика Адыгея (Адыгея),2021,23.63,,346689.2,95.2,49.5,181.09,112.5,498.3
1030,Республика Адыгея (Адыгея),2022,24.09,,395639.8,98.8,49.0,171.5,112.8,498.0
1031,Республика Адыгея (Адыгея),2023,23.0,,446700.0,101.6,48.7,148.0,107.2,500.6
1032,Республика Алтай,2000,0.55,0.0006063926940639,13505.1,98.8,26.1,11.0,98.6,203.0
1033,Республика Алтай,2001,0.55,,22164.4,98.8,26.5,8.0,110.7,202.9
1034,Республика Алтай,2002,0.42,,26160.6,109.1,26.4,8.0,101.4,203.0
1035,Республика Алтай,2003,0.67,,34042.3,105.4,26.3,8.0,96.7,202.5
1036,Республика Алтай,2004,0.36,,42067.6,98.0,26.0,9.0,117.2,202.3
1037,Республика Алтай,2005,0.5,,43592.3,94.9,26.2,8.0,100.6,201.7
1038,Республика Алтай,2006,0.37,,57555.4,106.5,26.7,8.0,107.4,201.8
1039,Республика Алтай,2007,0.42,,74633.6,115.6,26.9,8.0,106.5,203.1
1040,Республика Алтай,2008,0.46,,91713.1,101.4,27.1,9.0,104.2,204.7
1041,Республика Алтай,2009,0.26,,97112.1,106.0,27.5,8.0,89.6,205.4
1042,Республика Алтай,2010,0.3,0.0211413031343636,108729.5,101.6,27.7,8.0,96.5,206.5
1043,Республика Алтай,2011,0.3,1.1278657205240177,127452.9,110.0,28.9,8.0,108.1,207.4
1044,Республика Алтай,2012,0.31,0.7988007725507972,146447.1,101.0,29.3,10.06,104.4,208.3
1045,Республика Алтай,2013,0.24,0.7388898794782895,159790.5,100.6,29.6,7.7,96.5,208.6
1046,Республика Алтай,2014,0.35,0.8391401794758611,187384.9,96.3,29.9,6.86,105.6,209.7
1047,Республика Алтай,2015,0.39,0.5162154547416501,200875.3,98.0,30.1,8.87,125.2,210.1
1048,Республика Алтай,2016,0.38,1.377757726905717,225265.0,101.4,30.2,6.99,149.0,211.0
1049,Республика Алтай,2017,0.32,1.7511318759397876,229400.6,94.7,30.2,6.32,109.9,211.1
1050,Республика Алтай,2018,0.31,0.6964123885228984,256230.0,98.4,30.5,6.83,102.5,210.9
1051,Республика Алтай,2019,0.33,0.4646239310248142,270282.7,98.2,30.8,6.98,101.3,211.3
1052,Республика Алтай,2020,0.38,0.36059684204497,297548.1,94.8,30.9,6.1,130.9,211.2
1053,Республика Алтай,2021,0.31,0.3042325273038138,353184.5,94.8,31.0,6.35,101.1,210.8
1054,Республика Алтай,2022,0.29,0.4022880607588083,434627.5,101.2,30.8,6.81,101.3,210.8
1055,Республика Алтай,2023,0.3,1.01151320192179,514000.0,95.4,30.6,7.0,109.4,210.8
1056,Республика Башкортостан,2000,457.0,1.3830052713178294,35245.9,98.4,64.1,880.0,108.0,4115.2
1057,Республика Башкортостан,2001,447.0,2.207959284874125,40609.7,114.1,64.1,863.0,106.5,4108.3
1058,Республика Башкортостан,2002,426.0,1.9563346787888984,45756.0,108.4,64.1,842.0,100.4,4102.3
1059,Республика Башкортостан,2003,408.0,1.3332116474319784,59274.3,104.2,64.2,823.0,104.6,4094.2
1060,Республика Башкортостан,2004,392.0,1.531055499990188,76042.5,100.6,59.8,805.0,103.7,4081.3
1061,Республика Башкортостан,2005,388.0,1.5671511202120283,93683.1,98.9,59.8,778.0,106.2,4066.3
1062,Республика Башкортостан,2006,383.0,1.7541596117859295,124439.6,108.7,59.8,799.0,108.0,4053.4
1063,Республика Башкортостан,2007,383.0,1.696037668410405,145543.9,102.6,60.0,796.0,105.8,4054.8
1064,Республика Башкортостан,2008,381.0,1.2766612966124251,183168.7,102.3,60.1,768.0,107.6,4059.4
1065,Республика Башкортостан,2009,359.0,0.8223940361009069,159428.7,99.3,60.3,719.0,98.3,4068.5
1066,Республика Башкортостан,2010,341.0,1.1596428124061104,186522.0,64.7,60.6,745.0,110.1,4072.1
1067,Республика Башкортостан,2011,321.0,0.7378692032803429,231077.6,139.8,60.8,784.0,109.8,4072.6
1068,Республика Башкортостан,2012,311.23,0.6460106556151874,282038.4,85.5,60.9,794.77,105.7,4078.0
1069,Республика Башкортостан,2013,305.1,1.526510681995394,284639.1,114.5,61.2,781.56,102.3,4095.3
1070,Республика Башкортостан,2014,297.86,1.763813759791189,307280.3,99.7,61.4,765.94,103.9,4105.8
1071,Республика Башкортостан,2015,277.11,2.036103868583151,320352.1,103.0,61.4,756.36,101.3,4114.0
1072,Республика Башкортостан,2016,283.24,2.898415842336388,345331.5,100.7,61.5,783.63,102.9,4118.8
1073,Республика Башкортостан,2017,259.98,1.6859919482070007,361070.3,103.3,61.5,749.62,104.2,4122.7
1074,Республика Башкортостан,2018,243.33,1.165871768335406,422133.4,99.4,61.6,752.9,101.1,4118.0
1075,Республика Башкортостан,2019,236.02,0.7955635979980721,438183.0,102.2,61.8,783.39,104.8,4112.900000000001
1076,Республика Башкортостан,2020,175.52,2.152078955503035,412767.7,103.6,61.8,673.85,99.1,4096.1
1077,Республика Башкортостан,2021,174.48,0.9677743867792824,492450.9,84.8,62.1,681.68,104.4,4091.6
1078,Республика Башкортостан,2022,166.78,1.2432538087025649,549048.0,129.2,62.3,739.55,103.6,4077.6
1079,Республика Башкортостан,2023,170.0,0.929971327530229,604300.0,88.8,62.6,740.0,108.5,4064.3
1080,Республика Бурятия,2000,120.0,0.5954061507798558,21555.1,102.1,59.8,485.0,118.8,996.9
1081,Республика Бурятия,2001,121.0,0.3954035065552567,30314.6,100.3,59.7,527.0,109.7,987.3
1082,Республика Бурятия,2002,70.0,0.4667531576238303,38524.0,97.8,59.6,650.0,111.8,979.6
1083,Республика Бурятия,2003,67.0,0.2830149826710836,53479.2,96.6,58.7,395.0,108.4,974.6
1084,Республика Бурятия,2004,66.0,0.1766108403670299,65707.2,100.9,57.4,394.0,102.1,971.0
1085,Республика Бурятия,2005,61.0,0.3083119195759342,77313.2,99.4,56.4,414.0,107.9,966.9
1086,Республика Бурятия,2006,52.0,0.6186513492177721,94965.1,100.7,56.0,364.0,108.4,964.6
1087,Республика Бурятия,2007,50.0,0.2112144226652519,111354.0,101.3,56.1,485.0,108.6,965.2
1088,Республика Бурятия,2008,46.0,0.4328326859790681,129145.4,101.5,56.0,569.0,107.6,966.6
1089,Республика Бурятия,2009,45.0,0.5515056395987382,125172.5,97.6,57.8,416.0,99.3,969.7
1090,Республика Бурятия,2010,41.0,1.4343931051423846,137564.9,100.1,58.5,499.0,120.2,971.5
1091,Республика Бурятия,2011,8.0,0.5894393522891266,158143.4,101.6,58.8,460.0,114.2,971.3
1092,Республика Бурятия,2012,34.56,0.1925025586113205,169608.1,101.9,59.0,507.56,103.2,971.2
1093,Республика Бурятия,2013,32.47,0.2979936559049211,181975.1,101.9,59.2,517.8,114.9,972.8
1094,Республика Бурятия,2014,37.89,0.939744285171178,191295.1,101.5,59.3,520.31,102.9,976.9
1095,Республика Бурятия,2015,39.23,0.4173859623692335,207268.7,87.7,59.3,534.42,101.6,980.1
1096,Республика Бурятия,2016,38.06,0.7453980393595713,225071.8,104.2,59.1,532.91,87.2,981.6
1097,Республика Бурятия,2017,34.53,0.3212990902254333,228844.2,92.5,59.2,591.39,101.3,981.3
1098,Республика Бурятия,2018,34.64,0.5212434439663607,263744.5,105.6,59.2,501.7,102.4,979.5
1099,Республика Бурятия,2019,30.52,0.2137096632953939,291073.7,98.9,59.3,430.71,111.6,982.1
1100,Республика Бурятия,2020,28.6,0.4760852363471118,308499.3,101.1,59.2,408.34,113.2,980.9
1101,Республика Бурятия,2021,29.72,0.5323540461299755,363621.5,102.6,59.2,469.28,101.8,978.0
1102,Республика Бурятия,2022,26.28,0.4162102062936163,457864.5,99.5,59.1,593.76,111.7,974.6
1103,Республика Бурятия,2023,26.0,5.395128937439921,517799.99999999994,103.1,59.1,543.0,97.1,971.9
1104,Республика Дагестан,2000,280.0,0.013352070397828,8489.7,107.6,42.4,3223.0,100.9,2486.0
1105,Республика Дагестан,2001,220.0,0.2476153943697692,12562.3,119.3,42.6,3427.0,102.9,2536.1
1106,Республика Дагестан,2002,77.0,0.2750662387490649,16195.5,107.0,42.8,3158.0,108.8,2581.4
1107,Республика Дагестан,2003,80.0,0.0463882193497111,22168.7,111.8,43.2,3186.0,94.7,2617.5
1108,Республика Дагестан,2004,79.0,0.1670424866563254,30629.6,108.9,43.4,3141.0,115.1,2652.7
1109,Республика Дагестан,2005,78.0,0.1469181115978532,33839.8,108.3,43.8,3322.0,136.3,2692.6
1110,Республика Дагестан,2006,75.0,0.4578503223831788,45741.7,104.1,44.2,3370.0,108.5,2735.8
1111,Республика Дагестан,2007,75.0,0.0660709952538985,56812.6,105.1,44.4,3234.0,133.1,2788.6
1112,Республика Дагестан,2008,75.0,0.0701106357951739,77033.8,104.0,44.6,3109.0,104.1,2826.5
1113,Республика Дагестан,2009,76.0,0.2132698839208525,90542.5,104.0,44.8,2912.0,103.2,2868.8
1114,Республика Дагестан,2010,77.0,0.4001214488424088,94883.6,104.1,45.2,3030.0,91.2,2914.2
1115,Республика Дагестан,2011,78.0,0.297403333950911,112953.7,106.0,45.1,2592.0,92.3,2934.6
1116,Республика Дагестан,2012,79.38,0.4514954085863132,127273.4,102.3,45.1,2252.56,100.4,2953.6
1117,Республика Дагестан,2013,77.33,0.0498579983934011,152776.7,103.4,45.0,2211.57,154.0,2975.1
1118,Республика Дагестан,2014,77.74,0.0078403798449362,176634.1,109.6,45.0,2863.87,100.7,3004.9
1119,Республика Дагестан,2015,79.28,0.0371742848595979,188590.2,104.8,45.1,2406.78,105.2,3032.5
1120,Республика Дагестан,2016,76.92,0.0101241346166924,202693.3,105.8,45.2,2449.33,135.2,3061.3
1121,Республика Дагестан,2017,71.91,0.0114601213141306,208042.6,105.3,45.2,2558.51,103.2,3086.6
1122,Республика Дагестан,2018,71.48,0.0013201475370262,218099.5,101.1,45.3,2417.82,94.8,3113.0
1123,Республика Дагестан,2019,73.25,,228250.0,100.7,45.3,2491.73,109.1,3140.9
1124,Республика Дагестан,2020,74.77,0.0096260955066341,234960.7,101.3,45.3,2500.59,109.4,3164.8
1125,Республика Дагестан,2021,74.9,,252694.0,95.3,45.2,2372.75,110.5,3186.9
1126,Республика Дагестан,2022,70.99,,285551.7,102.3,45.2,2380.51,109.4,3209.8
1127,Республика Дагестан,2023,74.0,,321200.0,105.9,45.2,2265.0,123.8,3232.2
1128,Республика Ингушетия,2000,1.42,,6667.9,100.6,42.6,68.0,121.5,445.4
1129,Республика Ингушетия,2001,0.94,,8000.7,122.9,42.6,137.0,134.8,455.5
1130,Республика Ингушетия,2002,1.13,,7751.7,101.5,42.4,99.0,43.2,468.8
1131,Республика Ингушетия,2003,1.44,,10332.4,112.0,42.6,80.0,85.9,451.9
1132,Республика Ингушетия,2004,1.37,,14024.9,102.3,42.4,86.0,91.8,433.7
1133,Республика Ингушетия,2005,1.6,,17435.1,90.4,42.5,65.0,103.5,417.4
1134,Республика Ингушетия,2006,1.86,,21922.4,103.2,42.6,90.0,105.1,406.7
1135,Республика Ингушетия,2007,1.89,,41340.7,97.1,42.6,89.0,76.1,406.6
1136,Республика Ингушетия,2008,1.26,,47002.3,114.9,42.8,100.0,83.7,409.2
1137,Республика Ингушетия,2009,3.14,,46174.4,102.7,42.7,105.0,112.1,411.7
1138,Республика Ингушетия,2010,2.7,,48239.2,101.5,38.4,119.0,97.4,414.5
1139,Республика Ингушетия,2011,4.3,,63662.5,114.1,40.6,125.0,111.4,429.3
1140,Республика Ингушетия,2012,4.15,,86074.8,79.3,42.6,123.58,110.0,440.1
1141,Республика Ингушетия,2013,4.06,,102879.9,108.5,44.3,107.69,116.1,449.6
1142,Республика Ингушетия,2014,3.83,1.4951163785297892,114212.7,108.1,45.9,108.5,102.8,459.3
1143,Республика Ингушетия,2015,2.19,,108133.7,104.1,47.6,105.62,100.4,467.2000000000001
1144,Республика Ингушетия,2016,2.57,0.0714429452284512,123604.4,112.8,49.2,106.4,101.8,473.6
1145,Республика Ингушетия,2017,2.72,0.4140936443198512,127623.9,87.6,50.3,106.28,110.4,480.1
1146,Республика Ингушетия,2018,2.84,0.1036043647229361,139363.8,111.5,51.5,105.49,111.0,488.2
1147,Республика Ингушетия,2019,2.73,1.0189506664715224,149849.4,101.3,52.7,104.02,109.2,496.7
1148,Республика Ингушетия,2020,0.92,10.391434063344123,141618.3,98.0,53.8,103.98,97.9,504.0
1149,Республика Ингушетия,2021,0.87,0.2926284634778238,141496.0,125.5,54.8,108.38,104.6,511.3
1150,Республика Ингушетия,2022,0.83,0.1382752443531527,159603.5,123.5,54.8,108.89,105.2,519.1
1151,Республика Ингушетия,2023,0.6,1.279798404736901,182200.0,100.8,55.0,126.0,117.8,527.2
1152,Республика Калмыкия,2000,28.0,0.8223577890094326,20183.7,139.9,43.0,433.0,105.9,307.3
1153,Республика Калмыкия,2001,35.0,1.0286096256684492,22261.8,126.7,43.7,389.0,111.2,297.6
1154,Республика Калмыкия,2002,37.0,1.3221841783204762,24676.8,109.4,44.3,363.0,99.6,291.8
1155,Республика Калмыкия,2003,43.0,0.5042801437418764,22394.9,90.0,44.3,402.0,108.8,292.2
1156,Республика Калмыкия,2004,37.0,0.7443564007747843,29105.7,135.1,44.0,396.0,95.0,293.2
1157,Республика Калмыкия,2005,36.0,1.4260611003851038,33017.9,105.8,43.9,371.0,99.6,293.5
1158,Республика Калмыкия,2006,41.0,0.904602113032443,43797.2,132.3,43.8,380.0,87.4,293.0
1159,Республика Калмыкия,2007,38.0,0.7341081401154084,58925.2,104.3,43.9,399.0,93.9,291.7
1160,Республика Калмыкия,2008,39.0,1.202047167587796,71450.7,101.0,44.0,368.0,90.3,290.3
1161,Республика Калмыкия,2009,35.0,0.4537813020657171,82586.8,93.4,44.1,408.0,102.7,289.7
1162,Республика Калмыкия,2010,29.0,0.0448039468777787,84359.4,105.1,44.1,371.0,113.3,288.9
1163,Республика Калмыкия,2011,33.0,0.0397698397268637,101929.5,112.7,44.5,358.0,75.4,286.4
1164,Республика Калмыкия,2012,20.45,2.307428310369995,125970.8,99.7,44.8,324.61,89.8,283.6
1165,Республика Калмыкия,2013,26.25,0.7410210878421217,145760.6,101.6,45.0,289.57,108.3,281.3
1166,Республика Калмыкия,2014,14.25,0.9828494063915204,166419.7,107.2,45.3,394.32,103.2,279.7
1167,Республика Калмыкия,2015,12.1,0.0603704879856038,186387.4,101.3,45.4,397.35,99.7,277.8
1168,Республика Калмыкия,2016,14.91,0.2146308014754715,250822.7,102.2,45.5,280.76,104.3,276.9
1169,Республика Калмыкия,2017,14.9,0.0164069120357832,290646.4,101.1,45.6,330.88,103.3,274.5
1170,Республика Калмыкия,2018,13.87,0.021842565827905,315286.0,92.0,45.8,290.64,98.5,271.7
1171,Республика Калмыкия,2019,18.24,0.0556598780269904,328442.5,98.3,46.2,315.0,96.5,270.2
1172,Республика Калмыкия,2020,14.73,0.0315551353403689,348863.1,89.7,46.5,286.0,100.3,268.9
1173,Республика Калмыкия,2021,6.29,0.0690876484217189,382488.4,92.5,46.8,327.54,129.3,266.4
1174,Республика Калмыкия,2022,11.69,0.0870995346397493,448137.3,96.7,47.0,323.12,118.6,264.5
1175,Республика Калмыкия,2023,11.0,,627600.0,104.8,47.0,334.0,100.1,266.8
1176,Республика Карелия,2000,205.0,1.3130379307167213,38539.2,102.3,74.5,199.0,115.8,728.8
1177,Республика Карелия,2001,201.0,0.6158932659573206,46499.2,111.0,74.8,218.0,98.8,721.5
1178,Республика Карелия,2002,198.0,0.4925497553333462,57575.7,95.6,75.1,214.0,95.5,715.2
1179,Республика Карелия,2003,194.0,0.9941853102348414,65708.0,97.1,75.5,222.0,101.8,702.8
1180,Республика Карелия,2004,209.0,0.7821607327834617,77509.7,85.4,75.9,225.0,110.5,689.6
1181,Республика Карелия,2005,205.0,0.5085653382569549,112950.3,97.7,76.2,237.0,118.7,676.0
1182,Республика Карелия,2006,207.0,0.7293178183579628,125613.2,100.5,76.6,236.0,101.8,665.0
1183,Республика Карелия,2007,204.0,0.7848261001325962,157959.0,96.3,77.1,226.0,116.0,659.4
1184,Республика Карелия,2008,197.0,1.7274864115575106,175465.8,103.1,77.5,221.0,97.0,653.7
1185,Республика Карелия,2009,190.0,1.2252055953272205,162649.3,95.3,77.7,213.0,78.5,648.7
1186,Республика Карелия,2010,190.0,2.7336249795662315,186651.2,97.5,78.1,203.0,108.9,642.6
1187,Республика Карелия,2011,175.0,1.6546749125706584,242566.5,98.0,78.3,196.0,101.6,635.1
1188,Республика Карелия,2012,177.6,0.2076286281836466,255152.1,91.9,78.6,188.34,102.0,625.7
1189,Республика Карелия,2013,216.74,0.1377828234142911,287744.6,100.4,78.7,171.72,94.5,615.9
1190,Республика Карелия,2014,219.73,0.4320134566229462,312541.8,96.6,79.0,174.55,101.7,607.6
1191,Республика Карелия,2015,205.65,0.2021428015628427,352300.9,97.2,79.0,167.91,99.7,596.2
1192,Республика Карелия,2016,221.23,0.2517947258890531,419854.6,89.9,79.1,161.97,103.7,585.8
1193,Республика Карелия,2017,220.83,0.1592977243563113,467853.6,91.0,79.0,168.56,103.7,571.8
1194,Республика Карелия,2018,180.2,0.0486721415017953,532104.8,102.9,79.0,181.44,103.9,559.4
1195,Республика Карелия,2019,222.1,0.0307070992007522,574794.5,93.7,79.2,189.27,100.4,550.7
1196,Республика Карелия,2020,170.9,0.0562924329220615,591114.7,101.5,79.2,185.72,105.5,541.5
1197,Республика Карелия,2021,120.61,0.0643706677993163,833570.6,91.6,79.4,184.14,101.2,532.4
1198,Республика Карелия,2022,112.18,0.0798879948289583,738326.4,104.7,79.7,187.38,93.1,527.9
1199,Республика Карелия,2023,137.0,0.2849381440236744,825900.0,99.9,79.9,183.0,100.2,523.9
1200,Республика Коми,2000,146.0,3.479075413926632,56619.5,107.6,75.3,663.0,105.3,1042.9
1201,Республика Коми,2001,146.0,1.6130524486914974,75534.6,100.3,75.3,642.0,108.0,1029.7
1202,Республика Коми,2002,145.0,0.476751755999228,84101.9,89.2,75.3,617.0,97.4,1016.0
1203,Республика Коми,2003,141.0,0.4832933578474834,106304.1,96.3,75.3,587.0,102.8,999.9
1204,Республика Коми,2004,136.0,0.6508883788795331,132733.1,99.4,75.6,588.0,105.3,982.9
1205,Республика Коми,2005,133.0,1.0847063053975547,176075.2,97.6,75.8,568.0,104.1,963.0
1206,Республика Коми,2006,126.0,0.9791057468349912,229053.7,102.7,76.0,568.0,105.0,944.8
1207,Республика Коми,2007,121.0,0.2472053758959654,256586.2,92.9,76.1,543.0,106.3,934.9
1208,Республика Коми,2008,116.0,0.4889756113608722,314251.6,106.5,76.3,542.0,102.9,922.3
1209,Республика Коми,2009,107.0,3.998899313086774,329967.4,96.1,76.6,519.0,98.3,912.0
1210,Республика Коми,2010,117.0,1.1888575199305926,390740.4,102.7,77.0,506.0,100.8,899.2
1211,Республика Коми,2011,129.0,0.2364684042753532,489212.6,108.0,77.2,495.0,104.4,883.1
1212,Республика Коми,2012,119.58,1.2504259982177277,547407.1,101.0,77.2,485.9,102.1,867.2
1213,Республика Коми,2013,109.47,4.290133371370922,561081.0,94.1,77.3,475.91,102.4,852.1
1214,Республика Коми,2014,110.64,5.425756635372336,572919.1,98.7,77.4,481.0,100.5,838.1
1215,Республика Коми,2015,117.26,6.770456813866073,635806.4,101.6,77.5,485.74,101.6,824.1
1216,Республика Коми,2016,110.11,4.6150226968295645,707578.4,104.4,77.6,491.1,96.0,811.5
1217,Республика Коми,2017,262.24,3.171041701550098,757260.3,92.5,77.6,484.75,95.8,795.8
1218,Республика Коми,2018,266.85,4.468258172227998,884160.8,103.3,77.6,473.58,102.0,779.1
1219,Республика Коми,2019,268.62,2.357010560773288,931130.0,96.5,77.5,462.42,102.2,763.4
1220,Республика Коми,2020,171.09,2.646421810797224,810217.9,115.2,77.5,474.52,91.2,750.4
1221,Республика Коми,2021,175.99,0.8008205326968245,1171877.3,97.7,77.5,446.33,101.7,734.4
1222,Республика Коми,2022,168.12,0.3619317891234473,1335846.2,97.5,77.7,442.31,104.6,726.5
1223,Республика Коми,2023,177.0,0.5678725858625998,1450400.0,94.6,77.9,449.0,100.3,720.6
1224,Республика Марий Эл,2000,70.0,0.2163103608265819,15114.8,89.6,62.9,120.0,101.3,739.1
1225,Республика Марий Эл,2001,60.0,0.1463195429419796,20502.6,105.8,63.0,110.0,103.1,732.8
1226,Республика Марий Эл,2002,64.0,0.2948959602139733,24411.2,89.0,63.2,112.0,104.1,726.7
1227,Республика Марий Эл,2003,66.0,0.3563141386765736,31719.0,98.4,63.2,112.0,113.5,722.7
1228,Республика Марий Эл,2004,66.0,0.2158275055175898,41757.6,102.6,62.8,110.0,112.1,718.3
1229,Республика Марий Эл,2005,64.0,0.1605537514954708,46589.5,98.2,62.7,104.0,114.4,713.4
1230,Республика Марий Эл,2006,60.0,0.0557549177005155,61413.0,104.8,62.7,98.0,117.1,708.6
1231,Республика Марий Эл,2007,60.0,0.0180178030550652,77919.2,102.6,62.8,96.0,111.3,704.9
1232,Республика Марий Эл,2008,59.0,0.0802033899335972,93512.4,105.1,62.9,95.0,106.4,701.6
1233,Республика Марий Эл,2009,62.0,0.1278984286467017,98888.9,102.2,63.0,92.0,94.6,699.4
1234,Республика Марий Эл,2010,60.0,0.0348265480537642,118110.4,83.9,63.2,91.0,116.1,695.5
1235,Республика Марий Эл,2011,57.0,0.0079528745942646,140192.9,119.8,63.8,87.0,107.3,693.0
1236,Республика Марий Эл,2012,51.1,0.0158855164328662,169338.4,112.8,64.4,82.25,110.0,691.3
1237,Республика Марий Эл,2013,55.43,0.0014814903033103,182359.0,108.5,64.9,80.34,100.3,690.0
1238,Республика Марий Эл,2014,49.75,0.0054394784795402,207926.2,117.3,65.4,74.96,113.4,689.2
1239,Республика Марий Эл,2015,49.07,0.0004300787176851,249303.7,110.2,65.8,75.89,108.5,688.1
1240,Республика Марий Эл,2016,48.15,0.0209393734584426,248481.6,93.9,66.1,75.67,97.0,687.4
1241,Республика Марий Эл,2017,45.07,0.0503270607408138,259602.0,96.8,66.5,74.55,106.5,685.4
1242,Республика Марий Эл,2018,48.08,1.0958823562992013,281426.3,111.4,67.0,70.65,96.7,683.9
1243,Республика Марий Эл,2019,49.59,0.5038235043813498,297332.6,109.6,67.5,68.73,108.8,683.5
1244,Республика Марий Эл,2020,51.36,1.058957194465031,290412.2,103.7,67.9,73.68,95.4,679.8
1245,Республика Марий Эл,2021,29.35,0.0245730321945317,333964.7,95.9,68.5,70.19,99.7,676.4
1246,Республика Марий Эл,2022,30.75,0.0637696913808318,388519.7,105.8,68.8,76.26,95.6,672.3
1247,Республика Марий Эл,2023,30.0,0.213209639866379,453700.0,100.2,69.1,75.0,115.7,669.8
1248,Республика Мордовия,2000,60.0,0.3363109141248989,19219.8,109.6,59.6,87.0,118.1,908.2
1249,Республика Мордовия,2001,58.0,0.6469499083274859,24473.2,102.0,59.7,83.0,109.0,897.1
1250,Республика Мордовия,2002,56.0,0.4141995055983714,30848.9,102.0,59.9,79.0,109.6,886.1
1251,Республика Мордовия,2003,56.0,0.5116231500421129,37681.7,103.4,59.3,79.0,122.1,878.3
1252,Республика Мордовия,2004,54.0,0.4262251890574907,43807.6,93.0,58.6,76.0,113.3,871.8
1253,Республика Мордовия,2005,53.0,1.2889511374161338,50982.6,108.5,58.7,73.0,106.8,864.7
1254,Республика Мордовия,2006,51.0,0.8405221633071263,67309.8,105.6,58.9,74.0,111.3,857.9
1255,Республика Мордовия,2007,50.0,0.6057651773940673,90138.7,101.6,59.2,73.0,114.7,851.7
1256,Республика Мордовия,2008,49.0,0.5028413228816596,110877.3,105.7,59.6,72.0,114.8,845.0
1257,Республика Мордовия,2009,47.0,0.6313084400147916,107903.3,106.9,60.1,70.0,101.8,839.2
1258,Республика Мордовия,2010,46.0,0.4061900178273425,125975.5,71.8,60.6,70.0,107.2,833.3
1259,Республика Мордовия,2011,42.0,0.733167882676199,144564.9,146.0,60.8,66.0,103.2,826.3
1260,Республика Мордовия,2012,38.69,0.4162770370679207,163137.2,98.3,61.0,63.2,112.7,820.4
1261,Республика Мордовия,2013,35.15,0.071231970260723,181863.4,100.4,61.3,59.91,99.4,815.0
1262,Республика Мордовия,2014,33.78,0.3684540471275824,213647.2,107.4,61.6,57.77,110.8,812.7
1263,Республика Мордовия,2015,29.6,0.9968040329954204,221963.0,105.4,62.0,52.58,98.1,812.4
1264,Республика Мордовия,2016,29.92,0.5416715256487077,274535.0,108.0,62.5,54.21,101.0,814.4
1265,Республика Мордовия,2017,26.45,1.154938269513255,290362.4,102.6,62.8,48.41,109.6,811.8
1266,Республика Мордовия,2018,27.05,0.4520566959030526,304213.2,100.6,63.0,50.19,107.2,803.3
1267,Республика Мордовия,2019,5.5,0.8145387854952381,327973.9,110.2,63.2,50.89,104.1,799.0
1268,Республика Мордовия,2020,5.21,1.5616561618997924,335559.5,106.5,63.2,47.98,106.3,788.7
1269,Республика Мордовия,2021,5.0,0.18281359725835,387433.7,98.4,63.4,46.73,111.1,781.4
1270,Республика Мордовия,2022,4.95,0.5096716159851127,441297.3,114.3,63.6,48.6,99.4,771.4
1271,Республика Мордовия,2023,5.0,0.2790662570905141,516299.99999999994,107.2,63.7,51.0,109.4,765.9
1272,Республика Саха (Якутия),2000,85.0,0.5619101419710006,85375.5,98.4,64.2,128.0,105.42,957.5
1273,Республика Саха (Якутия),2001,87.0,0.2872046245432134,105733.3,103.6,64.3,135.0,102.38,951.5
1274,Республика Саха (Якутия),2002,83.0,0.6354270564494762,121163.1,98.6,64.4,134.0,102.44,948.6
1275,Республика Саха (Якутия),2003,87.0,2.5349155147893305,140065.1,99.9,64.5,135.0,102.51,950.0
1276,Республика Саха (Якутия),2004,79.0,0.8355215454143314,161309.0,100.6,63.9,131.0,112.5,953.2
1277,Республика Саха (Якутия),2005,79.0,1.4169139525862309,191896.0,103.6,63.6,120.0,93.4,954.4
1278,Республика Саха (Якутия),2006,79.0,1.2686003529212693,216535.9,95.2,63.7,130.0,100.0,956.1
1279,Республика Саха (Якутия),2007,97.0,3.3163490778116387,253423.5,103.6,64.2,140.0,100.5,958.9
1280,Республика Саха (Якутия),2008,93.0,3.0649633317319207,322922.2,103.8,64.4,166.0,104.2,958.1
1281,Республика Саха (Якутия),2009,91.0,4.791874813567388,342520.1,94.8,64.4,151.0,86.4,958.3
1282,Республика Саха (Якутия),2010,86.0,1.458189419455976,403658.5,97.0,64.1,164.0,122.8,958.2
1283,Республика Саха (Якутия),2011,87.0,0.826021684326118,508549.5,92.9,64.6,159.0,116.1,956.3
1284,Республика Саха (Якутия),2012,81.33,1.0952684485027715,566002.6,98.1,64.9,200.74,109.0,956.4
1285,Республика Саха (Якутия),2013,75.63,2.6994327535001386,596336.3,99.3,65.2,161.12,106.2,956.2
1286,Республика Саха (Якутия),2014,78.95,2.324616493684327,687289.7,98.4,65.3,160.97,104.9,959.0
1287,Республика Саха (Якутия),2015,85.43,1.819192579417623,778151.2,97.2,65.5,167.31,103.8,962.5
1288,Республика Саха (Якутия),2016,49.73,1.4277922417837643,922292.1,101.2,65.5,150.44,101.9,966.3
1289,Республика Саха (Якутия),2017,48.18,2.656770200214516,974017.3,103.1,65.7,153.0,102.5,968.1
1290,Республика Саха (Якутия),2018,56.8,3.4431313553632323,1161944.5,100.1,65.9,178.29,107.6,971.4
1291,Республика Саха (Якутия),2019,83.3,1.3094762537119804,1260373.1,101.7,66.1,170.48,111.3,976.7
1292,Республика Саха (Якутия),2020,74.28,1.168430085097472,1154483.9,99.1,66.3,173.49,95.3,987.2
1293,Республика Саха (Якутия),2021,75.44,0.8570140846552758,1684839.3,99.3,67.0,176.48,114.4,997.8
1294,Республика Саха (Якутия),2022,81.41,1.2985929133383118,2029719.8,101.4,67.2,183.9,113.0,997.6
1295,Республика Саха (Якутия),2023,84.0,1.9220024642385387,2230700.0,101.2,67.6,191.0,101.9,1001.7
1296,Республика Северная Осетия — Алания,2000,24.0,0.497960110962311,11964.5,100.0,66.2,258.0,108.5,704.4
1297,Республика Северная Осетия — Алания,2001,18.0,0.2730373540303032,17914.2,111.9,65.7,275.0,112.4,709.6
1298,Республика Северная Осетия — Алания,2002,98.0,0.7720906391623692,22541.2,103.3,65.4,234.0,104.6,709.7
1299,Республика Северная Осетия — Алания,2003,97.0,0.5810136748885084,26705.1,101.9,65.3,225.0,95.0,707.7
1300,Республика Северная Осетия — Алания,2004,93.0,0.5697173232239987,34323.6,110.6,65.2,241.0,108.4,706.4
1301,Республика Северная Осетия — Алания,2005,96.0,1.8741121537287304,44127.2,94.3,64.3,218.0,110.5,706.9
1302,Республика Северная Осетия — Алания,2006,90.0,0.7266028628648953,61229.6,98.7,64.1,246.0,92.0,708.8
1303,Республика Северная Осетия — Алания,2007,88.0,1.2698906160046055,74356.6,104.9,63.7,230.0,117.0,711.5
1304,Республика Северная Осетия — Алания,2008,87.0,1.137339405344895,81097.0,129.8,63.6,230.0,104.3,711.7
1305,Республика Северная Осетия — Алания,2009,88.0,1.9165945188463425,90040.7,95.2,63.7,234.0,98.6,711.7
1306,Республика Северная Осетия — Алания,2010,82.0,1.8651882316394832,105781.6,102.5,63.8,264.0,99.0,712.5
1307,Республика Северная Осетия — Алания,2011,97.0,0.4660274556427994,120833.1,104.1,63.8,206.0,109.7,708.9
1308,Республика Северная Осетия — Алания,2012,106.5,0.7217102724712875,137725.5,101.3,63.7,191.69,102.6,706.2
1309,Республика Северная Осетия — Алания,2013,86.92,0.762154630702771,168273.0,100.9,63.7,184.38,107.9,703.9
1310,Республика Северная Осетия — Алания,2014,83.62,0.4194600688311018,178833.3,90.8,63.7,176.47,97.7,704.8
1311,Республика Северная Осетия — Алания,2015,87.65,0.2959090433093854,179020.7,87.4,63.7,149.49,91.7,703.4
1312,Республика Северная Осетия — Алания,2016,87.74,0.2981521415549079,211684.0,90.9,63.7,137.8,89.6,702.6
1313,Республика Северная Осетия — Алания,2017,86.39,0.5812921566364905,217384.9,97.1,63.6,143.38,83.1,700.7
1314,Республика Северная Осетия — Алания,2018,92.17,0.6134666561551206,230382.6,108.8,63.6,156.39,93.9,697.8
1315,Республика Северная Осетия — Алания,2019,89.78,,249099.8,112.7,63.5,169.61,92.2,694.9
1316,Республика Северная Осетия — Алания,2020,91.25,,258575.6,107.2,63.4,162.16,129.7,690.8
1317,Республика Северная Осетия — Алания,2021,90.15,,287740.5,104.7,63.2,143.19,114.2,685.4
1318,Республика Северная Осетия — Алания,2022,88.55,,316184.7,109.5,63.2,153.05,109.8,680.7
1319,Республика Северная Осетия — Алания,2023,90.0,,392100.0,106.8,63.3,134.0,123.5,678.9
1320,Республика Татарстан (Татарстан),2000,572.0,0.3404782266763503,49139.3,97.7,73.6,916.0,107.08,3786.8
1321,Республика Татарстан (Татарстан),2001,547.0,0.4413099092355198,56479.2,125.9,73.8,913.0,105.97,3781.9
1322,Республика Татарстан (Татарстан),2002,534.0,0.4178990486679756,66298.7,96.0,73.9,875.0,99.09,3777.7
1323,Республика Татарстан (Татарстан),2003,534.0,0.3270933025136183,80809.2,103.6,74.0,866.0,105.04,3773.1
1324,Республика Татарстан (Татарстан),2004,543.0,0.2553004735168083,103726.8,102.6,74.5,782.0,106.1,3768.2
1325,Республика Татарстан (Татарстан),2005,529.0,0.2398856821371814,128226.9,104.5,74.5,739.0,104.8,3761.6
1326,Республика Татарстан (Татарстан),2006,512.0,0.2546780511675385,161045.9,104.3,74.7,703.0,108.1,3763.1
1327,Республика Татарстан (Татарстан),2007,493.0,0.3032121144745705,201172.1,104.0,74.8,677.0,107.3,3766.8
1328,Республика Татарстан (Татарстан),2008,477.0,0.6089245183367281,245628.5,108.9,75.0,680.0,104.0,3773.5
1329,Республика Татарстан (Татарстан),2009,439.0,1.2473659102618566,234206.4,100.2,75.2,638.0,95.6,3784.5
1330,Республика Татарстан (Татарстан),2010,490.0,1.0707160519908292,264561.7,66.9,75.4,639.0,105.1,3787.5
1331,Республика Татарстан (Татарстан),2011,498.0,0.638603879024187,343673.6,151.6,75.7,622.0,106.3,3812.4
1332,Республика Татарстан (Татарстан),2012,480.0,1.8614367561330856,375500.2,92.0,75.9,693.7,106.9,3841.4
1333,Республика Татарстан (Татарстан),2013,466.64,2.1757132210111925,402511.3,98.3,76.1,746.21,101.7,3867.6
1334,Республика Татарстан (Татарстан),2014,439.42,0.9749370144872996,428084.3,103.2,76.3,724.48,101.3,3894.5
1335,Республика Татарстан (Татарстан),2015,382.48,1.7511487722617118,477951.3,104.1,76.4,720.42,101.5,3919.1
1336,Республика Татарстан (Татарстан),2016,325.21,0.926744289831804,523310.8,104.9,76.6,744.19,103.5,3946.7
1337,Республика Татарстан (Татарстан),2017,319.71,0.8919654368668298,572350.5,104.9,76.7,690.83,101.5,3966.8
1338,Республика Татарстан (Татарстан),2018,296.19,0.9212211925702022,659921.1,97.0,76.8,663.39,102.6,3981.9
1339,Республика Татарстан (Татарстан),2019,286.14,1.0246191433046112,704097.8,103.5,76.8,647.68,102.4,3996.4
1340,Республика Татарстан (Татарстан),2020,276.47,1.7243005209466336,658311.7,104.2,76.8,634.54,96.6,3997.7
1341,Республика Татарстан (Татарстан),2021,262.52,0.9220305538279316,883564.0,79.6,76.8,662.78,108.6,4000.1
1342,Республика Татарстан (Татарстан),2022,243.28,0.7901962084853997,1044591.6,127.6,76.8,641.91,106.7,4001.6
1343,Республика Татарстан (Татарстан),2023,199.0,1.3432447032273735,1145200.0,91.8,76.7,862.0,103.0,4003.0
1344,Республика Тыва,2000,13.0,0.1168581842464038,11749.3,100.1,50.4,96.0,105.95,305.7
1345,Республика Тыва,2001,9.0,0.5541445393673516,17012.1,106.4,51.0,87.0,105.74,305.2
1346,Республика Тыва,2002,9.0,0.7898968951718901,22421.0,96.8,51.7,80.0,99.98,305.5
1347,Республика Тыва,2003,9.0,0.1182091316554203,26607.4,114.1,52.0,70.0,102.88,305.0
1348,Республика Тыва,2004,9.0,0.0311023021802103,32309.0,103.0,52.7,51.0,106.7,304.1
1349,Республика Тыва,2005,8.0,0.3957984994640943,38429.7,90.1,51.9,50.0,110.2,302.9
1350,Республика Тыва,2006,8.0,1.0226450471386694,50051.7,102.7,51.9,46.0,103.2,302.4
1351,Республика Тыва,2007,8.0,1.3157416865282034,63959.4,100.0,51.8,42.0,100.6,303.8
1352,Республика Тыва,2008,8.0,0.9591106177080496,78381.0,100.8,51.9,43.0,92.0,305.3
1353,Республика Тыва,2009,10.0,1.1772831783789406,87889.5,101.7,52.4,42.0,96.3,307.3
1354,Республика Тыва,2010,9.0,2.4519481165184835,99999.9,93.9,53.1,19.0,110.3,308.1
1355,Республика Тыва,2011,9.0,0.6414313046238049,108126.2,109.8,53.7,49.0,96.4,309.6
1356,Республика Тыва,2012,8.14,0.3506961634077352,120391.4,95.5,54.3,49.21,105.7,311.2
1357,Республика Тыва,2013,7.47,0.0031138994689905,132391.2,98.9,54.3,45.66,103.8,312.7
1358,Республика Тыва,2014,7.4,0.00124053547605,146370.2,93.1,54.5,43.6,108.5,315.1
1359,Республика Тыва,2015,9.04,,149573.0,99.2,54.7,43.82,105.1,317.2
1360,Республика Тыва,2016,12.35,,181916.2,97.4,54.5,44.13,103.9,320.4
1361,Республика Тыва,2017,5.62,0.0143760118944201,201882.5,104.0,54.4,48.04,114.4,323.9
1362,Республика Тыва,2018,6.67,0.0252871816030053,226436.7,108.7,54.5,47.35,99.5,326.9
1363,Республика Тыва,2019,8.17,0.0256942334530573,241482.8,99.3,54.6,49.91,95.3,330.0
1364,Республика Тыва,2020,8.14,0.0424135482082139,247766.7,101.2,54.5,40.02,63.3,333.7
1365,Республика Тыва,2021,6.2,0.2065950466134888,273231.6,102.1,54.8,36.06,105.8,336.2
1366,Республика Тыва,2022,5.61,0.157936975511094,320059.3,96.3,55.3,38.71,137.4,337.3
1367,Республика Тыва,2023,5.0,,363200.0,96.9,55.7,35.0,97.4,337.5
1368,Республика Хакасия,2000,56.0,0.4797182241461468,31333.2,101.2,71.0,242.0,103.2,554.4
1369,Республика Хакасия,2001,55.0,0.3999600818322439,36306.2,107.0,70.9,183.0,116.2,549.5
1370,Республика Хакасия,2002,54.0,0.219806240731927,46443.7,95.5,70.9,169.0,83.3,545.2
1371,Республика Хакасия,2003,57.0,0.1940923463540587,53320.2,99.1,70.8,164.0,121.6,541.4
1372,Республика Хакасия,2004,50.0,0.1705107407508103,61336.4,96.6,70.8,155.0,104.9,538.0
1373,Республика Хакасия,2005,50.0,0.2304715115930741,77864.6,90.4,70.8,148.0,105.4,533.8
1374,Республика Хакасия,2006,44.0,1.9763825939246733,100828.4,105.5,70.7,127.0,105.8,531.1
1375,Республика Хакасия,2007,45.0,2.610737264994821,119953.2,106.0,70.7,117.0,99.7,531.3
1376,Республика Хакасия,2008,44.0,0.0789585776558316,136023.7,99.2,70.7,119.0,112.2,531.9
1377,Республика Хакасия,2009,40.0,0.2817496689085026,152205.1,108.1,67.8,114.0,93.3,532.7
1378,Республика Хакасия,2010,38.0,0.8059981382718415,180352.1,101.5,67.4,119.0,98.0,532.3
1379,Республика Хакасия,2011,36.0,0.6244724245963987,212424.6,102.3,67.3,93.0,113.3,532.5
1380,Республика Хакасия,2012,33.94,0.5733179728793579,245063.6,101.2,67.4,92.66,102.9,533.7
1381,Республика Хакасия,2013,30.41,0.2857582454767519,265416.0,102.4,67.8,88.22,110.5,535.2
1382,Республика Хакасия,2014,30.16,0.3278359667821747,295346.5,97.3,68.0,83.16,95.2,537.3
1383,Республика Хакасия,2015,28.93,0.1983926705165271,316713.6,91.2,68.1,77.49,98.0,538.9
1384,Республика Хакасия,2016,24.05,0.5363098372697752,385057.2,96.4,68.3,76.65,109.5,540.1
1385,Республика Хакасия,2017,24.19,0.4323199390873368,403719.7,100.7,68.4,79.8,99.3,540.5
1386,Республика Хакасия,2018,32.65,0.1952516514945257,448682.7,93.6,68.5,69.57,107.5,539.7
1387,Республика Хакасия,2019,28.31,0.2028863661101667,475578.9,97.0,68.5,72.07,106.7,538.2
1388,Республика Хакасия,2020,26.35,1.080802154062984,495471.2,101.7,68.5,70.19,104.1,536.3
1389,Республика Хакасия,2021,29.27,0.3922758451832578,589719.9,96.5,68.5,71.39,106.7,533.0
1390,Республика Хакасия,2022,30.69,0.0796852297953667,656789.1,98.2,68.7,69.91,92.1,530.2
1391,Республика Хакасия,2023,33.0,0.0864582494059593,715300.0,100.6,68.9,69.0,105.2,528.2
1392,Ростовская область,2000,298.0,1.1978825248721263,20003.8,109.7,67.6,2917.0,112.7,4439.3
1393,Ростовская область,2001,287.0,0.7033760656772972,26817.8,119.7,67.6,2772.0,118.3,4417.7
1394,Ростовская область,2002,418.0,0.5835822560101951,31941.7,106.0,67.6,2646.0,101.9,4396.7
1395,Ростовская область,2003,337.0,0.6482551542342405,39180.4,96.8,67.6,2627.0,104.3,4375.5
1396,Ростовская область,2004,318.0,0.7210976843784391,50678.6,125.0,66.7,2137.0,116.0,4352.7
1397,Ростовская область,2005,282.0,0.2267080780759661,60575.0,102.9,66.7,2279.0,116.1,4332.4
1398,Ростовская область,2006,271.0,0.2916669240101466,78642.0,101.2,66.8,2393.0,115.8,4314.6
1399,Ростовская область,2007,300.0,0.144506850826546,104603.1,92.6,66.8,2415.0,114.5,4297.6
1400,Ростовская область,2008,265.0,0.389253178603211,134137.4,139.0,67.0,2320.0,105.1,4292.5
1401,Ростовская область,2009,255.0,0.22867028195391,129626.0,86.9,67.1,2226.0,84.5,4284.8
1402,Ростовская область,2010,270.0,0.0447112287192,154127.9,97.9,67.3,2330.0,114.4,4275.2
1403,Ростовская область,2011,235.0,0.0571102000190086,179399.3,111.1,67.4,2132.0,119.3,4264.0
1404,Ростовская область,2012,253.05,0.0669776896802753,197892.7,89.1,67.6,2118.21,107.8,4261.4
1405,Ростовская область,2013,236.4,1.2232821551438282,215492.0,96.5,67.7,2247.17,106.2,4255.7
1406,Ростовская область,2014,262.16,1.4774946108136198,236800.7,110.9,67.8,2309.64,105.4,4255.7
1407,Ростовская область,2015,238.38,0.7704514886338408,279489.9,102.7,67.8,2142.22,153.2,4253.7
1408,Ростовская область,2016,252.66,0.1340104969255492,323310.7,115.8,67.9,2212.1,113.0,4252.7
1409,Ростовская область,2017,217.88,0.270862959626164,339309.1,107.6,67.9,2374.4,107.0,4245.3
1410,Ростовская область,2018,199.43,0.1980785195723432,365327.5,91.4,68.0,2406.87,110.6,4230.6
1411,Ростовская область,2019,203.24,0.0811967475898026,386764.0,105.8,68.1,2222.32,102.8,4229.5
1412,Ростовская область,2020,189.6,0.119488559479433,406006.0,97.1,68.0,2141.64,101.8,4216.6
1413,Ростовская область,2021,199.79,0.0526357936906946,485902.3,108.4,67.9,2230.72,110.0,4192.3
1414,Ростовская область,2022,205.52,0.0772195224321817,556629.3,111.1,67.7,2294.22,109.3,4164.5
1415,Ростовская область,2023,97.0,0.1712683792063918,647600.0,106.9,67.8,243.0,103.5,4152.5
1416,Рязанская область,2000,26.0,0.1269114517196358,22070.3,114.2,68.5,219.0,111.0,1258.8
1417,Рязанская область,2001,24.0,0.0915575250375799,29645.8,94.7,68.7,229.0,104.6,1241.0
1418,Рязанская область,2002,19.0,0.2026158633113161,37164.2,95.9,69.0,249.0,105.6,1223.7
1419,Рязанская область,2003,19.0,0.3699989263042048,48977.6,99.0,69.4,240.0,107.3,1210.3
1420,Рязанская область,2004,19.0,0.2328118749642836,58094.5,98.9,69.7,237.0,107.0,1199.4
1421,Рязанская область,2005,20.0,0.2865362212870647,70665.8,102.7,70.0,223.0,105.9,1188.8
1422,Рязанская область,2006,15.0,0.1044648925652111,89010.9,105.2,70.4,210.0,110.4,1181.5
1423,Рязанская область,2007,14.0,0.1235874471992956,102982.5,93.8,70.6,204.0,111.9,1174.3
1424,Рязанская область,2008,18.0,0.2276785000719274,128211.5,117.0,70.5,197.0,105.5,1167.9
1425,Рязанская область,2009,18.0,0.1732427891984917,131891.2,108.3,70.7,188.0,88.8,1161.8
1426,Рязанская область,2010,89.0,0.2034870056535023,154844.8,71.8,70.9,186.0,111.6,1151.8
1427,Рязанская область,2011,84.0,0.5034168820216062,186095.1,120.0,70.9,181.0,109.7,1149.6
1428,Рязанская область,2012,86.13,0.4250701901988958,221093.6,106.7,70.9,174.17,100.8,1147.0
1429,Рязанская область,2013,85.19,0.6102940886867071,243767.6,96.5,70.9,166.94,105.7,1144.4
1430,Рязанская область,2014,81.14,0.3006947965861973,258782.3,106.0,71.0,162.84,102.0,1140.2
1431,Рязанская область,2015,82.26,0.2220314528003743,283906.2,108.1,71.2,158.76,97.2,1136.1
1432,Рязанская область,2016,79.51,0.1558493689299046,322643.7,95.6,71.3,159.13,101.7,1134.0
1433,Рязанская область,2017,75.66,0.3478873164609417,349203.7,106.4,71.4,153.49,97.5,1129.9
1434,Рязанская область,2018,74.5,0.0974195979078444,369330.9,98.6,71.6,156.29,103.0,1123.8
1435,Рязанская область,2019,74.69,0.0648912727416876,389032.4,116.2,71.6,160.81,105.8,1119.8
1436,Рязанская область,2020,71.49,0.0467003863277528,413598.3,115.6,71.5,148.47,106.9,1110.4
1437,Рязанская область,2021,77.5,0.1056485978587403,492573.8,97.2,71.4,156.89,106.3,1098.6
1438,Рязанская область,2022,71.25,0.0043759134991965,566113.0,116.5,71.4,155.18,108.7,1088.9
1439,Рязанская область,2023,72.0,0.4870817257011625,638100.0,105.5,71.4,155.0,108.6,1082.2
1440,Самарская область,2000,645.0,0.4951961933630278,42758.9,99.6,80.5,1079.0,111.0,3275.8
1441,Самарская область,2001,536.0,0.3271070756731628,55147.0,103.1,80.6,1024.0,109.9,3254.0
1442,Самарская область,2002,500.0,0.3157664639720202,63582.9,98.0,80.6,1083.0,98.0,3235.7
1443,Самарская область,2003,489.0,0.2934953417323252,79369.1,99.1,80.6,1086.0,105.7,3229.2
1444,Самарская область,2004,482.0,0.2174435258170968,101362.5,100.8,80.1,1027.0,108.9,3225.3
1445,Самарская область,2005,465.0,0.3242556348463287,124575.2,95.4,80.1,1026.0,97.3,3225.6
1446,Самарская область,2006,465.0,0.3984210607252003,151238.8,105.1,80.1,1001.0,105.0,3224.0
1447,Самарская область,2007,454.0,0.4849666118830993,181529.8,102.7,80.1,1033.0,103.4,3220.9
1448,Самарская область,2008,445.0,0.650645998630622,217089.9,105.5,80.2,978.0,103.1,3221.5
1449,Самарская область,2009,406.0,0.5312800567260371,181298.2,92.0,80.2,944.0,80.7,3220.9
1450,Самарская область,2010,397.0,0.4123422384666338,216167.6,71.2,80.3,863.0,114.4,3215.3
1451,Самарская область,2011,395.0,0.6219129956711587,259361.2,133.3,80.3,817.0,105.8,3217.0
1452,Самарская область,2012,361.51,0.9704632163633832,291298.9,106.6,80.3,762.57,102.2,3219.2
1453,Самарская область,2013,350.97,1.30225727860433,325671.7,105.8,80.3,760.89,101.0,3220.1
1454,Самарская область,2014,346.47,1.770227902798926,356624.2,102.9,80.3,747.68,99.4,3224.5
1455,Самарская область,2015,366.27,1.630182291186972,392503.1,92.9,80.2,719.56,99.4,3220.8
1456,Самарская область,2016,367.56,0.7268799554989653,423704.5,115.0,80.1,688.02,99.1,3221.5
1457,Самарская область,2017,399.13,0.9837703191919812,450296.1,100.9,79.9,661.04,101.5,3214.3
1458,Самарская область,2018,389.19,0.3720285216399752,506319.5,99.6,79.8,684.05,100.0,3206.8
1459,Самарская область,2019,366.19,0.7836784910575758,526919.7,106.0,79.7,660.41,102.4,3206.2
1460,Самарская область,2020,358.17,1.4762228186475992,508744.1,107.1,79.7,633.44,96.4,3183.9
1461,Самарская область,2021,358.84,1.4692423558462815,679767.6,87.9,79.6,621.03,103.6,3164.4
1462,Самарская область,2022,350.38,1.3356585861974877,754217.9,122.2,79.5,562.55,96.7,3142.7
1463,Самарская область,2023,344.0,0.828022660369315,844100.0,94.5,79.4,568.0,111.4,3127.8
1464,Саратовская область,2000,289.0,0.3608950310933244,23315.4,114.2,73.3,808.0,120.9,2699.4
1465,Саратовская область,2001,294.0,0.28525668224852,31094.4,103.9,73.5,688.0,109.3,2682.0
1466,Саратовская область,2002,299.0,0.4930882062831873,36413.6,103.0,73.6,789.0,101.1,2663.5
1467,Саратовская область,2003,270.0,0.1466253575628184,45223.0,106.3,73.6,605.0,118.6,2639.5
1468,Саратовская область,2004,262.0,0.1948786871797036,57710.3,101.5,73.7,588.0,111.2,2615.6
1469,Саратовская область,2005,237.0,0.3030061925753449,65656.6,100.3,73.8,661.0,110.0,2591.2
1470,Саратовская область,2006,242.0,0.2139788693786125,79127.0,102.0,74.0,617.0,106.5,2572.4
1471,Саратовская область,2007,251.0,0.1670485535490565,98569.9,107.9,74.2,642.0,106.6,2558.3
1472,Саратовская область,2008,197.0,0.3630347055079267,126085.9,107.3,74.3,604.0,102.0,2545.3
1473,Саратовская область,2009,56.0,0.5343542183972566,128473.8,92.7,74.4,555.0,96.3,2535.4
1474,Саратовская область,2010,24.0,0.3558944454280438,148839.0,80.6,74.6,532.0,101.8,2519.3
1475,Саратовская область,2011,18.0,0.1798047922640756,171239.8,133.6,74.8,510.0,120.5,2514.9
1476,Саратовская область,2012,112.22,0.2365923594712506,190144.6,86.9,74.9,512.11,106.6,2515.7
1477,Саратовская область,2013,83.75,0.1224511283139631,209176.4,112.2,75.3,479.23,102.3,2515.2
1478,Саратовская область,2014,16.51,0.3458170805375701,225165.5,106.4,75.5,470.62,107.6,2517.9
1479,Саратовская область,2015,12.85,0.1827489147471699,248255.4,89.3,75.8,488.73,104.2,2518.6
1480,Саратовская область,2016,13.0,0.0800276236550946,278377.4,114.7,76.1,438.25,107.4,2516.6
1481,Саратовская область,2017,9.68,0.7227429286981869,290233.1,105.1,76.3,449.45,103.2,2506.6
1482,Саратовская область,2018,95.35,0.2508287903963436,309701.3,97.4,76.6,459.3,100.7,2490.8
1483,Саратовская область,2019,98.28,0.0841649763787772,325958.2,106.2,76.3,497.08,100.3,2478.1
1484,Саратовская область,2020,89.99,0.2596142721026596,347067.4,109.4,76.4,495.44,107.1,2457.6
1485,Саратовская область,2021,89.59,0.4091929502315167,413122.0,92.0,76.6,642.03,107.0,2431.0
1486,Саратовская область,2022,95.76,0.1461622492115231,493792.4,127.0,76.8,504.77,108.9,2404.9
1487,Саратовская область,2023,88.0,0.3419465489670431,561600.0,100.6,77.0,558.0,104.7,2385.2
1488,Сахалинская область,2000,69.0,0.2573539983322311,61595.8,87.5,86.7,275.0,141.9,560.1
1489,Сахалинская область,2001,57.0,0.3120506744788408,84769.1,125.3,86.7,273.0,112.1,552.2
1490,Сахалинская область,2002,54.0,0.0413408627104909,85927.4,83.8,86.7,232.0,88.3,545.0
1491,Сахалинская область,2003,52.0,0.1228697861233591,116731.0,110.0,86.9,262.0,102.5,536.8
1492,Сахалинская область,2004,53.0,0.0707601472152936,172004.4,84.6,78.0,285.0,109.3,529.8
1493,Сахалинская область,2005,52.0,1.0090705959057664,230298.2,102.2,78.4,295.0,112.7,521.1
1494,Сахалинская область,2006,48.0,5.861807382541446,321108.8,102.9,78.8,306.0,131.1,513.4
1495,Сахалинская область,2007,45.0,3.2326585462128805,559774.1,103.6,79.1,300.0,229.3,509.4
1496,Сахалинская область,2008,48.0,4.435581938572152,657783.3,96.8,79.3,263.0,90.8,504.9
1497,Сахалинская область,2009,49.0,1.2166975338453707,779943.2,84.7,79.5,256.0,126.6,501.3
1498,Сахалинская область,2010,46.0,0.1067503042594269,977256.0,108.7,79.8,263.0,101.1,496.7
1499,Сахалинская область,2011,46.0,0.288133286263892,1212068.5,97.7,80.3,223.0,103.3,493.7
1500,Сахалинская область,2012,43.75,0.4837354397912154,1305480.3,94.6,80.8,249.24,94.7,489.7
1501,Сахалинская область,2013,32.91,0.5401888458632133,1377822.5,103.5,81.1,193.94,99.5,485.4
1502,Сахалинская область,2014,30.22,0.4519521403203892,1654586.8,101.3,81.3,161.69,106.1,480.6
1503,Сахалинская область,2015,28.82,0.7817367311478323,1748311.0,100.5,81.5,151.5,112.6,477.5
1504,Сахалинская область,2016,33.97,0.7524864988709006,1598480.4,102.8,81.7,152.34,106.5,476.6
1505,Сахалинская область,2017,33.08,0.8913897250158509,1643090.5,107.9,81.9,154.76,99.9,478.3
1506,Сахалинская область,2018,24.91,0.0245206499991444,2583723.5,106.3,82.1,150.94,106.4,476.2
1507,Сахалинская область,2019,25.01,0.7453010131748474,2468171.7,99.7,82.2,140.65,102.8,473.7
1508,Сахалинская область,2020,26.02,1.3816443500350506,2124645.0,106.6,82.2,119.23,96.9,469.3
1509,Сахалинская область,2021,26.64,0.6685204844332137,2647233.9,100.4,82.5,115.22,88.6,466.0
1510,Сахалинская область,2022,23.96,0.7607751953991053,3303417.0,102.0,82.6,128.78,76.8,460.6
1511,Сахалинская область,2023,27.0,0.615118659462832,3538900.0,96.4,82.8,129.0,117.5,457.6
1512,Свердловская область,2000,826.0,1.37557141667254,34214.7,92.9,87.8,1678.0,116.71,4545.9
1513,Свердловская область,2001,818.0,0.8640326109744314,44119.0,101.1,87.9,1635.0,111.2,4514.1
1514,Свердловская область,2002,816.0,0.7559646675727137,52241.3,99.4,87.9,1594.0,104.0,4477.5
1515,Свердловская область,2003,869.0,0.7452594611708705,63865.6,103.4,88.0,1230.0,109.2,4434.2
1516,Свердловская область,2004,828.0,2.6707207093472327,82546.5,95.9,83.1,1202.0,109.3,4394.1
1517,Свердловская область,2005,814.0,0.735118104275767,108697.2,100.1,83.2,1178.0,104.8,4356.4
1518,Свердловская область,2006,821.0,0.6461339303997213,150548.6,101.9,83.4,1180.0,108.2,4330.6
1519,Свердловская область,2007,868.0,0.711075259581441,189763.4,94.4,83.5,1175.0,107.3,4320.1
1520,Свердловская область,2008,873.0,1.5220175977325774,213922.3,100.0,83.6,1180.0,95.4,4314.3
1521,Свердловская область,2009,780.0,0.9527125147558234,191415.0,107.3,83.7,1068.0,81.1,4308.5
1522,Свердловская область,2010,763.0,0.4935490355867536,243234.2,94.6,83.9,990.0,117.3,4297.3
1523,Свердловская область,2011,770.0,0.5464588401519389,300072.1,113.9,84.0,977.0,106.2,4307.5
1524,Свердловская область,2012,712.28,0.6072863782166762,344392.8,93.2,84.2,901.71,109.6,4315.7
1525,Свердловская область,2013,686.78,0.781438540477219,363277.2,109.0,84.4,849.56,102.7,4320.5
1526,Свердловская область,2014,667.0,1.2883404441987898,383868.9,100.1,84.5,803.83,102.1,4327.2
1527,Свердловская область,2015,660.18,1.2213322489418956,421130.4,100.3,84.8,773.43,96.9,4329.7
1528,Свердловская область,2016,616.63,0.5356909121651392,487287.7,97.9,85.0,712.71,107.7,4328.9
1529,Свердловская область,2017,586.2,0.4917235884871427,522207.4,102.1,85.2,674.62,106.5,4324.8
1530,Свердловская область,2018,559.77,0.637063437253965,561039.3,105.8,85.4,650.78,100.0,4315.2
1531,Свердловская область,2019,566.42,0.9401650747569732,587854.0,105.0,85.5,648.01,103.4,4310.1
1532,Свердловская область,2020,556.53,0.8874921104366541,584365.9,97.7,85.7,645.5,102.0,4289.4
1533,Свердловская область,2021,523.69,0.7435017935294674,721124.8,90.7,85.8,651.27,101.5,4263.7
1534,Свердловская область,2022,495.36,0.910810846565841,816092.1,107.7,85.8,647.09,99.8,4239.1
1535,Свердловская область,2023,486.0,1.9881143933080807,975700.0,95.7,85.9,620.0,111.8,4222.7
1536,Смоленская область,2000,109.0,0.0803184722429514,25798.1,96.9,70.4,228.0,107.82,1082.2
1537,Смоленская область,2001,99.0,0.0970410619636109,33575.4,105.2,70.7,219.0,107.46,1063.3
1538,Смоленская область,2002,93.0,0.1347243401689983,39983.1,96.3,70.9,216.0,102.63,1045.9
1539,Смоленская область,2003,91.0,0.0806625962347486,47084.3,99.6,71.3,222.0,105.76,1039.1
1540,Смоленская область,2004,94.0,0.1370765532247803,54178.9,100.6,70.9,214.0,99.8,1032.3
1541,Смоленская область,2005,90.0,0.1623548658844787,63687.0,93.3,71.3,214.0,104.7,1025.4
1542,Смоленская область,2006,90.0,0.1186087642991065,77366.8,91.4,71.8,198.0,105.6,1017.9
1543,Смоленская область,2007,85.0,0.251647694857236,94432.4,103.2,72.0,185.0,108.7,1009.0
1544,Смоленская область,2008,82.0,0.1877734859742453,121012.7,98.9,72.3,187.0,96.1,1000.7
1545,Смоленская область,2009,79.0,0.2557836566575375,125743.1,96.7,72.4,178.0,94.5,993.0
1546,Смоленская область,2010,73.0,0.2993481427271981,156567.3,89.9,72.7,169.0,106.1,982.9
1547,Смоленская область,2011,68.0,0.1783384353318235,184391.7,114.3,72.7,167.0,102.7,978.3
1548,Смоленская область,2012,66.71,0.3376373645431257,207085.5,100.2,72.6,160.24,105.9,970.8
1549,Смоленская область,2013,62.06,0.1521823955418436,233809.0,101.3,72.6,150.6,104.7,961.4
1550,Смоленская область,2014,57.57,0.4127633195162883,244802.8,95.3,72.5,153.23,101.7,956.1
1551,Смоленская область,2015,58.45,0.3166357922735198,269634.7,95.4,72.5,148.13,101.4,948.0
1552,Смоленская область,2016,58.65,0.1887239180123041,300467.9,99.3,72.6,145.52,102.5,940.6
1553,Смоленская область,2017,59.11,0.0086888607015335,334461.0,101.9,72.4,151.71,103.6,934.8
1554,Смоленская область,2018,54.4,0.0093057987541929,360185.4,106.1,72.3,133.31,100.1,925.7
1555,Смоленская область,2019,46.18,0.1010420985598343,379207.5,104.9,72.3,134.01,105.1,916.2
1556,Смоленская область,2020,44.67,0.2494443882874613,401921.6,96.4,72.5,130.41,105.7,900.3
1557,Смоленская область,2021,43.18,0.2184897190595286,479884.3,89.0,72.6,134.56,106.1,886.9
1558,Смоленская область,2022,44.35,0.026783582364404,549222.4,112.5,72.7,132.05,100.1,873.0
1559,Смоленская область,2023,49.0,0.0889070922099229,640800.0,100.7,72.7,137.0,111.1,864.0
1560,Ставропольский край,2000,221.0,0.2729958088602036,19603.9,102.6,55.9,3170.0,110.88,2740.9
1561,Ставропольский край,2001,228.0,0.229886649651343,24780.1,113.9,55.9,3169.0,104.9,2736.2
1562,Ставропольский край,2002,223.0,0.3679106469897994,29453.4,113.3,56.0,3075.0,98.36,2732.5
1563,Ставропольский край,2003,222.0,0.5644134200543289,37058.0,87.7,56.1,2947.0,108.39,2739.1
1564,Ставропольский край,2004,224.0,0.5628115914047813,44610.0,126.3,56.2,2839.0,104.9,2741.1
1565,Ставропольский край,2005,220.0,0.969399458140279,53414.6,109.6,56.4,2783.0,108.7,2746.9
1566,Ставропольский край,2006,211.0,0.6307397106152687,66136.4,96.7,56.6,2790.0,109.0,2747.1
1567,Ставропольский край,2007,203.0,1.097200948885797,80715.3,103.7,56.8,3072.0,106.8,2759.7
1568,Ставропольский край,2008,194.0,0.2664695700238552,99503.3,114.0,56.9,3091.0,101.0,2767.6
1569,Ставропольский край,2009,189.0,0.403886730796282,99994.7,90.3,57.0,2675.0,101.4,2777.7
1570,Ставропольский край,2010,144.0,0.4527347798064516,118920.6,102.6,57.2,3373.0,105.3,2785.5
1571,Ставропольский край,2011,138.0,0.4284364890789018,142133.2,116.5,57.5,3499.0,111.9,2797.9
1572,Ставропольский край,2012,131.4,0.4697704754612239,153902.2,79.9,57.9,3375.83,102.9,2812.9
1573,Ставропольский край,2013,134.37,0.3967352823934358,170518.6,117.2,58.3,2837.63,103.7,2827.6
1574,Ставропольский край,2014,132.24,1.041961416931461,190724.1,106.1,58.6,3077.29,102.4,2843.4
1575,Ставропольский край,2015,123.41,0.3200699357998887,217921.9,103.6,58.8,3253.03,105.7,2857.7
1576,Ставропольский край,2016,125.36,0.4146824035268305,248733.1,110.0,59.1,3474.36,109.7,2872.1
1577,Ставропольский край,2017,125.29,0.2659942537446838,255795.5,99.0,59.3,3502.77,100.4,2879.5
1578,Ставропольский край,2018,173.27,0.3966757294887275,272029.1,95.4,59.6,3533.43,97.3,2884.9
1579,Ставропольский край,2019,159.1,0.3066443212743868,286479.7,98.2,60.1,2845.62,98.4,2904.1
1580,Ставропольский край,2020,164.96,0.3588919034476847,291614.2,83.0,60.3,2420.29,104.7,2904.2
1581,Ставропольский край,2021,115.78,0.147026270795726,357475.0,131.8,60.6,3538.64,113.5,2902.5
1582,Ставропольский край,2022,116.41,0.2052019491893141,414255.4,102.6,60.7,2606.32,103.1,2891.2
1583,Ставропольский край,2023,116.0,0.1441753394660727,464200.0,100.8,60.8,3028.0,106.4,2886.1
1584,Тамбовская область,2000,67.0,0.2328528731405506,19133.8,100.3,57.1,217.0,106.8,1213.6
1585,Тамбовская область,2001,61.0,0.2560910488763647,25830.2,115.9,57.2,202.0,108.1,1193.4
1586,Тамбовская область,2002,59.0,0.3260441464555836,32858.4,100.1,57.3,185.0,103.9,1174.2
1587,Тамбовская область,2003,55.0,0.2382668091651254,40133.5,108.1,57.5,183.0,105.4,1161.9
1588,Тамбовская область,2004,61.0,0.3550048436811977,49098.8,92.9,57.7,181.0,105.2,1150.8
1589,Тамбовская область,2005,59.0,0.4705461622138245,55573.9,109.5,57.9,187.0,102.6,1138.6
1590,Тамбовская область,2006,53.0,0.4070257828503802,70416.2,106.6,58.1,160.0,108.4,1127.0
1591,Тамбовская область,2007,19.0,0.4858354803299899,94532.5,102.0,58.2,149.0,110.7,1116.4
1592,Тамбовская область,2008,17.0,0.2802500910324738,108653.3,123.3,58.4,124.0,100.2,1107.8
1593,Тамбовская область,2009,13.0,0.7689744791632281,123512.0,99.9,58.5,108.0,100.0,1099.7
1594,Тамбовская область,2010,13.0,0.2901216379990883,131456.7,72.1,58.7,100.0,102.5,1089.7
1595,Тамбовская область,2011,9.0,0.319111904161456,159557.4,164.4,58.7,99.0,116.4,1082.3
1596,Тамбовская область,2012,41.76,2.2388892129355265,188466.7,107.6,58.8,96.52,112.9,1075.4
1597,Тамбовская область,2013,39.49,1.5213063271386191,220457.3,125.0,59.1,95.4,106.2,1068.7
1598,Тамбовская область,2014,37.95,0.7655729871366485,268146.6,104.9,59.3,95.47,108.5,1061.9
1599,Тамбовская область,2015,41.37,0.7793563140557928,300421.9,109.7,59.5,93.04,104.5,1049.8
1600,Тамбовская область,2016,40.77,0.4939346286016554,306886.8,94.0,59.7,96.04,103.5,1039.7
1601,Тамбовская область,2017,44.79,0.9543123487861088,309326.8,113.5,60.0,98.53,109.7,1033.0
1602,Тамбовская область,2018,44.66,0.3240018671071707,343885.1,100.6,60.1,100.56,113.5,1015.3
1603,Тамбовская область,2019,42.99,0.3606793584653373,350037.9,106.5,60.2,97.89,102.0,1005.8
1604,Тамбовская область,2020,40.82,0.7098347493360286,376475.5,109.4,60.2,94.63,104.4,993.0
1605,Тамбовская область,2021,42.83,0.4416206975714728,449246.4,95.5,60.2,95.64,103.9,979.1
1606,Тамбовская область,2022,40.37,0.1994162974464121,487060.1,104.5,60.4,99.76,104.4,966.3
1607,Тамбовская область,2023,41.0,0.309974596606082,543700.0,111.1,60.5,107.0,112.3,956.3
1608,Тверская область,2000,102.0,0.2205760431905062,23073.1,96.2,72.8,1516.0,101.5,1519.6
1609,Тверская область,2001,95.0,0.2711550576336982,31209.8,100.4,73.0,1490.0,105.0,1491.4
1610,Тверская область,2002,88.0,0.6070091831351848,37695.3,90.3,73.2,1523.0,103.3,1465.6
1611,Тверская область,2003,86.0,0.5576765161986068,47233.8,90.6,73.2,1283.0,100.7,1447.8
1612,Тверская область,2004,77.0,0.336335098743777,61158.4,93.4,73.4,1265.0,104.8,1432.6
1613,Тверская область,2005,79.0,0.8102013057109891,68048.7,93.5,73.3,1288.0,108.9,1415.3
1614,Тверская область,2006,91.0,0.0270783378008507,90517.8,97.7,73.6,1525.0,113.7,1398.9
1615,Тверская область,2007,101.0,0.0794400729069065,112021.5,99.7,73.9,1614.0,108.8,1387.0
1616,Тверская область,2008,99.0,1.3215843314281557,139216.2,98.5,74.2,1553.0,104.0,1375.4
1617,Тверская область,2009,92.0,3.7565722581656864,144257.9,97.0,74.5,1304.0,77.9,1365.3
1618,Тверская область,2010,99.0,4.544359966375182,161305.0,94.2,74.8,1494.0,107.2,1350.1
1619,Тверская область,2011,93.0,3.5171844922826017,189512.2,127.9,74.9,1501.0,105.9,1341.8
1620,Тверская область,2012,90.41,0.6064154852630286,200414.7,92.8,74.9,1368.15,111.0,1333.3
1621,Тверская область,2013,90.07,0.0382014616840303,224784.0,98.2,74.9,1399.22,102.1,1324.1
1622,Тверская область,2014,85.51,0.1310967767610447,240072.5,97.8,75.2,1560.57,96.7,1313.5
1623,Тверская область,2015,83.59,0.1576199274307072,251962.5,119.4,75.4,1327.77,97.7,1302.8
1624,Тверская область,2016,77.99,0.1360672042922824,306032.3,110.3,75.7,1369.21,104.5,1294.5
1625,Тверская область,2017,77.76,0.0782365812754132,326641.0,100.6,75.8,1224.22,102.8,1281.2
1626,Тверская область,2018,73.58,0.0736785011850793,369778.1,102.9,76.0,1105.51,111.2,1266.6
1627,Тверская область,2019,68.34,,387043.4,107.1,76.2,996.91,103.1,1257.0
1628,Тверская область,2020,65.91,0.105172820911506,389464.4,97.9,76.3,1021.2,98.2,1241.8
1629,Тверская область,2021,73.18,0.0209563925862879,457517.7,97.4,76.3,1218.74,104.4,1226.0
1630,Тверская область,2022,69.14,0.0398097232439199,516488.8,115.6,76.3,1102.27,98.2,1211.2
1631,Тверская область,2023,69.0,0.0438326009964327,622900.0,116.5,76.3,1220.0,115.5,1199.7
1632,Томская область,2000,18.0,1.6349042292085496,38386.0,110.2,67.3,605.0,114.09,1054.3
1633,Томская область,2001,19.0,1.8497423787409428,54221.6,95.9,67.6,615.0,111.93,1049.8
1634,Томская область,2002,19.0,1.072365812011066,72107.4,95.4,67.8,584.0,114.46,1045.5
1635,Томская область,2003,18.0,0.7987803383245282,93193.8,107.9,68.1,628.0,114.59,1037.9
1636,Томская область,2004,17.0,0.7296965477769817,128090.8,100.7,68.3,616.0,108.4,1029.9
1637,Томская область,2005,12.0,0.2189559683791989,155365.2,94.0,68.6,618.0,89.3,1024.3
1638,Томская область,2006,9.0,0.3736326189468577,184433.6,100.0,69.0,625.0,99.2,1023.1
1639,Томская область,2007,9.0,0.6386545105297756,209319.9,104.7,69.3,634.0,98.2,1026.3
1640,Томская область,2008,8.0,0.8111486977825381,241911.3,109.7,69.6,558.0,100.0,1031.5
1641,Томская область,2009,9.0,1.2578402153222656,237293.3,101.3,70.0,526.0,97.9,1040.3
1642,Томская область,2010,14.0,0.522569462130199,272576.5,105.7,70.3,531.0,105.3,1048.5
1643,Томская область,2011,26.0,0.8550155816795987,317117.5,99.6,70.8,495.0,107.0,1057.2
1644,Томская область,2012,24.19,0.9036838272724604,350378.4,94.9,71.0,580.57,103.9,1063.2
1645,Томская область,2013,26.57,1.4870818837640207,377681.6,107.1,71.3,491.02,100.7,1068.6
1646,Томская область,2014,26.28,1.2570431950594376,401944.9,98.5,71.7,488.79,100.5,1072.4
1647,Томская область,2015,23.65,1.684594784632396,439250.5,102.9,71.8,392.07,108.0,1074.3
1648,Томская область,2016,23.09,1.7226029630923323,484654.7,95.9,71.9,397.94,102.2,1075.9
1649,Томская область,2017,22.77,0.6585615949237539,515560.3,113.9,71.9,388.17,98.9,1074.8
1650,Томская область,2018,24.15,0.3532217551769446,570191.3,102.8,71.9,381.21,99.6,1073.4
1651,Томская область,2019,214.13,2.081631665521936,575297.1,96.2,71.7,401.8,100.3,1074.7
1652,Томская область,2020,180.67,0.3690050967839431,517023.0,105.8,71.3,332.19,89.7,1065.3
1653,Томская область,2021,182.32,1.244722642215129,679724.8,99.8,71.4,340.63,106.3,1062.7
1654,Томская область,2022,163.46,0.4821464921200047,765634.7,103.2,71.3,373.35,97.8,1052.1
1655,Томская область,2023,140.0,0.2846591821968429,870900.0,94.6,71.2,331.0,103.8,1043.4
1656,Тульская область,2000,249.0,0.2036194791887079,24291.8,108.3,81.4,375.0,116.6,1719.7
1657,Тульская область,2001,257.0,0.0648353601355234,30988.5,101.2,81.5,378.0,111.6,1694.0
1658,Тульская область,2002,263.0,0.1029532394831257,38894.3,99.8,81.6,387.0,101.6,1669.8
1659,Тульская область,2003,259.0,0.2856876747211381,43541.9,102.4,81.7,386.0,101.9,1649.2
1660,Тульская область,2004,261.0,0.2358396996808882,53715.1,92.4,81.8,385.0,112.2,1631.8
1661,Тульская область,2005,252.0,0.2408725774643524,71587.4,104.3,79.8,359.0,104.9,1615.2
1662,Тульская область,2006,236.0,0.2418333507920762,88476.2,97.6,79.8,365.0,109.1,1600.1
1663,Тульская область,2007,216.0,0.0826530676712371,109225.6,106.3,79.8,332.0,107.1,1588.0
1664,Тульская область,2008,201.0,0.1545612408881339,146465.6,111.7,79.8,307.0,101.5,1576.4
1665,Тульская область,2009,192.0,0.913985038529648,136851.6,104.3,79.7,285.0,90.0,1564.7
1666,Тульская область,2010,196.0,0.3484525470775477,152571.7,77.4,79.4,283.0,110.9,1550.3
1667,Тульская область,2011,187.0,0.237017528627519,180539.6,112.8,78.7,271.0,120.0,1550.1
1668,Тульская область,2012,184.54,0.9775915908062036,201203.5,105.5,78.0,264.04,108.4,1543.6
1669,Тульская область,2013,186.83,0.6351919405760573,225853.9,93.2,77.4,268.95,110.5,1538.3
1670,Тульская область,2014,171.08,0.2692624554785766,267458.5,111.3,76.9,252.95,104.5,1536.0
1671,Тульская область,2015,163.75,0.3873733136937013,310974.6,105.9,76.3,235.16,111.9,1535.3
1672,Тульская область,2016,161.24,0.3342379004194034,359839.8,103.9,75.9,252.53,112.8,1534.5
1673,Тульская область,2017,160.15,0.501144914701629,387564.9,110.2,75.4,215.0,103.3,1532.9
1674,Тульская область,2018,155.95,0.7452948049006919,435984.3,104.6,75.0,222.22,102.8,1525.8
1675,Тульская область,2019,153.54,0.0390700606037682,444585.1,115.8,74.5,223.9,107.1,1519.0
1676,Тульская область,2020,152.19,0.1049704225320511,471229.0,110.8,73.9,220.72,112.1,1507.6
1677,Тульская область,2021,135.07,0.2536354654449242,590846.4,95.3,73.3,214.81,109.7,1496.7
1678,Тульская область,2022,127.58,0.3840004492756624,674432.0,107.0,73.2,221.3,103.2,1481.5
1679,Тульская область,2023,122.0,0.1073510899524713,778400.0,107.1,73.0,218.0,117.0,1471.1
1680,Тюменская область,2000,83.0,13.396919618506754,25320.1,102.6,60.4,385.0,108.495,3234.3
1681,Тюменская область,2001,79.0,13.42956486623488,32037.2,103.6,60.5,387.0,106.45,3251.5
1682,Тюменская область,2002,76.0,6.541731559883759,41322.8,99.4,60.5,385.0,103.4,3269.9
1683,Тюменская область,2003,72.0,8.920659872687606,50328.850000000006,99.9,60.6,379.0,106.4,3281.7
1684,Тюменская область,2004,75.0,3.753826192471448,64122.2,99.2,62.4,396.0,106.15,3288.3
1685,Тюменская область,2005,86.0,3.583483100136786,77591.9,100.3,62.7,456.0,105.6,3293.8
1686,Тюменская область,2006,100.0,2.952630189161398,100203.4,102.7,63.1,421.0,108.0,3306.7
1687,Тюменская область,2007,100.0,2.428518110493873,128472.55,98.2,63.6,392.0,109.2,3330.6
1688,Тюменская область,2008,100.0,2.98293317861516,155716.6,101.1,64.0,404.0,105.6,3351.7
1689,Тюменская область,2009,100.0,0.0700436622143225,152408.35,103.9,59.9,443.0,108.4,3378.8
1690,Тюменская область,2010,103.0,0.1175538308700532,181042.4,95.3,60.5,404.0,122.3,3405.3
1691,Тюменская область,2011,104.0,0.1903336718348338,521208.9,112.7,61.5,367.0,116.5,3461.1
1692,Тюменская область,2012,91.84,0.5030667768171545,529439.4,88.5,62.4,368.0,113.2,3514.0
1693,Тюменская область,2013,82.04,1.4523292659235107,600110.8,99.3,63.4,347.13,115.1,3551.2
1694,Тюменская область,2014,88.71,1.9087531195903915,558500.3,99.0,63.9,392.9100000000002,112.9,3587.6
1695,Тюменская область,2015,86.63000000000002,0.4767942310335899,619391.4,96.6,64.3,455.0000000000002,109.7,3623.5
1696,Тюменская область,2016,86.0,0.4698447842694,648871.3,98.5,65.1,379.74,104.2,3669.9
1697,Тюменская область,2017,84.0,0.694616827212317,713731.0,105.2,65.8,357.84,103.4,3704.6
1698,Тюменская область,2018,82.6,0.2884246689840108,853161.0,100.0,66.3,392.0000000000001,110.2,3738.5
1699,Тюменская область,2019,84.79,0.2705306024337983,787838.4,102.7,66.8,404.1299999999997,107.9,3773.2
1700,Тюменская область,2020,82.71000000000002,1.3607886976686832,739208.2,96.2,67.2,424.19,113.9,3796.4
1701,Тюменская область,2021,83.85,0.1891869544708587,985846.5,98.4,67.6,419.21,104.4,3827.7
1702,Тюменская область,2022,89.66,0.1431881591484201,1071252.3,117.2,67.7,388.06,95.2,3851.3
1703,Тюменская область,2023,86.0,0.1330880555193983,1202400.0,93.5,67.7,384.0,109.2,3890.8
1704,Удмуртская Республика,2000,27.0,0.3706618593290988,33488.8,94.6,69.6,317.0,91.9,1588.0
1705,Удмуртская Республика,2001,27.0,0.4460813956681322,41407.0,109.1,69.7,317.0,106.4,1578.2
1706,Удмуртская Республика,2002,25.0,0.4218996940506443,49800.6,98.9,69.7,298.0,98.7,1568.2
1707,Удмуртская Республика,2003,26.0,0.179927331540021,56904.4,103.2,69.9,284.0,107.6,1561.1
1708,Удмуртская Республика,2004,28.0,0.1716142814214776,64732.3,97.2,69.8,294.0,104.2,1554.3
1709,Удмуртская Республика,2005,28.0,0.2305120243322454,90316.3,102.4,70.0,289.0,100.5,1545.8
1710,Удмуртская Республика,2006,30.0,0.3305802600569613,106891.0,105.7,70.3,292.0,101.5,1538.6
1711,Удмуртская Республика,2007,27.0,0.2732123041672299,133904.7,99.7,70.4,299.0,97.4,1533.0
1712,Удмуртская Республика,2008,25.0,0.560978548998398,158850.7,103.5,69.2,293.0,100.7,1528.2
1713,Удмуртская Республика,2009,23.0,0.3545273347902882,151268.7,101.5,69.3,272.0,95.1,1525.1
1714,Удмуртская Республика,2010,105.0,0.0926634717044076,180316.9,84.9,68.7,301.0,106.1,1520.4
1715,Удмуртская Республика,2011,127.0,0.0671377803704938,221393.0,120.7,68.4,305.0,110.1,1514.8
1716,Удмуртская Республика,2012,117.12,0.3559555741186487,246402.0,97.1,64.5,291.03,102.6,1511.0
1717,Удмуртская Республика,2013,112.19,0.2688996076286314,268445.7,95.3,64.8,280.52,101.8,1507.3
1718,Удмуртская Республика,2014,116.07,0.2149226687713586,299199.0,110.7,65.0,281.96,99.2,1504.4
1719,Удмуртская Республика,2015,133.26,0.2095859882571384,344742.8,99.4,65.1,294.45,102.6,1500.8
1720,Удмуртская Республика,2016,109.47,0.3173771023058464,380430.8,98.7,65.2,292.28,106.8,1497.2
1721,Удмуртская Республика,2017,85.76,0.2018946533125599,396367.8,99.3,65.3,274.27,97.7,1490.1
1722,Удмуртская Республика,2018,93.1,0.1369296564735449,457661.1,101.0,65.5,270.58,102.0,1481.3
1723,Удмуртская Республика,2019,93.05,0.1806848208332065,489587.1,99.2,65.6,275.7,101.5,1471.6
1724,Удмуртская Республика,2020,76.62,0.2185689827427353,466779.7,104.3,65.7,251.1,95.2,1460.9
1725,Удмуртская Республика,2021,74.61,0.1453114149461885,596319.8,98.2,65.7,259.91,108.9,1448.9
1726,Удмуртская Республика,2022,74.21,0.1968954474245584,668044.0,104.1,65.8,268.5,103.7,1442.2
1727,Удмуртская Республика,2023,68.0,0.3486406704214334,766800.0,99.0,65.8,234.0,113.6,1434.6
1728,Ульяновская область,2000,149.0,0.4064257767548906,21411.5,100.8,73.0,185.0,97.4,1413.6
1729,Ульяновская область,2001,130.0,0.3358503874119636,27453.2,109.5,73.1,189.0,90.3,1395.9
1730,Ульяновская область,2002,127.0,0.3260586290693346,32922.8,97.0,73.2,208.0,107.2,1378.9
1731,Ульяновская область,2003,109.0,0.6270798034948346,40195.3,94.0,72.8,195.0,106.4,1366.9
1732,Ульяновская область,2004,105.0,0.4056754714744966,49606.5,94.9,72.9,179.0,99.8,1354.6
1733,Ульяновская область,2005,115.0,0.5826116469192548,59804.8,100.0,73.0,181.0,109.8,1340.3
1734,Ульяновская область,2006,115.0,0.6417093426895263,76474.6,103.4,73.2,175.0,104.5,1325.9
1735,Ульяновская область,2007,118.0,1.0643768417709234,94375.6,98.6,73.4,174.0,108.5,1316.2
1736,Ульяновская область,2008,113.0,0.3830723724335563,114808.0,114.2,73.5,166.0,100.8,1308.7
1737,Ульяновская область,2009,106.0,0.3512358717229593,118179.9,101.2,73.3,154.0,75.2,1301.7
1738,Ульяновская область,2010,111.0,0.7690737081410316,137518.4,70.8,73.6,182.0,114.4,1290.5
1739,Ульяновская область,2011,115.0,0.0598351966958864,173978.3,179.3,73.8,157.0,112.1,1280.8
1740,Ульяновская область,2012,110.48,0.2152965566036363,188459.0,87.9,74.1,165.5,102.5,1272.1
1741,Ульяновская область,2013,105.41,0.1852744199055594,209206.7,106.3,74.3,157.08,99.4,1264.1
1742,Ульяновская область,2014,100.45,0.254689496219982,221102.6,98.6,74.6,159.74,102.9,1257.9
1743,Ульяновская область,2015,121.9,0.2613772176809508,242632.5,94.9,74.9,128.3,102.4,1251.9
1744,Ульяновская область,2016,124.94,0.0705152979373203,293809.4,117.0,75.2,125.02,101.3,1246.0
1745,Ульяновская область,2017,101.19,0.1659305510609002,301710.0,106.5,75.5,120.13,106.6,1238.7
1746,Ульяновская область,2018,93.78,0.0551519439819548,313348.9,96.5,75.9,117.6,100.9,1229.4
1747,Ульяновская область,2019,94.03,0.0317320932263769,347071.2,104.5,76.1,113.38,102.1,1219.7
1748,Ульяновская область,2020,88.91,0.0869029673856166,361772.2,115.8,76.4,113.03,96.4,1207.1
1749,Ульяновская область,2021,91.44,0.0007413975757282,423969.7,84.5,76.8,114.44,111.8,1191.7
1750,Ульяновская область,2022,90.08,0.000592027398335,496339.6,124.2,77.0,112.44,95.3,1181.0
1751,Ульяновская область,2023,87.0,0.0006260062006827,572400.0,93.7,77.1,116.0,115.1,1172.8
1752,Хабаровский край,2000,231.0,0.7044176384524684,44171.2,96.0,80.6,465.0,124.7,1459.9
1753,Хабаровский край,2001,236.0,0.6656527915986056,54983.9,104.7,80.6,467.0,112.3,1446.1
1754,Хабаровский край,2002,220.0,0.1929338951751929,70162.9,100.2,80.6,447.0,105.1,1434.2
1755,Хабаровский край,2003,221.0,0.3436799603844973,81613.4,96.5,80.7,443.0,110.36,1416.2
1756,Хабаровский край,2004,222.0,0.2058088734385605,94795.1,96.4,81.0,404.0,101.7,1396.8
1757,Хабаровский край,2005,217.0,0.4126619783317535,116257.5,94.6,81.3,397.0,104.5,1376.3
1758,Хабаровский край,2006,209.0,0.9462492458545164,141994.7,97.8,81.6,362.0,89.3,1359.9
1759,Хабаровский край,2007,203.0,1.4823626461997153,170398.0,97.1,81.7,349.0,110.1,1354.9
1760,Хабаровский край,2008,196.0,0.6246759586386139,198951.6,102.1,81.7,357.0,92.6,1351.1
1761,Хабаровский край,2009,193.0,0.7526802539876069,205081.0,99.4,81.8,370.0,93.2,1349.2
1762,Хабаровский край,2010,191.0,0.3164223962026107,262685.8,97.3,81.8,369.0,111.0,1342.9
1763,Хабаровский край,2011,188.0,0.6454623215251873,297709.4,100.2,81.9,368.0,116.9,1341.6
1764,Хабаровский край,2012,175.52,1.817326389863977,326613.3,99.5,82.2,369.34,109.6,1340.5
1765,Хабаровский край,2013,177.9,4.249380204117035,371974.6,92.3,82.4,365.31,102.2,1337.5
1766,Хабаровский край,2014,167.26,1.0199867096427773,403598.0,101.0,82.6,358.94,102.5,1335.2
1767,Хабаровский край,2015,171.19,1.52367108470519,446937.5,87.7,82.8,368.38,102.0,1331.0
1768,Хабаровский край,2016,172.24,0.6066486149623198,505753.3,89.7,82.9,364.16,101.8,1329.1
1769,Хабаровский край,2017,171.31,0.9856151792890904,526220.9,102.5,83.1,369.53,109.1,1323.6
1770,Хабаровский край,2018,189.82,1.2056683576920473,576902.1,100.4,83.1,389.04,100.3,1316.7
1771,Хабаровский край,2019,181.98,1.1521547769317932,613006.2,81.3,83.2,381.63,102.5,1310.4
1772,Хабаровский край,2020,157.93,0.7112172787455503,657755.0,105.4,83.3,376.88,100.2,1295.1
1773,Хабаровский край,2021,152.23,0.9351869546237744,786590.9,97.6,83.5,347.21,110.0,1292.8
1774,Хабаровский край,2022,161.78,2.315211659720671,828825.8,90.5,83.5,364.07,103.2,1284.1
1775,Хабаровский край,2023,174.0,1.619812319401924,985400.0,94.4,83.5,367.0,100.0,1278.1
1776,Ханты-Мансийский автономный округ — Югра,2000,33.0,1.344555054179785,25320.1,101.7,91.2,876.0,105.2,1383.4
1777,Ханты-Мансийский автономный округ — Югра,2001,33.0,1.6494234523618752,32037.2,102.0,90.9,847.0,106.1,1411.9
1778,Ханты-Мансийский автономный округ — Югра,2002,35.0,0.7282393048842183,41322.8,60.8,90.9,721.0,107.5,1437.7
1779,Ханты-Мансийский автономный округ — Югра,2003,38.0,1.1029273178079186,496127.8,185.0,90.8,909.0,112.7,1453.5
1780,Ханты-Мансийский автономный округ — Югра,2004,31.0,0.7487383607867212,655886.9,97.9,90.8,1054.0,108.6,1462.2
1781,Ханты-Мансийский автономный округ — Югра,2005,31.0,0.8239504896572724,955182.6,111.5,90.8,1199.0,104.2,1467.8
1782,Ханты-Мансийский автономный округ — Югра,2006,33.0,0.5972363289538636,1083321.7,103.9,91.0,1340.0,103.8,1475.2
1783,Ханты-Мансийский автономный округ — Югра,2007,38.0,0.4387771226984132,1165266.9,87.2,91.1,1351.0,101.5,1491.2
1784,Ханты-Мансийский автономный округ — Югра,2008,42.0,0.5008758031284058,1293353.6,108.0,91.3,1560.0,99.7,1504.3
1785,Ханты-Мансийский автономный округ — Югра,2009,46.0,0.3979092210547053,1175747.8,106.0,91.4,1184.0,97.5,1521.2
1786,Ханты-Мансийский автономный округ — Югра,2010,55.0,1.2260490148820624,1289497.0,99.3,91.5,1185.0,98.6,1537.2
1787,Ханты-Мансийский автономный округ — Югра,2011,39.0,0.8087501543783673,1574827.3,108.4,91.6,1439.0,98.7,1562.2
1788,Ханты-Мансийский автономный округ — Югра,2012,40.84,0.9985672995164744,1717564.9,102.7,91.7,1388.39,98.6,1586.0
1789,Ханты-Мансийский автономный округ — Югра,2013,77.61,0.893911720485677,1713073.1,101.7,91.8,1467.77,98.4,1600.3
1790,Ханты-Мансийский автономный округ — Югра,2014,545.07,0.5851519117871361,1778654.0,97.6,91.9,2410.87,98.7,1616.2
1791,Ханты-Мансийский автономный округ — Югра,2015,462.99,0.6753341020571367,1942026.4,100.6,91.9,2819.43,97.5,1632.0
1792,Ханты-Мансийский автономный округ — Югра,2016,891.4,0.3660170333081975,1906072.7,103.7,92.0,3468.26,100.5,1652.4
1793,Ханты-Мансийский автономный округ — Югра,2017,86.21,0.3355028217357719,2146291.8,105.0,91.9,3337.26,99.1,1662.5
1794,Ханты-Мансийский автономный округ — Югра,2018,83.97,0.1727987751322757,2702932.4,101.1,92.0,3370.7,100.1,1672.3
1795,Ханты-Мансийский автономный округ — Югра,2019,83.12,0.2975578781436615,2716456.6,96.5,92.0,3249.86,100.8,1684.2
1796,Ханты-Мансийский автономный округ — Югра,2020,93.57,0.1354705143765455,1975988.9,104.5,92.0,2719.53,91.6,1698.2
1797,Ханты-Мансийский автономный округ — Югра,2021,86.44,0.0832545426294592,3341316.0,85.8,92.1,2777.85,102.0,1713.8
1798,Ханты-Мансийский автономный округ — Югра,2022,70.18,0.1692256513027796,4003533.3,88.1,92.2,2849.66,103.1,1730.4
1799,Ханты-Мансийский автономный округ — Югра,2023,69.0,0.2527948539463907,4945300.0,98.4,92.3,2884.0,98.5,1759.4
1800,Челябинская область,2000,741.0,1.1922355488093166,33012.3,89.3,81.6,873.0,117.17,3644.0
1801,Челябинская область,2001,774.0,1.1760014431928818,39216.5,110.8,81.7,872.0,101.96,3621.4
1802,Челябинская область,2002,749.0,1.2774262611454923,47775.7,103.7,81.8,838.0,102.2,3597.7
1803,Челябинская область,2003,721.0,0.9775156913362024,61444.7,110.1,81.9,812.0,108.97,3569.3
1804,Челябинская область,2004,666.0,0.602251735095726,81894.8,83.8,82.1,799.0,104.5,3541.8
1805,Челябинская область,2005,660.0,1.1569024440703033,99159.8,128.1,81.7,796.0,105.3,3516.7
1806,Челябинская область,2006,655.0,0.9454093592113092,127442.5,114.2,81.8,788.0,110.5,3497.0
1807,Челябинская область,2007,657.0,0.8233657382161916,164797.5,98.3,81.8,766.0,112.5,3489.1
1808,Челябинская область,2008,750.0,0.9837510931271328,190565.5,100.3,81.9,743.0,96.3,3484.8
1809,Челябинская область,2009,691.0,1.162195178221041,159901.0,100.5,81.9,684.0,80.1,3481.8
1810,Челябинская область,2010,845.0,1.3163746284648217,187673.7,87.5,82.0,868.0,111.0,3475.6
1811,Челябинская область,2011,836.0,1.243372232215609,222658.0,129.8,82.1,677.0,107.5,3480.3
1812,Челябинская область,2012,743.86,1.100457817911587,241735.4,81.5,82.2,638.13,101.7,3485.7
1813,Челябинская область,2013,712.77,0.9417796730419896,252946.0,109.6,82.4,602.76,99.9,3490.8
1814,Челябинская область,2014,678.92,1.242556448803834,284416.7,105.0,82.5,585.89,104.0,3498.2000000000003
1815,Челябинская область,2015,725.4,0.9771864655457504,345485.3,107.7,82.6,581.17,98.0,3502.0
1816,Челябинская область,2016,692.54,1.1888993783883597,380470.0,103.4,82.6,554.56,96.4,3503.9
1817,Челябинская область,2017,691.3,1.150689747159652,404819.8,102.6,82.7,567.59,104.6,3494.8
1818,Челябинская область,2018,647.02,2.0983514769424083,436365.4,97.7,82.7,777.98,101.1,3477.9
1819,Челябинская область,2019,230.05,1.2926711676374687,445545.7,96.1,82.7,738.61,101.0,3468.8
1820,Челябинская область,2020,325.25,2.1750672629624006,463603.9,88.4,82.7,991.33,99.2,3445.5
1821,Челябинская область,2021,283.63,2.362428542288844,601401.1,97.1,82.6,983.8,106.0,3421.6
1822,Челябинская область,2022,286.92,3.54029725812094,673544.8,116.9,82.6,876.59,98.5,3407.1
1823,Челябинская область,2023,244.0,2.216501654677487,761200.0,92.3,82.5,915.0,110.8,3395.8
1824,Чувашская Республика — Чувашия,2000,132.0,0.3205500302238303,17276.5,102.2,60.3,160.0,103.2,1334.2
1825,Чувашская Республика — Чувашия,2001,130.0,0.4999847296002079,23253.6,103.6,60.5,157.0,107.2,1327.7
1826,Чувашская Республика — Чувашия,2002,123.0,0.4417798529340571,28261.3,98.2,60.7,154.0,98.4,1313.8
1827,Чувашская Республика — Чувашия,2003,126.0,0.7312850214144385,34540.2,99.2,60.9,157.0,107.8,1311.7
1828,Чувашская Республика — Чувашия,2004,134.0,0.2120445564996693,45955.1,98.1,60.9,148.0,106.4,1305.0
1829,Чувашская Республика — Чувашия,2005,121.0,0.7621902362822013,54001.9,100.4,61.0,131.0,107.4,1299.3
1830,Чувашская Республика — Чувашия,2006,121.0,0.2835057742669472,73147.3,104.3,57.2,126.0,118.9,1292.2
1831,Чувашская Республика — Чувашия,2007,118.0,0.2844095702585512,97528.7,101.1,61.4,115.0,113.2,1286.2
1832,Чувашская Республика — Чувашия,2008,115.0,0.073543384185102,122980.3,105.0,57.8,119.0,102.7,1282.6
1833,Чувашская Республика — Чувашия,2009,91.0,0.3211125763439938,111300.3,104.5,58.3,107.0,74.0,1279.4
1834,Чувашская Республика — Чувашия,2010,86.0,0.6486824987983864,125843.0,73.3,58.9,122.0,111.9,1251.6
1835,Чувашская Республика — Чувашия,2011,10.0,1.3422346078119265,151271.1,136.9,59.4,112.0,111.7,1250.5
1836,Чувашская Республика — Чувашия,2012,10.53,2.241154323433313,175241.5,99.5,59.8,108.31,110.3,1247.0
1837,Чувашская Республика — Чувашия,2013,9.95,0.6160950248691563,180269.2,88.6,60.1,103.78,100.5,1243.4
1838,Чувашская Республика — Чувашия,2014,8.98,1.357786910100435,192495.0,100.5,60.7,101.4,104.7,1240.0
1839,Чувашская Республика — Чувашия,2015,37.49,1.126275698647471,204254.0,105.7,61.2,96.78,95.0,1238.1
1840,Чувашская Республика — Чувашия,2016,36.99,0.3350319030728334,231831.3,100.1,61.9,97.7,106.6,1236.6
1841,Чувашская Республика — Чувашия,2017,33.11,0.3243229879482964,242201.7,100.2,62.4,92.11,103.7,1235.9
1842,Чувашская Республика — Чувашия,2018,83.99,0.3779698183548947,260155.2,100.6,62.9,94.1,103.3,1231.1
1843,Чувашская Республика — Чувашия,2019,72.7,0.2267613458289247,280743.4,105.7,63.3,90.03,104.7,1223.4
1844,Чувашская Республика — Чувашия,2020,58.14,0.799797079235617,288278.8,104.3,63.5,86.35,97.7,1217.8
1845,Чувашская Республика — Чувашия,2021,58.65,0.4850671156463639,336235.7,89.9,64.0,89.31,98.9,1186.9
1846,Чувашская Республика — Чувашия,2022,55.85,0.2347485027611805,425530.9,117.8,64.3,87.98,102.3,1183.9
1847,Чувашская Республика — Чувашия,2023,58.0,0.052317855133576,513900.0,100.5,64.5,90.0,130.7,1173.2
1848,Чукотский автономный округ,2000,5.0,,65963.0,41.4,66.4,27.0,100.0,61.6
1849,Чукотский автономный округ,2001,5.0,,123130.9,129.6,66.4,27.0,86.0,57.5
1850,Чукотский автономный округ,2002,6.0,,187368.1,92.7,66.4,27.0,273.7,53.8
1851,Чукотский автономный округ,2003,4.44,,256992.1,99.8,65.4,24.0,84.1,53.1
1852,Чукотский автономный округ,2004,4.85,,238227.2,115.2,65.1,22.0,106.2,51.4
1853,Чукотский автономный округ,2005,4.3,,237134.5,104.3,64.9,21.0,120.4,50.7
1854,Чукотский автономный округ,2006,4.61,,295107.1,158.2,65.0,26.0,90.9,50.5
1855,Чукотский автономный округ,2007,4.6,,396907.1,122.4,65.0,25.0,97.7,50.5
1856,Чукотский автономный округ,2008,6.0,,582270.4,106.9,64.7,27.0,177.4,50.3
1857,Чукотский автономный округ,2009,6.0,,872422.0,141.0,64.6,26.0,116.3,49.5
1858,Чукотский автономный округ,2010,5.0,,767845.6,101.3,64.9,25.0,86.2,50.5
1859,Чукотский автономный округ,2011,5.0,1.0506725114840831,885553.4,146.5,65.8,24.0,87.1,50.3
1860,Чукотский автономный округ,2012,5.37,0.5977680846914246,902872.7,66.2,66.2,22.71,93.5,51.0
1861,Чукотский автономный округ,2013,4.9,1.4325800764163903,886695.4,61.1,66.7,25.88,116.6,50.8
1862,Чукотский автономный округ,2014,4.86,0.7794688084943542,1158757.2,160.3,67.2,26.54,138.5,50.6
1863,Чукотский автономный округ,2015,4.07,0.1848529938204112,1248443.5,78.0,67.8,25.14,101.9,50.5
1864,Чукотский автономный округ,2016,3.16,0.746620740681214,1475863.4,137.6,68.3,23.52,93.4,50.2
1865,Чукотский автономный округ,2017,3.05,2.259847846551161,1508337.9,103.4,68.4,24.07,90.2,49.8
1866,Чукотский автономный округ,2018,3.02,0.6519108730727644,1736306.1,94.7,68.5,26.36,100.4,49.3
1867,Чукотский автономный округ,2019,2.95,0.6857708300436866,1965793.7,116.2,69.0,26.91,105.8,49.7
1868,Чукотский автономный округ,2020,2.89,0.5921021697482438,2495513.7,85.8,68.3,22.92,101.0,50.3
1869,Чукотский автономный округ,2021,2.91,0.0642379324455477,2932794.0,98.4,68.8,24.46,103.6,49.5
1870,Чукотский автономный округ,2022,2.89,0.0070829915323155,2946171.5,106.0,69.1,78.17,86.8,47.9
1871,Чукотский автономный округ,2023,3.0,0.4284813726571881,3895100.0,91.5,69.4,100.0,110.0,47.5
1872,Ямало-Ненецкий автономный округ,2000,28.0,0.930433011559272,25320.1,105.0,83.3,160.0,100.2,57.5
1873,Ямало-Ненецкий автономный округ,2001,33.0,0.5246503421571335,32037.2,101.2,83.3,157.0,105.3,55.3
1874,Ямало-Ненецкий автономный округ,2002,33.0,0.4446220461700134,41322.8,87.8,83.4,166.0,107.6,53.2
1875,Ямало-Ненецкий автономный округ,2003,32.0,0.8259510165222833,555559.1,107.9,83.3,171.0,107.8,51.9
1876,Ямало-Ненецкий автономный округ,2004,33.0,0.2333519997840988,693795.0,88.4,84.7,157.0,103.1,51.8
1877,Ямало-Ненецкий автономный округ,2005,31.0,0.3321914381404767,856078.1,86.8,84.8,166.0,98.0,52.4
1878,Ямало-Ненецкий автономный округ,2006,59.0,0.3940969584845903,1051708.7,105.3,84.8,168.0,102.9,52.9
1879,Ямало-Ненецкий автономный округ,2007,49.0,0.3941881715602344,1137450.8,101.5,84.7,135.0,95.7,52.8
1880,Ямало-Ненецкий автономный округ,2008,48.0,0.4150099458296323,1374235.3,112.1,84.7,131.0,97.7,52.1
1881,Ямало-Ненецкий автономный округ,2009,33.0,1.321270078812881,1240827.1,105.3,84.7,122.0,89.9,51.2
1882,Ямало-Ненецкий автономный округ,2010,44.0,0.8090691240987611,1491259.7,105.3,84.8,235.0,104.7,50.4
1883,Ямало-Ненецкий автономный округ,2011,39.0,0.5790562962576533,1826634.0,103.7,84.9,220.0,102.2,50.7
1884,Ямало-Ненецкий автономный округ,2012,33.89,0.4725865858163866,2232962.1,103.2,85.0,222.84,99.5,50.3
1885,Ямало-Ненецкий автономный округ,2013,24.69,0.283495537542987,2590586.8,94.8,85.1,225.36,106.2,49.9
1886,Ямало-Ненецкий автономный округ,2014,22.42,0.5978218080250906,3104445.4,95.9,84.9,217.83,100.0,49.7
1887,Ямало-Ненецкий автономный округ,2015,23.1,1.042617596266065,3450828.8,102.2,84.7,223.49,104.5,49.2
1888,Ямало-Ненецкий автономный округ,2016,32.14,0.9451597956173317,3950647.2,99.1,84.7,213.01,106.0,48.6
1889,Ямало-Ненецкий автономный округ,2017,31.06,2.1335412780645897,4798760.9,105.8,84.7,201.88,109.1,48.0
1890,Ямало-Ненецкий автономный округ,2018,29.32,0.7513963352693694,5972394.9,96.2,84.7,177.88,117.0,48.1
1891,Ямало-Ненецкий автономный округ,2019,29.02,0.9376361027110184,6189325.8,98.5,84.7,179.69,116.9,48.5
1892,Ямало-Ненецкий автономный округ,2020,28.83,0.5529146310818469,5433087.8,106.2,84.6,174.56,100.1,47.6
1893,Ямало-Ненецкий автономный округ,2021,28.6,4.531654694776407,8272866.4,119.5,84.7,180.81,108.7,47.9
1894,Ямало-Ненецкий автономный округ,2022,28.94,1.765860512743718,10453480.0,96.5,84.7,180.57,98.3,47.8
1895,Ямало-Ненецкий автономный округ,2023,25.0,1.9611606071143448,10462200.0,80.7,85.2,189.0,97.1,48.0
1896,Ярославская область,2000,306.0,2.788611032613121,29828.0,104.3,80.6,358.0,112.98,498.3
1897,Ярославская область,2001,312.0,1.5491728482279523,44116.3,101.6,80.8,358.0,106.3,503.1
1898,Ярославская область,2002,316.0,0.7733617125239334,54917.2,92.9,81.0,357.0,100.7,508.6
1899,Ярославская область,2003,306.0,0.3494353418033873,67915.1,99.6,81.1,342.0,102.5,510.8
1900,Ярославская область,2004,303.0,0.969112947766205,84008.1,92.1,81.3,333.0,107.5,514.6
1901,Ярославская область,2005,287.0,1.6950524982076478,99335.1,101.1,81.5,334.0,105.5,517.4
1902,Ярославская область,2006,284.0,0.276493215400828,117309.2,100.2,81.7,305.0,105.6,521.6
1903,Ярославская область,2007,208.0,0.5820155163403947,143936.4,100.4,81.9,325.0,106.8,524.0
1904,Ярославская область,2008,204.0,0.7496988782779699,166711.8,99.3,82.0,307.0,99.0,523.0
1905,Ярославская область,2009,184.0,0.9346355444969168,165757.6,102.9,82.1,279.0,83.4,524.1
1906,Ярославская область,2010,240.0,0.250804944000267,187875.5,92.9,82.2,278.0,106.2,524.9
1907,Ярославская область,2011,218.0,0.2304761967818655,225946.2,111.4,82.1,240.0,111.3,532.9
1908,Ярославская область,2012,229.0,0.1323727479500708,258012.8,106.7,82.0,224.77,104.1,534.1
1909,Ярославская область,2013,211.45,0.2304535941782794,286429.5,97.6,81.9,224.26,98.5,528.1
1910,Ярославская область,2014,192.96,0.3676551897140673,309496.2,107.5,81.8,210.13,104.6,524.2
1911,Ярославская область,2015,201.38,0.4035689546716755,350815.3,100.6,81.7,190.07,105.6,514.3
1912,Ярославская область,2016,179.24,0.3826026624021835,395781.0,104.3,81.7,197.86,105.3,512.5
1913,Ярославская область,2017,177.8,0.341595404505886,425801.3,96.8,81.8,190.2,111.5,511.2
1914,Ярославская область,2018,173.63,0.406453642556022,467688.6,105.7,81.5,193.53,104.7,510.6
1915,Ярославская область,2019,169.01,0.7667871403928223,491362.8,106.0,81.4,194.64,104.9,510.1
1916,Ярославская область,2020,159.32,0.7417682266486962,497907.8,98.7,81.2,180.32,99.7,508.8
1917,Ярославская область,2021,148.32,0.6505615559022145,572665.4,100.0,81.1,181.02,111.2,511.2
1918,Ярославская область,2022,146.39,0.7526354206089063,623525.1,101.2,81.0,186.76,103.8,512.4
1919,Ярославская область,2023,143.0,1.1670310986538823,713400.0,105.1,80.8,180.0,107.0,516.0
1920,г. Москва,2000,2115.0,0.3923032111223657,115630.5,102.6,100.0,2655.0,120.61,8993.9
1921,г. Москва,2001,2145.0,0.4475671421360712,134435.8,103.6,100.0,2526.0,107.7,9020.7
1922,г. Москва,2002,2661.0,0.3317897203397363,171127.8,99.4,100.0,2777.0,115.29,9040.3
1923,г. Москва,2003,2015.0,0.3352192398290583,209174.1,99.9,100.0,2712.0,121.99,9079.6
1924,г. Москва,2004,2012.0,0.1730862079624784,268390.3,99.2,100.0,2685.0,107.7,9176.5
1925,г. Москва,2005,1959.0,0.1832007683582132,381997.1,100.3,100.0,2634.0,123.5,10382.8
1926,г. Москва,2006,1857.0,0.2144913054038216,477873.0,102.7,100.0,2518.0,119.6,10471.0
1927,г. Москва,2007,1726.0,0.1946769801664335,601146.9,102.3,100.0,2363.0,91.1,10550.7
1928,г. Москва,2008,1684.0,0.1950470088930894,734242.0,104.6,100.0,2239.0,88.1,10623.2
1929,г. Москва,2009,1595.0,0.1645356168349971,628930.3,102.7,100.0,1794.0,93.7,10680.8
1930,г. Москва,2010,909.0,0.1790769090586215,730774.2,94.3,100.0,1496.0,97.8,11503.5
1931,г. Москва,2011,908.0,0.1578973941389032,857290.0,111.4,100.0,1524.0,100.7,11612.9
1932,г. Москва,2012,928.63,0.1391696280553888,907114.4,111.3,100.0,1779.85,100.4,11758.7
1933,г. Москва,2013,945.77,0.2531221896179987,989278.4,84.6,100.0,1700.36,95.3,11971.9
1934,г. Москва,2014,862.86,0.27193675896751,1055307.1,99.6,100.0,1709.48,98.9,12108.3
1935,г. Москва,2015,817.79,0.2649236758402454,1101222.1,94.4,100.0,1540.55,97.2,12330.1
1936,г. Москва,2016,824.76,0.4591629267353044,1216874.1,93.9,100.0,1521.36,102.7,12502.5
1937,г. Москва,2017,844.57,0.3170193025058759,1315542.6,94.8,100.0,1395.73,100.7,12614.1
1938,г. Москва,2018,854.59,0.1978460118120799,1473322.5,82.5,100.0,1328.23,105.7,12655.1
1939,г. Москва,2019,819.87,0.1809712210713989,1536186.0,85.4,100.0,1333.96,107.3,12678.0
1940,г. Москва,2020,798.57,0.2429007290299494,1562963.6,84.6,100.0,1298.81,114.7,12593.1
1941,г. Москва,2021,806.53,0.2401891440457218,1866988.7,87.3,100.0,1331.03,127.7,12655.5
1942,г. Москва,2022,736.55,0.1584641141841864,2182863.0,92.8,100.0,1338.97,115.5,13010.1
1943,г. Москва,2023,833.0,0.0704782023944734,2463600.0,70.8,100.0,1331.0,119.0,13104.2
1944,г. Санкт-Петербург,2000,1271.0,0.2605331406745536,39811.1,106.2,100.0,1156.0,102.02,4741.9
1945,г. Санкт-Петербург,2001,1245.0,0.3845529424480557,53525.3,105.28,100.0,1182.0,106.97,4714.8
1946,г. Санкт-Петербург,2002,1183.0,0.4529396128156182,72059.8,104.36,100.0,1161.0,129.62,4661.2
1947,г. Санкт-Петербург,2003,1203.0,0.7899753563202678,87919.3,103.44,100.0,1165.0,111.43,4656.5
1948,г. Санкт-Петербург,2004,1182.0,0.9882955797559996,116030.9,102.52,100.0,1138.0,113.7,4624.1
1949,г. Санкт-Петербург,2005,1188.0,2.721264785573914,141795.6,101.6,100.0,1168.0,105.7,4600.0
1950,г. Санкт-Петербург,2006,1174.0,1.1977864320581824,174432.8,99.02,100.0,1167.0,98.0,4580.6
1951,г. Санкт-Петербург,2007,1187.0,0.7328467929067414,235410.3,96.44,100.0,1179.0,110.1,4571.2
1952,г. Санкт-Петербург,2008,1174.0,0.9496834980678004,299436.0,93.86,100.0,1146.0,103.6,4568.0
1953,г. Санкт-Петербург,2009,1106.0,0.9723901384552556,306454.8,91.28,100.0,1113.0,83.4,4581.9
1954,г. Санкт-Петербург,2010,1346.0,1.1310718108718023,349253.6,88.7,100.0,1017.0,107.8,4879.6
1955,г. Санкт-Петербург,2011,1239.0,0.7988092294220657,423715.0,123.0,100.0,912.0,114.6,4899.3
1956,г. Санкт-Петербург,2012,1217.52,0.7900610675373811,453981.0,95.2,100.0,1043.34,104.7,4953.2
1957,г. Санкт-Петербург,2013,1156.9,1.0146494455598931,485317.0,105.8,100.0,964.13,99.6,5028.0
1958,г. Санкт-Петербург,2014,1057.92,0.5644568861532911,508256.7,103.5,100.0,905.37,93.6,5131.9
1959,г. Санкт-Петербург,2015,1023.36,0.7115102929290356,638685.1,102.6,100.0,873.19,93.0,5191.7
1960,г. Санкт-Петербург,2016,1093.18,0.6993336755660089,763731.9,104.8,100.0,867.23,103.9,5225.7
1961,г. Санкт-Петербург,2017,977.33,0.5710732360591947,785866.0,103.825,100.0,851.81,105.4,5281.6
1962,г. Санкт-Петербург,2018,897.12,0.5571830093613697,866794.9,102.85,100.0,813.01,104.4,5351.9
1963,г. Санкт-Петербург,2019,920.33,0.2507553176508731,932159.6,101.875,100.0,806.26,104.5,5383.9
1964,г. Санкт-Петербург,2020,914.37,0.3524922362311538,954862.8,100.9,100.0,759.13,98.4,5398.1
1965,г. Санкт-Петербург,2021,945.06,0.2275707922214675,1682758.7,101.1,100.0,790.51,106.4,5384.3
1966,г. Санкт-Петербург,2022,932.7,0.1022139662961807,1992591.6,103.4,100.0,782.23,106.1,5600.0
1967,г. Санкт-Петербург,2023,936.0,0.2663475652977788,1948200.0,101.1,100.0,792.0,113.1,5600.0
