Регион,Год,Объем_сточных_вод_млн_м3,Инвестиции_норм_%,ВРП_на_душу_руб,Индексы_производства_продукции_СХ_%,Доля_городского_населения_%,Использование_свеж_воды_млн_м3,Индекс_промыш_производства_%
Алтайский край,2000,31.0,0.3779890792694407,17660.5,122.0,52.8,569.0,109.2
Алтайский край,2001,34.0,0.1804075377014408,23509.0,104.5,53.1,599.0,109.4
Алтайский край,2002,36.0,0.0922834076988102,27991.2,103.1,53.2,563.0,100.1
Алтайский край,2003,36.0,0.0564771061146153,34295.8,100.8,53.5,516.0,105.5
Алтайский край,2004,36.0,0.0333244804750937,44934.9,99.5,53.7,488.0,102.6
Алтайский край,2005,34.0,0.1138596056789774,53812.4,91.1,54.0,451.0,96.8
Алтайский край,2006,27.0,0.0763590231890478,69852.0,109.4,54.2,455.0,110.3
Алтайский край,2007,26.0,0.1043109024106808,90759.9,108.6,54.3,471.0,113.5
Алтайский край,2008,22.0,0.0815182667285152,106019.5,93.2,54.5,481.0,103.3
Алтайский край,2009,17.0,0.1158733391739043,109088.7,118.3,54.3,461.0,92.0
Алтайский край,2010,15.0,0.0620804111710537,124955.8,93.5,54.8,340.0,122.0
Алтайский край,2011,12.0,0.037866082456285,137975.9,101.2,55.2,408.0,104.5
Алтайский край,2012,8.04,0.2302742691503846,154560.6,86.4,55.6,406.93,104.4
Алтайский край,2013,8.07,0.3710203760877825,175666.0,121.9,55.9,404.84,101.3
Алтайский край,2014,10.73,0.1315835612359699,189679.2,85.8,56.2,410.61,98.9
Алтайский край,2015,16.24,0.1473226354484587,209023.2,106.5,56.5,386.73,100.1
Алтайский край,2016,18.05,0.189639210257672,230047.1,112.0,56.7,376.43,102.5
Алтайский край,2017,17.34,0.0324881029446014,238056.6,101.8,56.9,364.05,103.7
Алтайский край,2018,17.33,0.258735761948665,256081.7,103.3,57.2,349.42,100.8
Алтайский край,2019,32.27,0.1173972106170841,280785.0,98.8,57.6,344.55,101.9
Алтайский край,2020,13.18,0.1044039322469182,300706.5,96.7,57.9,353.27,101.1
Алтайский край,2021,13.51,0.0598764752830405,400038.7,118.4,58.2,362.59,101.7
Алтайский край,2022,13.3,0.0609092595667599,440933.3,104.1,58.3,374.84,103.2
Алтайский край,2023,13.0,0.2194210134490431,482.5,93.1,58.5,425.0,107.1
Амурская область,2000,94.0,0.3132182160880404,28317.2,106.2,66.6,115.0,105.4
Амурская область,2001,103.0,0.2695069239593576,42578.3,106.7,65.9,116.0,92.2
Амурская область,2002,95.0,0.5280428719855635,50449.6,109.9,65.9,114.0,105.3
Амурская область,2003,91.0,0.5351664194857509,59480.3,70.4,66.2,109.0,105.8
Амурская область,2004,99.0,0.2838030076170968,72937.0,112.7,66.5,107.0,100.2
Амурская область,2005,100.0,0.1648530077594417,88597.1,93.1,66.4,104.0,95.7
Амурская область,2006,90.0,0.4062407654149871,111116.2,113.0,66.6,100.0,104.7
Амурская область,2007,84.0,0.7961653955039854,131887.8,117.8,66.6,98.0,102.6
Амурская область,2008,86.0,0.4913019320678879,156329.6,104.9,66.6,93.0,111.4
Амурская область,2009,83.0,0.8398628626787172,180572.3,109.4,66.5,86.0,111.4
Амурская область,2010,82.0,0.1445126073369687,214827.2,102.8,66.9,87.0,104.3
Амурская область,2011,79.0,0.7144839635193524,273332.2,121.0,67.0,83.0,120.0
Амурская область,2012,78.02,1.7106218595675546,280484.7,92.2,67.2,80.58,108.6
Амурская область,2013,76.97,1.4212881862393565,259501.7,70.9,67.3,79.17,106.9
Амурская область,2014,44.62,0.585892016048058,287327.6,168.9,67.5,74.9,98.3
Амурская область,2015,72.77,0.582285554422735,344986.8,101.0,67.5,73.77,92.5
Амурская область,2016,73.77,0.5707721212243431,372300.0,97.9,67.5,70.67,92.1
Амурская область,2017,67.38,1.0704737266069704,376452.8,114.9,67.5,72.06,105.3
Амурская область,2018,66.82,1.0959267354631437,423176.6,92.1,67.7,70.97,97.6
Амурская область,2019,65.05,0.6152836630965489,504185.5,87.9,67.9,71.87,109.9
Амурская область,2020,65.81,1.622862897616941,577387.2,104.0,68.0,102.52,95.7
Амурская область,2021,66.51,1.3716704804824196,713306.9,111.2,68.2,107.45,108.9
Амурская область,2022,62.76,0.5810103151958317,794644.1,123.5,68.4,106.35,102.8
Амурская область,2023,60.0,0.3632857715652,1054.1,94.2,68.5,115.0,97.2
Архангельская область,2000,540.0,3.4748537073826897,25320.1,102.6,75.3,832.0,108.495
Архангельская область,2001,537.0,3.383954490966074,32037.2,103.6,75.6,828.0,106.45
Архангельская область,2002,513.0,2.439888718917784,41322.8,99.4,75.3,755.0,103.4
Архангельская область,2003,477.0,0.6739745053585888,50328.850000000006,99.9,75.0,713.0,106.4
Архангельская область,2004,454.0,0.8653819262366719,64122.2,99.2,75.5,681.0,106.15
Архангельская область,2005,464.0,3.0947597298938256,77591.9,100.3,74.0,673.0,105.6
Архангельская область,2006,464.0,6.360303676985398,100203.4,102.7,74.4,670.0,108.0
Архангельская область,2007,475.0,1.1063665387060406,128472.55,90.3,74.8,682.0,110.1
Архангельская область,2008,475.0,1.413140037169753,155716.6,94.2,75.1,654.0,102.2
Архангельская область,2009,413.0,0.8788487357900131,152408.35,105.6,75.5,609.0,95.5
Архангельская область,2010,415.0,0.5410313540626728,181042.40000000002,95.6,76.0,633.0,122.0
Архангельская область,2011,375.0,0.6662877646057245,233445.8,109.0,76.3,639.0,96.5
Архангельская область,2012,364.27,0.2571541623785128,273874.6,100.3,76.4,622.0,103.7
Архангельская область,2013,341.03000000000003,1.178798249995641,288957.6,90.8,76.6,600.75,110.0
Архангельская область,2014,335.86,0.5676242073404735,319673.0,101.4,76.8,597.62,73.1
Архангельская область,2015,329.79,0.7241126319148394,365908.3,83.8,77.1,569.68,101.9
Архангельская область,2016,328.66,0.7866972513658078,419090.3,99.2,77.2,562.25,100.6
Архангельская область,2017,325.0,1.8398127258238288,466062.8,83.9,77.2,556.84,116.3
Архангельская область,2018,322.78,0.4642245179689781,524584.0,109.3,77.4,551.61,100.9
Архангельская область,2019,322.87,0.3713506891358725,546989.7,96.3,77.4,536.2199999999999,102.1
Архангельская область,2020,320.63000000000005,2.5122939583742707,548518.4,101.9,77.5,542.9000000000001,99.1
Архангельская область,2021,292.68,2.7947193791985683,681214.5,97.9,77.6,531.9,100.9
Архангельская область,2022,277.51,0.4139685823226184,722234.1,98.9,77.8,494.98,95.5
Архангельская область,2023,247.0,0.3002124766409625,793.3,101.5,78.1,500.0,98.8
Астраханская область,2000,84.0,0.1588116248217188,27815.3,108.2,67.9,1322.0,90.2
Астраханская область,2001,83.0,2.4575838980241245,32037.2,107.2,67.6,1252.0,117.4
Астраханская область,2002,78.0,0.3960639006315419,40786.8,103.6,67.7,1111.0,100.6
Астраханская область,2003,71.0,0.6183364324375541,50386.3,102.5,67.9,1190.0,103.5
Астраханская область,2004,71.0,0.5053331899158716,56357.5,104.9,67.5,971.0,101.2
Астраханская область,2005,68.0,0.3468876733269069,69814.0,109.1,67.7,937.0,100.8
Астраханская область,2006,73.0,0.6808150662479249,84950.0,108.2,66.9,938.0,100.9
Астраханская область,2007,72.0,4.87199379827659,99999.4,108.5,67.7,891.0,111.6
Астраханская область,2008,73.0,3.0706368253008662,146391.0,115.2,66.6,873.0,110.3
Астраханская область,2009,71.0,1.5750032361689117,133018.5,118.5,66.7,853.0,93.4
Астраханская область,2010,69.0,4.490736344010027,143388.8,102.4,66.7,772.0,113.0
Астраханская область,2011,71.0,2.610222887022453,170798.2,110.5,66.5,1085.0,107.5
Астраханская область,2012,55.67,11.07260043194896,207683.9,106.1,66.3,849.63,118.7
Астраханская область,2013,52.4,4.55744522704132,271899.3,100.7,66.2,799.55,115.5
Астраханская область,2014,50.15,0.362838255894908,293883.9,100.3,65.8,756.6,102.9
Астраханская область,2015,40.74,0.6130806725348507,320199.0,102.3,65.6,730.88,109.6
Астраханская область,2016,51.16,0.2330085751022971,367483.2,101.0,65.4,793.75,108.6
Астраханская область,2017,48.54,0.1660304562403639,442846.1,109.4,65.4,693.21,152.6
Астраханская область,2018,49.09,0.0606667702560383,582565.6,108.7,65.3,695.94,116.3
Астраханская область,2019,36.39,0.3929591207342103,610661.5,101.8,65.1,646.04,103.7
Астраханская область,2020,30.26,0.1381389223619176,541099.0,102.3,64.7,619.95,97.3
Астраханская область,2021,34.13,0.0549019495590795,688988.3,101.7,64.3,576.13,93.9
Астраханская область,2022,35.11,0.1053330637880202,801999.8,106.6,64.1,672.86,100.0
Астраханская область,2023,85.0,0.0246845162316484,820.0,103.0,63.9,561.0,100.6
Белгородская область,2000,45.0,0.2761829611760092,27969.5,120.3,65.2,354.0,109.1
Белгородская область,2001,13.0,0.3306096296088647,33126.7,107.7,65.2,346.0,110.1
Белгородская область,2002,6.0,0.2003608719897956,41327.4,101.7,65.2,368.0,116.0
Белгородская область,2003,10.0,0.1062422341873261,50271.4,100.1,65.4,394.0,106.2
Белгородская область,2004,11.0,0.1524168052771933,75629.4,107.1,65.4,361.0,106.3
Белгородская область,2005,11.0,0.42699385741421,95911.2,114.8,65.6,314.0,112.9
Белгородская область,2006,11.0,0.4336370767939586,118211.4,113.0,65.8,290.0,113.4
Белгородская область,2007,8.0,0.3123056807360599,156225.1,122.4,66.0,257.0,111.3
Белгородская область,2008,11.0,0.5991368658515509,208548.1,127.5,65.8,253.0,112.7
Белгородская область,2009,49.0,0.2892783295815641,199046.1,108.5,65.9,234.0,103.5
Белгородская область,2010,77.0,0.3735497465366875,260015.6,98.4,66.2,237.0,113.9
Белгородская область,2011,72.0,0.6567547088668513,330952.8,132.0,66.2,236.0,108.7
Белгородская область,2012,70.88,2.162596761385342,354400.6,105.5,66.2,244.04,105.6
Белгородская область,2013,71.1,1.0654843776801104,368593.1,108.0,66.1,240.98,102.1
Белгородская область,2014,66.83,0.5574805580384771,400396.8,104.9,66.0,238.93,102.5
Белгородская область,2015,61.46,1.0299366205572302,447022.6,104.1,65.9,243.66,105.5
Белгородская область,2016,73.64,0.3117679085503114,500672.6,106.6,65.9,250.06,106.2
Белгородская область,2017,70.54,0.3345196026116114,538729.8,99.5,65.8,233.24,105.0
Белгородская область,2018,70.46,0.5549357891236915,587403.9,104.7,65.7,234.32,102.4
Белгородская область,2019,68.84,0.2486697779152987,615578.9,102.5,65.5,233.65,103.9
Белгородская область,2020,65.9,0.4672974636602556,643774.4,99.8,65.4,238.45,101.7
Белгородская область,2021,60.56,0.4231133493376597,882551.8,97.3,65.3,229.03,104.4
Белгородская область,2022,58.6,0.6692958976157243,859545.1,104.5,65.4,232.1,102.1
Белгородская область,2023,58.0,1.2979801311889312,889.8,105.0,65.3,224.0,104.7
Брянская область,2000,100.0,0.2229155595221192,17413.5,109.3,68.6,150.0,117.3
Брянская область,2001,99.0,0.1570027532106953,21511.9,94.8,68.8,147.0,112.9
Брянская область,2002,96.0,0.0231978830259457,27020.0,98.1,68.5,144.0,105.3
Брянская область,2003,94.0,0.0826447415692798,31953.4,103.5,68.5,135.0,104.5
Брянская область,2004,92.0,0.044279400981111,37719.1,96.2,68.2,133.0,104.7
Брянская область,2005,89.0,0.0138636694191083,49923.4,95.6,68.3,130.0,116.1
Брянская область,2006,96.0,0.0050158099107921,62187.8,100.0,68.6,126.0,111.7
Брянская область,2007,94.0,0.0,78518.8,106.0,68.8,123.0,121.8
Брянская область,2008,85.0,0.0191322881501401,96885.4,107.9,68.9,115.0,103.2
Брянская область,2009,83.0,0.0,98014.5,103.4,69.0,110.0,76.6
Брянская область,2010,78.0,0.0,114777.6,94.2,69.1,117.0,122.9
Брянская область,2011,75.0,0.0,137227.5,124.6,69.2,111.0,110.6
Брянская область,2012,70.83,0.0374498246121578,164867.2,105.6,69.3,105.51,115.7
Брянская область,2013,67.78,0.1286953970518827,176108.0,112.2,69.4,103.68,96.8
Брянская область,2014,61.56,0.0029519319189329,196473.1,114.9,69.5,97.82,102.1
Брянская область,2015,57.6,0.0,221557.6,113.1,69.5,96.29,113.5
Брянская область,2016,57.92,0.0,259301.1,108.9,69.6,95.13,107.3
Брянская область,2017,55.12,0.0,281250.4,106.0,69.7,93.95,104.1
Брянская область,2018,53.78,0.0,305284.8,103.1,69.7,90.02,102.7
Брянская область,2019,50.75,0.0,334495.9,100.4,69.6,89.58,117.0
Брянская область,2020,49.69,0.0,349774.4,103.0,69.5,86.92,102.0
Брянская область,2021,51.4,0.0,411888.4,100.9,69.5,88.41,112.2
Брянская область,2022,52.06,0.0,474159.6,110.7,69.6,88.72,120.8
Брянская область,2023,53.0,0.0090978278447597,546.4,115.9,69.7,93.0,115.8
Владимирская область,2000,182.0,0.0748671167283002,21073.3,108.0,79.8,222.0,119.47
Владимирская область,2001,182.0,0.0445647575542953,27170.0,87.4,79.7,211.0,114.7
Владимирская область,2002,185.0,0.0837718105079636,32923.6,105.8,79.7,221.0,99.42
Владимирская область,2003,174.0,0.0735302967068164,40809.4,98.7,79.4,205.0,106.15
Владимирская область,2004,169.0,0.0385853086636031,49353.4,89.0,78.3,197.0,112.0
Владимирская область,2005,155.0,0.039597914567199,58261.0,108.8,77.2,189.0,101.4
Владимирская область,2006,147.0,0.0177026755180044,76184.8,99.9,77.3,182.0,109.8
Владимирская область,2007,141.0,0.1387589235185425,99682.5,101.7,77.4,180.0,122.6
Владимирская область,2008,140.0,0.0341194225400052,119941.8,93.7,77.5,171.0,112.3
Владимирская область,2009,129.0,0.0343210748200184,127815.1,106.9,77.5,165.0,84.4
Владимирская область,2010,129.0,0.0534994785530469,155494.2,77.4,77.7,156.0,114.7
Владимирская область,2011,126.0,0.1135713372426428,181742.0,123.6,77.6,161.0,107.4
Владимирская область,2012,123.74,0.208265126813431,200118.5,106.8,77.6,152.71,103.4
Владимирская область,2013,120.02,0.193181025132288,215705.7,92.0,77.5,145.46,108.0
Владимирская область,2014,110.49,0.1647796376440952,231824.2,103.8,77.6,142.76,109.2
Владимирская область,2015,108.55,0.1468515956505645,261560.4,102.4,77.7,133.55,99.8
Владимирская область,2016,108.81,0.083821920436529,307666.2,97.3,77.8,129.89,104.6
Владимирская область,2017,104.52,0.1018200988242282,322473.5,93.7,77.8,122.63,103.1
Владимирская область,2018,98.55,0.0723641422434284,346635.8,101.1,77.9,122.29,104.6
Владимирская область,2019,94.42,0.2783869978602911,389002.2,102.6,77.8,117.48,113.0
Владимирская область,2020,95.02,0.0619319665213262,404785.5,102.8,77.7,117.7,111.2
Владимирская область,2021,94.26,0.0487249030847475,540728.4,97.0,77.6,119.58,108.6
Владимирская область,2022,91.32,0.018530144637269,585131.4,102.3,77.6,119.52,106.6
Владимирская область,2023,90.0,0.0069427880373348,678.0,105.7,77.6,133.0,109.4
Волгоградская область,2000,217.0,6.770354932245624,23340.8,109.5,74.9,1103.0,108.1
Волгоградская область,2001,212.0,2.665225513358104,30513.2,117.9,75.1,990.0,102.0
Волгоградская область,2002,206.0,0.3616903006674257,38617.7,101.6,75.2,960.0,101.2
Волгоградская область,2003,201.0,0.235336512670441,47934.1,100.4,75.2,886.0,101.3
Волгоградская область,2004,208.0,0.523656242123603,57928.0,112.9,75.3,887.0,106.0
Волгоградская область,2005,204.0,0.4084539753050943,76740.6,100.3,75.4,833.0,104.1
Волгоградская область,2006,217.0,0.7317312775662353,95683.4,101.4,75.4,804.0,102.8
Волгоградская область,2007,203.0,0.4906961757475432,126313.1,97.7,75.7,827.0,102.4
Волгоградская область,2008,218.0,0.537572012954832,159001.5,126.5,75.6,823.0,99.9
Волгоградская область,2009,200.0,0.2077839170595657,144303.4,89.0,75.7,788.0,90.3
Волгоградская область,2010,186.0,0.304433694593236,166028.8,84.9,76.0,731.0,106.1
Волгоградская область,2011,150.0,0.3475834489991116,195321.7,127.5,76.1,710.0,103.0
Волгоградская область,2012,144.43,0.2169147990756516,220267.5,88.8,76.2,608.93,104.8
Волгоградская область,2013,141.2,0.537252075074382,234934.7,108.9,76.4,583.42,101.5
Волгоградская область,2014,122.62,2.409746807982448,277632.9,107.1,76.5,582.57,102.4
Волгоградская область,2015,104.21,2.6761100562084548,288213.6,94.5,76.6,593.77,101.1
Волгоградская область,2016,104.7,1.454376034491843,322250.5,114.5,76.7,520.41,103.2
Волгоградская область,2017,89.2,0.4604281236515213,332977.4,102.4,76.9,525.9,104.3
Волгоградская область,2018,84.29,0.6348681526650289,364763.9,96.3,77.0,552.23,100.9
Волгоградская область,2019,85.25,0.9163016042949524,380349.9,108.0,77.2,530.43,100.0
Волгоградская область,2020,91.69,1.1568055565073283,387991.0,101.3,77.3,566.76,99.3
Волгоградская область,2021,89.21,0.2721868821883043,426400.1,97.5,77.5,564.37,98.4
Волгоградская область,2022,85.92,0.3309808079148952,491186.6,116.9,77.6,578.17,102.8
Волгоградская область,2023,203.0,0.3478191648707935,562.5,100.1,77.7,2395.0,102.5
Вологодская область,2000,241.0,0.4735862881256729,53432.8,101.6,68.8,711.0,107.71
Вологодская область,2001,240.0,0.3507465766301415,50934.4,102.3,68.9,642.0,96.88
Вологодская область,2002,231.0,0.9468283293221142,63433.6,95.3,69.1,655.0,105.64
Вологодская область,2003,205.0,2.482734818856549,85259.1,95.5,69.3,579.0,103.81
Вологодская область,2004,195.0,2.5680703637285243,129015.6,90.5,68.3,636.0,106.5
Вологодская область,2005,172.0,3.944767668164695,156379.7,100.3,68.6,630.0,106.5
Вологодская область,2006,167.0,1.1877137772161126,164130.2,95.1,69.0,710.0,107.1
Вологодская область,2007,156.0,1.1302317821056702,199003.0,99.0,69.4,728.0,104.9
Вологодская область,2008,146.0,1.072161578049017,242347.7,98.5,69.7,712.0,95.3
Вологодская область,2009,132.0,1.32878501983862,176179.2,97.2,70.0,583.0,90.5
Вологодская область,2010,152.0,0.3481948705325212,217826.8,89.6,70.8,602.0,111.8
Вологодская область,2011,157.0,1.407581526979313,269271.0,110.7,71.1,537.0,105.6
Вологодская область,2012,154.42,1.4807148950734228,296779.7,94.5,71.3,467.32,101.3
Вологодская область,2013,147.9,3.696805991203474,289860.7,93.3,71.5,481.46,102.5
Вологодская область,2014,137.38,3.2666484225554133,324906.9,97.9,71.8,481.47,103.7
Вологодская область,2015,145.08,1.0235010325897431,402818.7,103.7,72.0,392.67,102.6
Вологодская область,2016,147.1,1.1402726227845807,430233.8,106.2,72.1,354.86,99.8
Вологодская область,2017,157.41,1.3600624125378644,460014.4,88.9,72.2,226.55,102.4
Вологодская область,2018,128.84,0.4657412023142456,525527.1,104.5,72.4,251.84,104.6
Вологодская область,2019,78.45,0.7705186567724388,543954.1,109.4,72.4,247.76,103.9
Вологодская область,2020,67.44,1.8630147055644195,540722.5,100.1,72.4,217.64,102.3
Вологодская область,2021,67.31,1.1359403563480246,897094.3,100.1,72.5,212.52,101.0
Вологодская область,2022,64.71,0.8199047644154396,903488.3,104.4,72.5,213.59,96.6
Вологодская область,2023,60.0,1.0126963479881967,961.6,101.7,72.7,219.0,106.2
Воронежская область,2000,190.0,0.2565565312909524,20365.1,129.0,61.6,695.0,105.4
Воронежская область,2001,174.0,0.0613000836463127,24905.4,102.0,61.8,686.0,101.1
Воронежская область,2002,174.0,0.0328000472282897,34789.6,101.3,62.0,651.0,98.7
Воронежская область,2003,173.0,0.0900551509686619,42237.5,117.5,62.0,617.0,106.3
Воронежская область,2004,168.0,0.0684595930292087,49530.0,94.0,62.0,582.0,106.9
Воронежская область,2005,169.0,0.1605030744101579,56534.5,100.7,61.8,556.0,111.0
Воронежская область,2006,159.0,0.2588467081687242,70492.7,103.1,61.7,535.0,109.0
Воронежская область,2007,152.0,0.1585455713990141,94849.5,107.0,61.7,519.0,104.9
Воронежская область,2008,144.0,0.5590280629848738,122591.1,125.9,62.0,498.0,103.6
Воронежская область,2009,134.0,0.4522439499537831,129112.5,99.5,62.1,457.0,99.4
Воронежская область,2010,134.0,0.1136176371634789,148432.6,72.7,65.5,460.0,106.6
Воронежская область,2011,135.0,0.1122534943499,203523.7,163.7,66.0,451.0,110.1
Воронежская область,2012,131.08,0.0875016446044385,241754.0,104.2,66.4,442.21,129.7
Воронежская область,2013,128.63,0.2472098363893046,262215.8,109.9,66.8,378.49,106.1
Воронежская область,2014,121.91,0.5485863977063464,307400.6,101.9,67.1,390.26,108.0
Воронежская область,2015,117.13,0.4458749808925796,344688.2,99.3,67.3,393.22,103.7
Воронежская область,2016,121.62,0.2863207044665445,353549.7,104.6,67.5,398.01,104.4
Воронежская область,2017,119.2,0.4554242392115494,372738.0,102.8,67.8,378.78,106.0
Воронежская область,2018,118.82,0.7038477027512995,406385.7,101.8,68.1,372.14,103.2
Воронежская область,2019,119.24,0.1093707934684534,428581.3,107.1,68.3,404.6,111.3
Воронежская область,2020,118.23,0.1008677926473707,456565.5,99.0,68.3,399.65,109.5
Воронежская область,2021,117.21,0.0217023658715742,551241.7,97.3,68.5,386.5,105.5
Воронежская область,2022,121.46,0.0711277519322454,600596.0,112.8,68.5,399.08,98.0
Воронежская область,2023,131.0,0.0037537425507823,655.6,103.3,68.5,414.0,109.9
Еврейская автономная область,2000,11.0,0.1764799154334038,19484.8,107.0,67.0,20.0,114.18
Еврейская автономная область,2001,12.0,1.0729102716699033,24877.5,108.6,67.2,21.0,117.5
Еврейская автономная область,2002,12.0,1.1719529136506543,35766.0,100.6,67.2,21.0,109.7
Еврейская автономная область,2003,12.0,0.6432991616654602,45196.1,105.4,67.6,20.0,108.6
Еврейская автономная область,2004,14.0,0.4142143550383317,60029.9,107.6,67.2,20.0,101.0
Еврейская автономная область,2005,14.0,0.5280691626420354,77319.2,106.3,67.2,21.0,103.0
Еврейская автономная область,2006,14.0,0.9011726224912108,99578.4,101.8,67.2,20.0,104.2
Еврейская автономная область,2007,14.0,2.837632817867243,132505.0,102.3,67.3,20.0,122.7
Еврейская автономная область,2008,13.0,2.18708762564124,134377.5,101.8,67.4,24.0,118.6
Еврейская автономная область,2009,14.0,0.8610588467614535,142388.0,90.2,67.3,25.0,81.2
Еврейская автономная область,2010,15.0,0.9374887105105544,178380.6,107.4,67.8,25.0,102.5
Еврейская автономная область,2011,16.0,0.0992500063344059,225382.9,101.3,68.4,26.0,100.1
Еврейская автономная область,2012,14.65,1.1028191822869389,247338.9,88.2,68.4,23.21,104.1
Еврейская автономная область,2013,14.0,0.3404062588638179,225611.9,64.6,68.7,21.36,102.6
Еврейская автономная область,2014,12.89,0.0363314667410442,250145.1,129.5,69.3,21.79,113.3
Еврейская автономная область,2015,13.58,0.0430914738703798,269785.3,100.2,69.8,18.36,91.3
Еврейская автономная область,2016,13.53,0.5951719614852399,298404.2,78.1,70.1,18.78,90.2
Еврейская автономная область,2017,13.54,2.07860968372295,344645.5,116.1,70.5,14.77,160.4
Еврейская автономная область,2018,10.72,0.4063740202060178,345698.0,105.0,70.8,14.54,114.9
Еврейская автономная область,2019,12.57,0.0,365145.1,54.6,70.8,13.46,102.6
Еврейская автономная область,2020,11.74,0.0,411199.2,119.2,70.7,13.35,102.4
Еврейская автономная область,2021,12.4,0.309193513136568,523964.8,101.2,70.8,14.68,96.9
Еврейская автономная область,2022,11.94,0.355839764391481,543204.8,117.4,70.8,16.13,107.0
Еврейская автономная область,2023,12.0,0.1871608262168188,697.1,114.1,70.8,19.0,94.3
Забайкальский край,2000,80.0,0.180660525036137,25320.1,89.2,63.6,570.0,101.5
Забайкальский край,2001,94.0,0.5472748383571624,29979.7,90.3,63.8,519.0,107.3
Забайкальский край,2002,77.0,0.5063788777218678,38443.3,108.8,63.9,471.0,102.1
Забайкальский край,2003,75.0,0.433307354338561,46308.5,94.9,64.0,479.0,109.4
Забайкальский край,2004,84.0,0.3239996212974479,53845.5,95.4,64.0,379.0,92.7
Забайкальский край,2005,83.0,0.4600094763457488,61741.0,107.3,64.2,406.0,104.0
Забайкальский край,2006,79.0,0.5503862469842536,81066.2,101.2,64.6,358.0,102.5
Забайкальский край,2007,85.0,0.4947084704897205,99544.9,101.8,64.9,282.0,103.7
Забайкальский край,2008,97.0,0.7879033085772121,126362.1,105.3,65.1,263.0,100.4
Забайкальский край,2009,98.0,0.4917279267019723,133973.5,105.1,65.5,264.0,97.0
Забайкальский край,2010,78.0,0.0766595798911495,150548.9,101.5,66.0,234.0,114.9
Забайкальский край,2011,95.0,0.2157086462385159,185196.6,104.2,66.4,252.0,111.4
Забайкальский край,2012,85.63,0.6643077071449238,205203.2,105.2,66.8,214.06,106.6
Забайкальский край,2013,35.49,1.2407949942287408,211655.3,99.3,67.2,235.77,107.5
Забайкальский край,2014,30.76,0.5304319351662914,218366.2,102.8,67.5,236.04,104.6
Забайкальский край,2015,35.44,0.5553353667153612,231890.2,93.7,67.8,230.95,99.4
Забайкальский край,2016,34.18,0.8742182705710776,263346.5,100.3,68.1,231.08,103.1
Забайкальский край,2017,45.35,1.0986741857783766,291717.4,99.3,68.3,229.46,103.7
Забайкальский край,2018,51.62,2.5518238200512067,326599.2,100.4,68.5,227.78,103.8
Забайкальский край,2019,75.25,1.3423995842766725,358683.8,95.7,68.8,225.0,105.6
Забайкальский край,2020,87.19,0.6744010720676926,414483.8,99.1,68.9,217.98,99.5
Забайкальский край,2021,61.65,0.5745234356263794,512723.1,95.8,69.3,216.52,108.5
Забайкальский край,2022,70.68,1.0045503253077834,549172.0,97.8,69.5,211.1,102.4
Забайкальский край,2023,67.0,1.3485049173928942,726.8,94.5,69.8,212.0,102.7
Ивановская область,2000,168.0,0.3684260355029586,14240.0,115.0,82.5,264.0,110.3
Ивановская область,2001,169.0,0.2103995779201746,18947.2,89.6,82.6,256.0,108.3
Ивановская область,2002,160.0,0.0959249554320955,23396.9,94.6,82.7,255.0,97.2
Ивановская область,2003,158.0,0.1463693676877036,29192.4,102.5,82.6,254.0,103.3
Ивановская область,2004,152.0,0.1252956966488543,35732.7,96.3,80.4,237.0,107.8
Ивановская область,2005,144.0,0.93140667426163,40039.1,96.0,80.5,216.0,110.1
Ивановская область,2006,140.0,0.569932837175531,50271.5,104.9,80.6,212.0,113.0
Ивановская область,2007,136.0,0.3723860231164383,68865.7,100.4,80.8,207.0,112.5
Ивановская область,2008,127.0,0.2503785339898804,80708.5,91.5,80.9,185.0,99.4
Ивановская область,2009,114.0,0.0658313223120561,81286.7,104.0,80.8,171.0,85.5
Ивановская область,2010,102.0,0.0,103280.0,91.8,81.0,168.0,107.9
Ивановская область,2011,99.0,0.1341929818300862,122231.4,109.3,81.0,156.0,105.7
Ивановская область,2012,96.9,0.6851067112368218,130362.4,95.7,81.1,136.65,104.6
Ивановская область,2013,88.12,0.2157193985667581,153048.9,93.0,81.1,127.63,106.2
Ивановская область,2014,82.22,0.1339506758109204,148470.2,94.4,81.3,154.94,97.3
Ивановская область,2015,70.25,0.0275025967011508,178498.0,103.7,81.3,136.16,92.1
Ивановская область,2016,69.12,0.0541904375989342,205911.0,97.7,81.4,129.62,107.7
Ивановская область,2017,68.69,0.0051255573278761,215218.9,98.8,81.5,124.02,100.0
Ивановская область,2018,60.49,0.1176268938155717,238961.1,99.5,81.6,122.53,102.1
Ивановская область,2019,60.9,1.036937053891671,265742.3,99.0,81.8,88.31,102.6
Ивановская область,2020,62.0,0.0183340952132175,284826.2,106.3,81.8,92.09,108.5
Ивановская область,2021,59.39,0.6842948686769639,331080.1,96.8,82.0,94.35,108.8
Ивановская область,2022,58.19,2.9450942471014363,395919.8,102.7,82.1,94.09,101.7
Ивановская область,2023,17.0,1.3671459789898484,478.1,108.5,82.1,86.0,110.0
Иркутская область,2000,893.0,0.5179907934665064,39115.2,89.6,79.3,1347.0,101.6
Иркутская область,2001,890.0,0.7217598137059215,46044.3,103.2,79.3,1307.0,99.0
Иркутская область,2002,820.0,0.7195189017653155,54156.9,100.6,79.3,1299.0,117.8
Иркутская область,2003,823.0,0.9124970299612154,65468.6,94.9,79.4,1344.0,104.2
Иркутская область,2004,785.0,0.6492758067980278,84014.3,101.9,79.3,1021.0,100.3
Иркутская область,2005,814.0,0.566508311845809,102904.3,99.3,79.3,949.0,108.6
Иркутская область,2006,807.0,0.3580735129338161,133413.7,98.4,79.4,1025.0,108.0
Иркутская область,2007,789.0,0.5182075361345589,163588.0,108.3,79.4,1013.0,104.4
Иркутская область,2008,814.0,0.5238847958903723,178988.3,101.5,79.4,1154.0,104.8
Иркутская область,2009,640.0,0.4517537031777457,187688.7,97.3,79.4,883.0,96.1
Иркутская область,2010,594.0,0.3169948676257596,224364.2,97.2,79.6,1008.0,113.3
Иркутская область,2011,583.0,0.5390319991099364,261516.9,102.1,79.4,1011.0,111.4
Иркутская область,2012,614.26,0.2973880024651355,304432.0,101.3,79.2,1109.69,112.9
Иркутская область,2013,537.89,0.932183109112982,332498.6,101.3,79.0,921.24,102.5
Иркутская область,2014,499.98,0.6405415153590323,378852.0,102.4,78.9,801.79,104.4
Иркутская область,2015,507.01,0.7979316725592123,414538.8,92.1,78.8,828.99,105.8
Иркутская область,2016,514.27,0.8113423260816208,471911.8,106.1,78.6,802.11,107.9
Иркутская область,2017,524.49,1.3827429976400911,526207.1,100.8,78.3,860.91,104.7
Иркутская область,2018,527.65,1.223969988063092,607208.3,99.6,78.1,921.34,101.0
Иркутская область,2019,510.05,1.8653417024306247,641937.5,96.7,77.9,871.04,100.4
Иркутская область,2020,441.72,2.6639394627653687,625618.7,103.8,77.7,878.7,102.7
Иркутская область,2021,426.29,1.6908348143365677,831532.4,100.8,77.6,860.69,101.2
Иркутская область,2022,447.13,1.6280429636651674,1001234.6,103.6,77.5,963.58,102.5
Иркутская область,2023,464.0,2.6119051947994154,1086.4,97.6,77.4,1037.0,98.3
Кабардино-Балкарская Республика,2000,49.0,0.1742026659470361,15948.9,108.4,56.6,480.0,117.2
Кабардино-Балкарская Республика,2001,50.0,0.7570525579505536,21834.2,113.4,56.6,436.0,111.7
Кабардино-Балкарская Республика,2002,54.0,0.779433137939362,25369.9,105.4,56.6,418.0,106.0
Кабардино-Балкарская Республика,2003,52.0,0.8008839345473008,29036.2,102.6,58.6,488.0,116.2
Кабардино-Балкарская Республика,2004,50.0,0.4699152236093471,32884.8,103.6,58.3,476.0,104.5
Кабардино-Балкарская Республика,2005,47.0,0.9474335793057388,42253.1,92.7,57.7,463.0,121.5
Кабардино-Балкарская Республика,2006,42.0,0.9802561550876594,50225.2,101.6,57.5,460.0,109.5
Кабардино-Балкарская Республика,2007,39.0,1.2091263926458893,57011.8,107.4,57.4,457.0,111.7
Кабардино-Балкарская Республика,2008,38.0,1.5895781620631604,67731.3,110.1,54.8,454.0,105.3
Кабардино-Балкарская Республика,2009,35.0,0.6261352023527225,76451.1,104.1,54.7,448.0,112.7
Кабардино-Балкарская Республика,2010,33.0,1.0340202681666286,89668.3,109.6,54.4,443.0,100.2
Кабардино-Балкарская Республика,2011,32.0,0.8738996296684678,105251.5,109.4,54.1,441.0,107.9
Кабардино-Балкарская Республика,2012,29.58,2.8052210077292727,123604.5,104.6,53.8,443.13,122.4
Кабардино-Балкарская Республика,2013,28.54,3.631429691407253,128113.9,104.2,53.5,443.99,93.5
Кабардино-Балкарская Республика,2014,29.01,1.2129767465735846,134335.3,99.9,53.3,370.29,110.3
Кабардино-Балкарская Республика,2015,28.34,1.047699139126914,137647.8,104.1,53.1,375.2,104.2
Кабардино-Балкарская Республика,2016,29.39,0.3085137817152031,173590.0,104.9,52.8,378.97,90.2
Кабардино-Балкарская Республика,2017,29.28,0.0,175147.8,104.7,52.6,347.74,100.4
Кабардино-Балкарская Республика,2018,30.85,0.0,181478.0,103.1,52.4,347.75,80.6
Кабардино-Балкарская Республика,2019,30.69,0.0,191721.5,104.9,52.2,345.45,97.6
Кабардино-Балкарская Республика,2020,28.81,0.0,200313.5,108.4,52.0,302.84,115.1
Кабардино-Балкарская Республика,2021,28.06,0.0,235770.1,109.0,51.9,255.17,105.4
Кабардино-Балкарская Республика,2022,29.42,0.0172767329077278,286415.1,110.0,51.8,141.84,106.5
Кабардино-Балкарская Республика,2023,25.0,0.0,321.9,110.1,51.7,156.0,102.4
Калининградская область,2000,152.0,0.1116258699973808,24308.8,102.5,77.6,188.0,117.0
Калининградская область,2001,150.0,0.061440520676087,33797.4,93.5,77.6,186.0,110.1
Калининградская область,2002,151.0,0.524677033820784,42019.6,100.6,77.6,187.0,104.2
Калининградская область,2003,150.0,0.7698389783928636,49167.4,101.5,77.7,189.0,104.7
Калининградская область,2004,147.0,0.6310078870539021,70426.0,103.4,77.8,185.0,122.5
Калининградская область,2005,139.0,0.7616132437901405,87122.8,100.5,77.3,174.0,127.4
Калининградская область,2006,131.0,2.1818754744824203,110255.4,97.4,77.3,164.0,166.6
Калининградская область,2007,116.0,1.5481905150989004,153964.0,96.3,77.3,146.0,114.4
Калининградская область,2008,103.0,0.7827901110468369,191533.4,155.9,77.2,135.0,101.8
Калининградская область,2009,87.0,0.8309010875438592,180797.2,107.5,77.2,116.0,95.3
Калининградская область,2010,88.0,0.5550061788278976,208193.2,95.5,77.6,112.0,116.0
Калининградская область,2011,91.0,0.5041842320152959,255184.6,99.4,77.3,115.0,150.1
Калининградская область,2012,103.05,1.144960860894509,278984.6,106.3,77.2,116.54,101.9
Калининградская область,2013,102.18,0.5460020957947092,287490.4,104.2,77.1,111.6,99.1
Калининградская область,2014,102.82,0.3233571514761931,324788.4,110.2,77.0,109.18,109.9
Калининградская область,2015,106.74,1.0327226739801714,359164.5,110.1,76.9,103.83,92.2
Калининградская область,2016,111.06,0.4056007397836799,424365.1,94.9,76.9,108.96,100.9
Калининградская область,2017,111.12,0.3458250424914972,450182.7,101.0,76.8,108.05,101.8
Калининградская область,2018,100.27,0.3032430006422024,493056.8,110.0,76.9,104.66,104.9
Калининградская область,2019,106.85,0.0173188966644092,515852.5,114.4,76.9,108.86,100.4
Калининградская область,2020,104.7,0.0736879204356292,539350.5,109.2,76.9,107.77,93.6
Калининградская область,2021,90.83,0.1875373275329052,666279.8,99.7,76.8,109.31,104.3
Калининградская область,2022,88.12,0.0264548766164467,715358.6,101.9,76.6,110.77,77.3
Калининградская область,2023,97.0,0.1814469300345297,760.0,103.2,76.5,106.0,96.7
Калужская область,2000,109.0,0.2044328607347102,22438.0,102.2,74.4,164.0,116.12
Калужская область,2001,113.0,0.2768876333961079,30201.9,97.6,74.6,157.0,116.3
Калужская область,2002,112.0,0.1891983231008151,35708.4,92.8,74.9,160.0,110.02
Калужская область,2003,108.0,0.3189395134927971,47136.5,106.3,75.0,152.0,116.42
Калужская область,2004,105.0,0.8826546975711197,56325.6,97.9,75.0,147.0,106.5
Калужская область,2005,99.0,0.4254252408958493,69192.2,93.9,75.2,145.0,105.8
Калужская область,2006,99.0,0.3461270683281002,84317.4,96.5,75.2,141.0,107.8
Калужская область,2007,98.0,0.3814506252849315,109790.3,107.6,75.3,141.0,110.7
Калужская область,2008,96.0,0.3219643816525083,147929.5,100.5,75.3,135.0,122.9
Калужская область,2009,95.0,0.4486405917928878,152611.6,104.1,75.2,136.0,94.7
Калужская область,2010,92.0,0.4997268841731207,186347.8,91.4,76.3,129.0,133.5
Калужская область,2011,88.0,0.4568469301253679,232085.4,106.4,76.2,126.0,125.3
Калужская область,2012,83.86,0.6083904807110511,280982.6,102.8,76.2,122.33,110.2
Калужская область,2013,93.03,1.694088737574315,287440.6,92.3,76.1,117.81,105.9
Калужская область,2014,89.54,1.4778135419554337,318031.6,103.2,76.2,112.88,103.9
Калужская область,2015,86.42,1.6163202464792876,328423.9,109.3,76.0,108.8,94.6
Калужская область,2016,84.02,0.3073720584288223,392893.2,100.1,75.8,102.89,108.1
Калужская область,2017,72.4,0.6645818587580199,435720.9,111.9,75.7,110.28,119.8
Калужская область,2018,71.49,1.0244369840999057,482561.6,110.7,75.4,102.45,109.7
Калужская область,2019,71.36,0.3838718936662423,522193.9,112.8,75.2,97.36,105.7
Калужская область,2020,71.86,0.638009218079224,533059.9,105.1,75.0,97.66,101.3
Калужская область,2021,72.07,0.6784879212045495,630411.9,100.1,75.0,102.34,107.9
Калужская область,2022,72.86,0.3515457074856948,647307.2,104.7,74.9,103.95,84.7
Калужская область,2023,73.0,0.7770454062097878,740.7,106.3,74.8,108.0,111.0
Камчатский край,2000,34.0,0.0263716394626447,49108.7,102.4,81.0,261.0,109.1
Камчатский край,2001,36.0,0.2794148933860722,63274.0,87.3,81.0,252.0,81.4
Камчатский край,2002,35.0,0.2014651165486305,71934.1,97.6,81.1,246.0,103.5
Камчатский край,2003,35.0,3.157484116045316,83980.4,98.4,81.1,209.0,107.8
Камчатский край,2004,29.0,0.1995828033000088,101205.1,88.8,78.9,206.0,100.3
Камчатский край,2005,29.0,0.168666698503444,129240.8,93.2,78.9,218.0,106.6
Камчатский край,2006,32.0,0.0600786175289291,168173.2,98.6,79.0,224.0,101.6
Камчатский край,2007,41.0,0.1133711075596881,200610.1,96.5,79.1,220.0,100.6
Камчатский край,2008,47.0,0.1001650518982252,238404.5,102.3,78.0,180.0,100.9
Камчатский край,2009,46.0,0.072286228698945,291953.6,110.1,78.3,185.0,99.8
Камчатский край,2010,46.0,0.0,319849.2,94.3,77.4,165.0,101.5
Камчатский край,2011,38.0,0.8674196224904023,357472.7,105.1,77.3,171.0,105.6
Камчатский край,2012,31.56,0.7435102623207891,401282.1,93.6,77.5,172.94,105.2
Камчатский край,2013,28.89,0.8120654749407636,422674.6,99.4,77.6,164.64,97.1
Камчатский край,2014,25.77,0.668680054307968,467137.3,107.7,77.6,160.38,104.4
Камчатский край,2015,25.43,0.0972781474623271,568960.5,95.4,77.7,150.79,103.4
Камчатский край,2016,22.74,0.4614148270122405,734324.9,102.0,77.8,151.92,113.2
Камчатский край,2017,27.24,0.1965305661812916,752942.5,105.3,77.8,145.53,105.7
Камчатский край,2018,27.28,0.1323113357220732,873638.6,102.1,77.8,148.29,112.8
Камчатский край,2019,26.46,0.0466238368026096,936960.3,118.1,77.7,146.79,95.5
Камчатский край,2020,24.55,0.8068885879740674,1005493.0,101.0,77.8,146.4,95.1
Камчатский край,2021,24.73,0.7472691259409333,1199105.8,104.0,77.9,148.43,112.3
Камчатский край,2022,22.57,1.2787035235390214,1228904.5,99.9,78.0,147.84,85.4
Камчатский край,2023,23.0,0.7182813571729283,1523.8,99.1,78.2,150.0,129.7
Карачаево-Черкесская Республика,2000,61.0,0.0035521376911105,12404.2,109.8,43.9,73.0,115.8
Карачаево-Черкесская Республика,2001,62.0,0.0286178462210572,16639.7,99.3,43.9,77.0,119.8
Карачаево-Черкесская Республика,2002,55.0,0.5035771166153696,23297.3,105.0,44.1,60.0,109.2
Карачаево-Черкесская Республика,2003,57.0,0.0243356472811838,25999.0,95.6,44.2,65.0,109.9
Карачаево-Черкесская Республика,2004,59.0,0.1311627765250776,29348.9,103.7,44.3,56.0,107.1
Карачаево-Черкесская Республика,2005,53.0,1.851078968925456,36971.7,102.2,44.4,53.0,96.4
Карачаево-Черкесская Республика,2006,55.0,0.9307010717924686,50778.7,105.9,44.2,50.0,115.7
Карачаево-Черкесская Республика,2007,53.0,1.3559915106462757,59200.9,103.9,43.9,44.0,110.7
Карачаево-Черкесская Республика,2008,54.0,0.7110785065884158,76277.2,107.4,44.0,44.0,96.1
Карачаево-Черкесская Республика,2009,53.0,0.1313463317791525,81758.5,106.2,43.7,43.0,106.0
Карачаево-Черкесская Республика,2010,51.0,0.0450087625854781,91782.3,97.7,43.3,43.0,116.0
Карачаево-Черкесская Республика,2011,47.0,0.0118433528722633,103449.4,110.4,43.0,41.0,119.7
Карачаево-Черкесская Республика,2012,45.01,0.9371260779294216,123977.6,98.9,42.6,40.67,124.7
Карачаево-Черкесская Республика,2013,43.09,1.2274087610011706,140225.1,105.9,42.3,39.26,89.8
Карачаево-Черкесская Республика,2014,41.4,1.0398413509963782,138920.1,94.5,42.2,38.62,79.2
Карачаево-Черкесская Республика,2015,41.58,0.0,143606.8,106.0,42.1,122.77,102.0
Карачаево-Черкесская Республика,2016,41.92,1.3546768702934624,167223.9,101.9,41.9,72.69,103.9
Карачаево-Черкесская Республика,2017,42.23,0.1723812791787892,176253.4,99.4,41.7,77.88,105.6
Карачаево-Черкесская Республика,2018,44.85,0.0074249544250558,182466.9,101.5,41.7,84.59,94.7
Карачаево-Черкесская Республика,2019,43.03,0.0,194488.5,100.7,41.5,98.48,108.2
Карачаево-Черкесская Республика,2020,42.64,0.0,202626.9,87.0,41.4,65.25,88.3
Карачаево-Черкесская Республика,2021,47.92,0.0,231202.6,108.7,41.3,94.67,110.1
Карачаево-Черкесская Республика,2022,46.05,0.0,268526.2,104.0,41.4,115.17,103.3
Карачаево-Черкесская Республика,2023,44.0,0.0,306.0,102.7,41.4,122.0,114.5
Кемеровская область — Кузбасс,2000,787.0,0.7622731693792609,30047.8,111.3,86.5,2276.0,104.32
Кемеровская область — Кузбасс,2001,778.0,0.5673548904131979,38839.7,99.6,86.7,2216.0,103.72
Кемеровская область — Кузбасс,2002,759.0,0.1888014324671499,46860.1,97.8,86.7,2153.0,98.62
Кемеровская область — Кузбасс,2003,718.0,0.2467291397190228,57302.3,105.2,86.8,2073.0,108.26
Кемеровская область — Кузбасс,2004,708.0,0.3657034631149217,85850.4,97.0,85.1,1954.0,104.4
Кемеровская область — Кузбасс,2005,695.0,0.6439428204635139,104764.5,96.1,85.1,2057.0,103.9
Кемеровская область — Кузбасс,2006,733.0,0.5012617960986597,122394.2,106.1,85.2,2098.0,106.6
Кемеровская область — Кузбасс,2007,767.0,0.623981989546591,157302.2,110.0,85.2,2071.0,102.7
Кемеровская область — Кузбасс,2008,782.0,0.4213863506961863,207286.2,106.1,85.2,2102.0,99.2
Кемеровская область — Кузбасс,2009,746.0,0.5592939610622785,184674.1,101.6,85.3,2083.0,90.7
Кемеровская область — Кузбасс,2010,700.0,0.2725147300375817,226198.1,92.8,85.4,1751.0,110.4
Кемеровская область — Кузбасс,2011,661.0,0.3541260205027061,272621.9,102.6,85.5,2009.0,101.4
Кемеровская область — Кузбасс,2012,572.06,0.95088041492348,261689.8,81.7,85.6,1991.97,102.6
Кемеровская область — Кузбасс,2013,597.91,0.9012349268396384,244180.8,109.6,85.7,1731.18,98.9
Кемеровская область — Кузбасс,2014,478.26,1.385052711083688,275920.0,101.9,85.9,1726.37,105.7
Кемеровская область — Кузбасс,2015,462.13,1.0089401092363817,310498.7,102.4,86.0,1737.1,101.8
Кемеровская область — Кузбасс,2016,443.99,0.8060351875117133,333713.4,98.2,86.1,1681.24,103.4
Кемеровская область — Кузбасс,2017,432.77,1.3787241736431115,407447.3,101.4,86.2,1672.01,103.6
Кемеровская область — Кузбасс,2018,355.07,1.1164562909198297,473228.2,98.5,86.4,1524.79,101.0
Кемеровская область — Кузбасс,2019,300.65,2.3238469501028107,417916.8,98.9,86.4,2288.79,102.9
Кемеровская область — Кузбасс,2020,264.77,2.19126885470938,396616.6,106.7,86.5,1477.14,96.2
Кемеровская область — Кузбасс,2021,225.07,1.168462198044063,699481.8,111.8,86.5,1273.71,106.8
Кемеровская область — Кузбасс,2022,203.81,1.8965411512700805,848312.2,110.1,86.5,1474.27,95.9
Кемеровская область — Кузбасс,2023,212.0,1.6261413015465185,736.5,86.2,86.5,1457.0,98.7
Кировская область,2000,179.0,0.2577275292356001,23165.6,97.1,71.2,247.0,112.51
Кировская область,2001,176.0,0.1976112136981702,27297.1,103.1,71.6,254.0,86.07
Кировская область,2002,171.0,0.1516456491549639,33124.0,87.4,71.8,256.0,98.43
Кировская область,2003,171.0,0.1851535924755778,38900.6,94.6,72.2,258.0,100.62
Кировская область,2004,167.0,0.0860744885172728,48464.8,97.4,72.9,266.0,103.1
Кировская область,2005,132.0,0.0291238411741265,55726.6,92.5,72.3,256.0,100.3
Кировская область,2006,159.0,0.1826247255198764,68958.3,97.2,72.6,261.0,108.3
Кировская область,2007,147.0,0.185415078003536,85144.4,90.8,73.1,259.0,101.7
Кировская область,2008,147.0,0.1244415739623747,110127.9,100.1,73.3,268.0,98.7
Кировская область,2009,139.0,0.2517965600360303,107680.4,103.0,73.6,245.0,90.1
Кировская область,2010,205.0,0.2366882890828072,128073.7,86.4,74.1,237.0,111.4
Кировская область,2011,176.0,0.4381370362499008,146903.7,111.4,74.4,229.0,110.0
Кировская область,2012,170.65,0.5942667671916411,159030.0,95.4,74.7,219.76,100.8
Кировская область,2013,169.13,0.2282198308917642,173192.9,93.7,75.0,214.04,100.2
Кировская область,2014,146.31,0.1956790405266807,198742.1,110.3,75.4,192.67,103.9
Кировская область,2015,131.93,0.2343383098681389,223251.7,98.6,75.7,184.31,103.3
Кировская область,2016,127.28,0.4281434792676262,250772.9,104.0,76.0,184.43,102.7
Кировская область,2017,85.94,0.3085236307340611,268466.4,96.3,76.4,178.12,101.0
Кировская область,2018,79.04,0.2902658199003299,289855.8,104.5,76.8,181.44,103.3
Кировская область,2019,110.57,0.5672047001586622,308454.0,100.4,77.2,182.88,101.3
Кировская область,2020,110.2,0.4091525615019443,335637.0,108.4,77.6,177.13,104.1
Кировская область,2021,105.81,0.3054506344217955,420844.8,98.7,77.9,180.0,114.6
Кировская область,2022,105.09,0.5344454999412144,484903.7,111.5,78.3,174.01,103.3
Кировская область,2023,81.0,0.1604266601531071,534.3,97.5,78.7,151.0,110.5
Костромская область,2000,64.0,0.4048384967171202,21984.7,102.9,66.8,1515.0,108.18
Костромская область,2001,63.0,0.2884008730283734,29668.3,97.8,67.1,1480.0,103.4
Костромская область,2002,57.0,0.4566426102670607,35109.5,96.9,67.4,1470.0,102.11
Костромская область,2003,64.0,0.5126279380710694,40741.1,93.8,67.9,1622.0,106.22
Костромская область,2004,65.0,2.031491978807751,52661.0,93.2,68.1,1635.0,104.5
Костромская область,2005,64.0,0.2217448030310151,63304.4,98.6,68.6,1574.0,108.9
Костромская область,2006,66.0,0.2691923438532063,78226.9,101.7,69.1,1632.0,111.1
Костромская область,2007,64.0,0.1419565177685371,95687.2,97.0,69.2,1742.0,105.7
Костромская область,2008,65.0,0.0942365996345046,119071.5,94.2,69.4,1671.0,100.2
Костромская область,2009,61.0,0.0551617002890243,116856.2,99.5,69.6,1508.0,83.8
Костромская область,2010,47.0,0.021953374428186,146536.9,91.0,70.0,1800.0,115.7
Костромская область,2011,46.0,0.2919253912807876,176159.8,111.3,70.2,1905.0,108.2
Костромская область,2012,47.44,0.0904865775402704,199938.0,98.0,70.5,1906.9,103.7
Костромская область,2013,40.54,0.0430231362024056,214581.7,93.0,70.9,1982.26,104.6
Костромская область,2014,37.06,0.1051669205317195,228669.8,97.3,71.4,2076.02,100.0
Костромская область,2015,36.41,0.0312505059789587,252781.6,95.1,71.6,1781.24,91.5
Костромская область,2016,35.79,0.0608290551745894,271006.1,96.7,72.0,1988.09,101.8
Костромская область,2017,35.38,0.0432596131004405,287837.4,93.4,72.4,1864.94,107.0
Костромская область,2018,33.91,0.1837848236484616,314092.1,97.9,72.6,1810.9,97.1
Костромская область,2019,35.23,0.0699347566055379,338677.9,101.0,73.0,1727.85,108.2
Костромская область,2020,36.81,0.090622842811937,343868.4,106.2,73.4,1137.57,90.1
Костромская область,2021,39.3,0.751954684293033,424108.4,95.5,73.8,1587.89,113.4
Костромская область,2022,38.08,0.2022156620740396,480119.7,100.4,74.1,1724.02,92.5
Костромская область,2023,33.0,0.6440587915506132,555.3,105.6,74.5,1548.0,108.6
Краснодарский край,2000,1076.0,0.1937753281123177,26713.9,114.8,53.5,3572.0,109.7
Краснодарский край,2001,1039.0,0.4104114634929051,34912.4,110.3,53.5,3483.0,101.5
Краснодарский край,2002,986.0,1.2910033454647,42477.6,105.8,53.5,3485.0,105.0
Краснодарский край,2003,1252.0,0.1171067585807362,48572.8,90.5,53.5,3397.0,105.1
Краснодарский край,2004,1226.0,0.126647994602447,61291.7,118.6,52.8,3231.0,105.6
Краснодарский край,2005,795.0,0.2073355360714,72794.1,102.5,52.8,3105.0,109.2
Краснодарский край,2006,907.0,0.224029844362246,94244.0,104.1,52.8,3413.0,122.9
Краснодарский край,2007,887.0,0.141421940654228,125700.4,98.7,52.8,3420.0,110.9
Краснодарский край,2008,858.0,0.0900526613638311,155103.6,123.1,52.8,3253.0,100.4
Краснодарский край,2009,820.0,0.1586652929486226,165555.1,94.8,52.8,3107.0,87.8
Краснодарский край,2010,863.0,0.1838370473293809,196914.3,102.8,52.9,3142.0,104.2
Краснодарский край,2011,920.0,0.2720486227163109,236464.8,111.2,53.4,3278.0,107.1
Краснодарский край,2012,891.89,0.1141760749708048,273999.1,88.3,53.7,3235.77,108.3
Краснодарский край,2013,839.32,0.0969632833225824,307971.4,106.6,54.2,3013.79,102.5
Краснодарский край,2014,832.89,0.6704347453137786,326019.5,101.4,54.5,3005.12,105.3
Краснодарский край,2015,857.77,0.263805963252053,348836.0,102.9,54.8,3055.94,104.8
Краснодарский край,2016,900.88,0.1241313195466077,401975.1,105.2,55.2,3155.94,104.9
Краснодарский край,2017,765.93,0.0778789869886431,427061.4,101.7,55.6,3168.35,104.5
Краснодарский край,2018,718.03,0.0787701424308141,436674.8,96.4,56.0,3157.43,101.6
Краснодарский край,2019,732.17,0.0565800474799283,446335.4,108.9,56.2,3779.93,102.9
Краснодарский край,2020,518.52,0.1393932847590618,459481.1,91.4,56.6,2871.89,95.0
Краснодарский край,2021,672.19,1.388263623454003,563372.1,114.0,57.0,3162.43,108.3
Краснодарский край,2022,800.87,1.195554894469444,738801.1,109.7,57.1,2704.82,103.8
Краснодарский край,2023,34.0,0.8449117944625733,819.1,95.7,57.3,692.0,106.0
Красноярский край,2000,617.0,1.0477483978353015,71281.0,103.9,75.4,2900.0,102.1
Красноярский край,2001,620.0,0.9778456269317516,80038.8,100.9,75.6,2604.0,102.1
Красноярский край,2002,611.0,1.0248799432368425,77729.0,101.4,75.8,2605.0,104.3
Красноярский край,2003,578.0,1.878369505036172,92547.5,102.3,76.0,2789.0,106.2
Красноярский край,2004,531.0,1.9821088339137527,125287.8,101.5,76.0,2494.0,103.7
Красноярский край,2005,531.0,2.3447767062532163,152389.0,101.7,75.7,2755.0,100.8
Красноярский край,2006,462.0,0.8653686348733421,205042.4,102.1,75.5,2545.0,101.0
Красноярский край,2007,449.0,0.7232629276550395,258394.3,104.0,76.0,2643.0,102.4
Красноярский край,2008,481.0,1.0062730359285617,260318.2,103.3,75.8,3018.0,104.0
Красноярский край,2009,453.0,1.0437579785657882,264478.7,102.7,76.0,2456.0,98.3
Красноярский край,2010,444.0,0.8212297387555955,372848.1,95.7,76.4,2296.0,135.8
Красноярский край,2011,448.0,1.0954956687463642,413129.4,98.1,76.7,2218.0,107.3
Красноярский край,2012,425.63,1.3323134256457758,416138.6,93.1,77.0,2348.65,109.3
Красноярский край,2013,391.11,1.5680943416206148,440842.2,99.0,77.4,2084.47,109.3
Красноярский край,2014,366.69,1.8022415413577135,493601.6,95.1,77.7,1931.37,102.3
Красноярский край,2015,327.23,2.4917629319397108,581761.5,100.3,78.0,2114.17,99.0
Красноярский край,2016,313.28,2.083536539521189,633831.3,103.3,78.3,1916.8,99.0
Красноярский край,2017,308.33,1.8346147858886936,686444.6,94.4,78.5,2006.24,103.9
Красноярский край,2018,304.71,1.1504787093579834,824537.3,101.6,78.8,1909.84,106.4
Красноярский край,2019,317.81,0.8968715085746615,937587.0,104.5,78.9,1848.77,101.7
Красноярский край,2020,321.61,1.7852765371592134,950427.4,108.1,79.1,1542.13,91.7
Красноярский край,2021,323.63,5.49965537787794,1091894.6,95.7,79.4,1458.77,98.1
Красноярский край,2022,299.25,7.585867234190559,1164188.7,103.7,79.6,1940.76,103.2
Красноярский край,2023,299.0,5.537897657379728,1307.1,96.1,79.8,1843.0,98.4
Курганская область,2000,62.0,0.5103832089472446,17758.7,94.7,56.3,84.0,102.36
Курганская область,2001,18.0,0.2623902661980488,24429.3,104.3,56.4,82.0,115.91
Курганская область,2002,62.0,0.2689159942286112,29253.3,91.6,56.4,74.0,90.46
Курганская область,2003,57.0,0.3533722756989921,36759.0,94.1,57.0,68.0,113.03
Курганская область,2004,57.0,0.5629894562356077,42889.3,87.0,57.6,71.0,106.1
Курганская область,2005,59.0,0.4621968403329233,51724.0,114.5,58.4,70.0,105.4
Курганская область,2006,57.0,0.391492302858938,71738.6,103.1,58.9,67.0,106.8
Курганская область,2007,56.0,0.4225418126202575,86224.4,103.5,59.3,63.0,105.9
Курганская область,2008,54.0,0.7281778368567319,114237.4,102.7,59.5,61.0,101.3
Курганская область,2009,52.0,1.6081796236835644,117058.7,104.2,59.9,62.0,77.0
Курганская область,2010,50.0,0.5780161945037092,129013.4,78.1,60.3,62.0,113.2
Курганская область,2011,46.0,0.9540430192238994,151306.2,148.1,60.5,63.0,110.4
Курганская область,2012,42.55,0.340168646072628,164761.4,69.7,60.9,63.9,110.5
Курганская область,2013,39.79,0.4284057689901513,191153.9,114.8,61.5,58.78,100.8
Курганская область,2014,38.54,0.3684557011525433,197378.8,85.5,62.0,52.93,97.7
Курганская область,2015,37.86,0.0294167345180434,210550.4,107.1,62.4,54.25,101.8
Курганская область,2016,37.97,0.0610157921508319,240205.5,104.5,62.5,49.4,102.2
Курганская область,2017,36.09,0.2507343411807005,252940.7,106.1,62.7,51.74,101.9
Курганская область,2018,33.18,0.3083423666878643,263729.8,92.9,63.1,49.89,101.2
Курганская область,2019,31.79,0.6493756170147003,294094.2,101.9,63.4,46.39,105.4
Курганская область,2020,32.17,0.5442065846698547,302428.2,88.2,63.6,44.35,97.7
Курганская область,2021,31.31,0.0902558352120252,348779.7,88.2,64.0,45.32,104.8
Курганская область,2022,29.02,0.1280870628823808,442701.5,149.0,64.2,43.28,105.4
Курганская область,2023,28.0,0.2637303080663827,502.4,79.7,64.4,44.0,117.1
Курская область,2000,39.0,0.1677489500359656,23677.7,119.7,60.8,320.0,102.5
Курская область,2001,38.0,0.1120335826021022,28946.1,101.5,61.1,308.0,86.3
Курская область,2002,38.0,0.156248813711945,36545.7,108.3,61.4,311.0,103.9
Курская область,2003,35.0,0.1008635566331046,46131.2,98.3,61.7,314.0,119.3
Курская область,2004,35.0,0.0360598697358772,63512.1,102.5,62.0,303.0,104.7
Курская область,2005,34.0,0.104061303389672,72995.3,101.4,62.6,323.0,104.5
Курская область,2006,33.0,0.0827562077248483,88949.4,101.3,63.1,263.0,106.5
Курская область,2007,34.0,0.0574492037981661,111348.4,110.3,63.7,265.0,104.1
Курская область,2008,35.0,0.0612903879170146,146276.4,121.3,64.2,250.0,95.0
Курская область,2009,33.0,0.0332200909941084,141833.5,99.3,64.7,244.0,100.0
Курская область,2010,37.0,0.0432845886827996,171322.1,81.4,65.4,248.0,106.5
Курская область,2011,50.0,0.0666948071980333,203725.7,147.2,65.9,240.0,104.6
Курская область,2012,45.21,0.0614822505339162,221698.6,108.0,66.4,233.39,103.3
Курская область,2013,15.8,0.0422629975049946,242938.0,115.1,66.5,228.68,100.8
Курская область,2014,14.44,0.0782735302508688,267217.4,113.9,66.8,229.85,105.8
Курская область,2015,36.06,0.0220151727273104,301870.7,101.0,67.2,218.58,104.3
Курская область,2016,36.4,0.038963482091431,338778.3,112.5,67.5,202.39,104.9
Курская область,2017,38.3,0.0785248436233044,362712.1,108.5,67.7,208.62,103.2
Курская область,2018,35.93,0.0601429488437374,407221.0,100.4,68.0,206.14,100.9
Курская область,2019,35.57,0.0438039109079014,450211.6,107.4,68.3,210.84,102.0
Курская область,2020,35.08,0.0,477362.7,108.1,68.4,205.95,103.2
Курская область,2021,32.47,0.0,634611.0,88.9,68.5,219.26,107.7
Курская область,2022,33.07,2.504307691151776,620432.2,118.9,68.5,206.81,94.5
Курская область,2023,33.0,1.8920366554404917,702.7,105.0,68.8,199.0,111.3
Ленинградская область,2000,424.0,1.0498765220465731,33265.1,102.6,66.3,5329.0,109.1
Ленинградская область,2001,410.0,1.4260260537368208,45248.2,104.4,66.4,6294.0,104.78
Ленинградская область,2002,398.0,1.464710017203711,56738.1,109.3,66.4,5681.0,119.75
Ленинградская область,2003,387.0,3.3279608619866146,72578.7,91.0,66.4,5930.0,113.3
Ленинградская область,2004,383.0,3.398695665234762,99230.0,97.7,66.2,5775.0,123.2
Ленинградская область,2005,356.0,1.4930080241693842,122024.2,102.0,66.0,5879.0,108.1
Ленинградская область,2006,355.0,2.0772726347392974,157122.1,99.0,65.9,5937.0,126.4
Ленинградская область,2007,324.0,1.3989170905217188,182657.9,102.2,66.0,6255.0,102.8
Ленинградская область,2008,324.0,0.9584328361713886,226011.0,102.2,65.9,6849.0,101.0
Ленинградская область,2009,313.0,0.4765090713076693,252890.9,103.5,65.8,6149.0,96.9
Ленинградская область,2010,291.0,0.1192777048184625,286435.4,102.3,65.7,6623.0,114.3
Ленинградская область,2011,231.0,0.4735322633880683,336137.4,109.3,64.7,6630.0,110.6
Ленинградская область,2012,238.71,2.505114773544122,382821.7,107.6,65.1,5530.28,105.7
Ленинградская область,2013,277.31,2.116980299485073,381510.3,104.2,65.3,4522.26,95.6
Ленинградская область,2014,267.25,9.752502181066635,390916.1,101.0,65.4,5461.34,100.2
Ленинградская область,2015,269.17,0.1608576150701387,468084.8,101.8,65.3,5706.1,99.6
Ленинградская область,2016,272.18,5.19486674769414,520669.6,95.7,65.0,5850.95,103.7
Ленинградская область,2017,334.06,3.0960635814931883,539983.3,99.8,64.3,5527.22,100.5
Ленинградская область,2018,329.25,2.7915179998264272,606440.8,103.9,63.8,5569.92,104.9
Ленинградская область,2019,302.19,2.0668024538449443,633301.4,101.0,66.2,4958.75,105.1
Ленинградская область,2020,301.58,1.899402999076488,630638.4,100.9,66.8,4326.35,98.9
Ленинградская область,2021,299.07,0.2980435381535615,739732.7,101.1,67.1,3436.32,107.9
Ленинградская область,2022,290.52,0.2647001591104004,822793.9,103.4,67.1,3538.66,96.8
Ленинградская область,2023,278.0,0.5132442632124256,943.6,101.1,67.5,3403.0,107.7
Липецкая область,2000,149.0,0.4690342995400237,39050.9,108.2,64.1,294.0,114.1
Липецкая область,2001,146.0,0.8342807879922728,41308.6,111.7,64.1,292.0,107.2
Липецкая область,2002,137.0,0.8569920881705045,58065.7,102.3,64.3,285.0,114.2
Липецкая область,2003,126.0,0.7426702922531663,79661.2,110.9,64.4,264.0,106.5
Липецкая область,2004,125.0,0.7786029314782305,117959.2,101.1,64.5,258.0,104.6
Липецкая область,2005,127.0,1.458088603968197,121376.2,109.6,63.1,251.0,102.3
Липецкая область,2006,124.0,2.1514615712400444,150197.1,106.3,63.2,245.0,111.6
Липецкая область,2007,114.0,0.8176821727039412,176534.6,111.4,63.3,230.0,103.7
Липецкая область,2008,140.0,1.4312447549860865,219135.8,120.9,63.4,224.0,94.3
Липецкая область,2009,101.0,3.827877632774793,192165.2,100.8,63.5,177.0,86.9
Липецкая область,2010,87.0,3.930561842146027,211610.6,77.6,63.7,175.0,110.7
Липецкая область,2011,82.0,3.2471801507069777,245988.4,145.0,63.7,169.0,111.1
Липецкая область,2012,86.78,1.3544341603668308,251272.6,102.6,63.8,164.85,107.4
Липецкая область,2013,80.05,1.5022183477601436,270671.8,112.6,63.7,163.76,100.3
Липецкая область,2014,79.09,1.868296422893382,341690.5,100.3,63.7,156.21,102.9
Липецкая область,2015,75.74,2.728714150714163,384877.6,106.8,63.6,156.46,100.8
Липецкая область,2016,83.03,2.8686122169278234,429064.8,107.7,63.4,152.79,103.4
Липецкая область,2017,76.83,1.3166425474212191,447280.1,105.5,63.4,156.93,102.9
Липецкая область,2018,69.34,2.547573925845331,519293.4,106.7,63.4,163.38,103.7
Липецкая область,2019,75.5,1.5403860090533203,491045.2,111.4,63.4,161.92,96.4
Липецкая область,2020,68.21,1.3180814432974686,535237.5,106.4,63.3,155.92,102.5
Липецкая область,2021,65.47,4.459531833502455,745419.3,88.9,63.0,163.81,106.0
Липецкая область,2022,64.6,3.7530438059834776,700248.9,114.9,63.0,153.08,96.8
Липецкая область,2023,67.0,2.395950845678476,847.5,103.5,62.9,153.0,109.2
Магаданская область,2000,47.0,0.0013989776701641,65704.6,83.7,91.4,90.0,99.8
Магаданская область,2001,49.0,0.0619067608852818,89987.5,90.6,91.9,96.0,106.3
Магаданская область,2002,42.0,0.0228739474766254,121272.5,123.7,92.6,92.0,109.4
Магаданская область,2003,40.0,0.4076149289440473,135180.6,118.9,93.1,86.0,93.7
Магаданская область,2004,34.0,0.0892480588973805,139840.3,90.4,93.6,84.0,95.6
Магаданская область,2005,28.0,0.3583573200627213,157798.9,95.6,94.1,73.0,102.6
Магаданская область,2006,28.0,0.6367875730694288,185017.6,103.9,94.4,72.0,88.8
Магаданская область,2007,29.0,1.0582776431144236,213449.6,103.0,94.6,75.0,91.0
Магаданская область,2008,30.0,0.32066091530373,258848.1,104.6,94.9,77.0,102.1
Магаданская область,2009,29.0,0.8894193448708555,299403.8,102.5,95.2,77.0,105.8
Магаданская область,2010,27.0,0.7167848882164788,377895.0,97.6,95.5,77.0,103.9
Магаданская область,2011,26.0,1.211876266034123,464366.7,94.5,95.6,79.0,108.3
Магаданская область,2012,16.78,2.770248884502135,511959.6,110.1,95.7,79.44,110.0
Магаданская область,2013,16.26,2.3071607171177613,589096.7,86.2,95.8,83.09,103.0
Магаданская область,2014,14.25,2.316007955698971,652303.2,99.2,95.9,83.11,109.0
Магаданская область,2015,12.92,1.879289306771236,858967.0,114.2,95.9,74.85,107.5
Магаданская область,2016,13.6,0.5823883316718633,1060991.5,100.9,96.0,73.2,100.8
Магаданская область,2017,14.51,1.4605415344464543,1125991.6,111.4,96.2,71.82,107.7
Магаданская область,2018,11.14,0.4194213774858167,1247255.2,96.0,96.3,83.62,109.6
Магаданская область,2019,4.87,0.5686703675910583,1539596.1,89.4,96.4,78.42,112.6
Магаданская область,2020,14.15,0.5298885483226137,2066380.4,103.9,96.4,75.24,105.7
Магаданская область,2021,13.78,3.201527925447184,2343311.4,94.1,96.4,75.33,106.0
Магаданская область,2022,13.52,1.6830995656799477,2338219.1,107.7,96.5,74.3,101.1
Магаданская область,2023,14.0,3.630201719317176,3017.5,106.0,96.5,74.0,92.9
Московская область,2000,638.0,0.0922342405157855,26687.7,109.9,79.5,1900.0,111.7
Московская область,2001,618.0,0.454145950239752,35569.3,91.4,79.4,1847.0,104.5
Московская область,2002,630.0,0.3375911167918197,47323.5,102.3,79.3,1787.0,107.2
Московская область,2003,626.0,0.288040529079498,62023.3,101.1,79.4,1710.0,129.48
Московская область,2004,643.0,0.0815763099107555,79833.2,99.2,80.2,1609.0,115.8
Московская область,2005,635.0,0.0687555794894261,104738.3,101.3,80.1,1486.0,114.1
Московская область,2006,617.0,0.1654422612850785,137092.1,99.7,80.3,1595.0,113.0
Московская область,2007,597.0,0.0535600859460568,188565.3,101.1,79.9,1512.0,106.2
Московская область,2008,588.0,0.0802533502901103,237595.8,98.4,80.2,1618.0,106.0
Московская область,2009,565.0,0.0220801090502507,217339.7,105.4,80.2,1635.0,86.8
Московская область,2010,1309.0,0.07395305704892,259421.5,82.6,80.1,2482.0,107.1
Московская область,2011,1220.0,0.0326256033353251,303386.9,125.1,80.0,2747.0,109.7
Московская область,2012,1214.41,0.0555472170907595,322242.7,94.2,80.0,2345.25,107.9
Московская область,2013,1190.05,0.219663165618041,341618.7,95.8,79.9,2261.72,105.2
Московская область,2014,1121.91,0.0809121895364156,361238.5,99.2,79.8,2183.47,104.1
Московская область,2015,1077.78,0.0535586634150334,411183.7,105.6,79.7,2030.24,101.1
Московская область,2016,1066.87,0.0190384228621093,533624.2,99.2,79.6,1890.04,114.7
Московская область,2017,1035.69,0.1560281644390322,534666.5,95.8,79.4,1806.14,108.0
Московская область,2018,956.19,0.0549470302833268,569142.7,102.5,79.2,1718.93,109.8
Московская область,2019,870.35,0.0340324784391726,625811.9,109.4,79.0,1747.9,113.1
Московская область,2020,853.02,0.0784106366234366,643208.1,98.0,78.7,1645.4,109.7
Московская область,2021,902.13,0.063438208829429,802156.1,104.8,78.5,1706.21,121.9
Московская область,2022,807.74,0.1705930127367186,901231.0,102.4,78.3,1731.29,102.9
Московская область,2023,806.0,0.1970413776306279,1072.3,103.1,78.0,1779.0,116.1
Мурманская область,2000,429.0,0.5905613494150721,59157.8,104.1,92.3,1720.0,104.67
Мурманская область,2001,370.0,2.4280965723050305,62965.4,95.5,92.3,1722.0,101.1
Мурманская область,2002,366.0,1.323950185111052,76236.9,94.0,92.2,1663.0,96.92
Мурманская область,2003,339.0,1.0688612613998545,91442.1,84.3,92.3,1666.0,104.02
Мурманская область,2004,374.0,0.5694643600166438,144469.3,90.2,92.0,1739.0,104.3
Мурманская область,2005,394.0,0.4905704966200095,156652.5,105.5,92.3,1627.0,100.2
Мурманская область,2006,329.0,0.4284473872267229,190124.3,110.1,92.5,1732.0,101.5
Мурманская область,2007,383.0,0.1851129996878663,233765.5,105.8,92.6,1605.0,98.2
Мурманская область,2008,356.0,0.5758750967910974,263755.5,104.0,92.7,1622.0,94.6
Мурманская область,2009,352.0,0.7975716429608056,251956.9,100.9,92.7,1610.0,96.5
Мурманская область,2010,339.0,1.2445303674751722,292926.1,96.3,92.8,1502.0,103.2
Мурманская область,2011,334.0,0.708851806041961,334720.5,99.8,92.8,1586.0,99.5
Мурманская область,2012,375.84,0.4687971866454439,365920.8,101.7,92.9,1472.39,102.7
Мурманская область,2013,333.59,0.7808370248813763,402526.1,77.0,93.0,1593.08,99.8
Мурманская область,2014,331.01,1.8941999160502945,438309.7,81.1,93.0,1560.96,99.8
Мурманская область,2015,328.28,3.2423709985514817,543412.9,77.0,93.0,1373.41,106.8
Мурманская область,2016,319.78,0.816656299216392,640507.9,76.2,93.0,1393.24,106.6
Мурманская область,2017,317.91,0.9283362900978152,666306.4,103.5,93.0,1418.22,111.6
Мурманская область,2018,297.86,8.772443414902366,734566.5,102.6,93.0,1446.87,101.5
Мурманская область,2019,266.47,10.995544392973216,883121.0,94.4,93.0,1368.91,108.0
Мурманская область,2020,127.24,1.8342153128918135,1164918.2,106.5,93.1,1422.94,101.0
Мурманская область,2021,131.06,0.9532539851295088,1646950.9,106.5,93.1,1327.02,105.7
Мурманская область,2022,110.83,0.8487047680418766,1735233.4,89.6,93.0,1435.35,95.9
Мурманская область,2023,124.0,1.277163501854949,1714.6,106.1,93.0,1586.0,97.5
Ненецкий автономный округ,2000,1.12,0.4750083864475009,25320.1,90.6,62.3,4.72,108.99
Ненецкий автономный округ,2001,1.01,1.4095678882484115,32037.2,100.6,62.8,5.0,143.5
Ненецкий автономный округ,2002,1.11,1.8554135721566916,41322.8,90.6,63.4,6.0,111.9
Ненецкий автономный округ,2003,1.21,0.1433072689951518,599201.7,92.6,63.9,7.0,143.92
Ненецкий автономный округ,2004,1.19,0.6807488373620433,944926.1,98.3,64.7,7.0,142.6
Ненецкий автономный округ,2005,1.2,2.1194676452369614,1067007.7,96.9,65.3,11.0,115.4
Ненецкий автономный округ,2006,1.35,10.279376163596456,1605587.4,109.0,66.0,12.0,104.8
Ненецкий автономный округ,2007,1.57,0.5073994539970543,2336326.5,89.6,66.6,11.0,105.2
Ненецкий автономный округ,2008,1.59,1.357505323777499,2184301.8,106.6,67.2,18.0,107.7
Ненецкий автономный округ,2009,1.63,0.0627257203038615,3100503.1,99.9,67.0,28.0,128.1
Ненецкий автономный округ,2010,0.3,0.5641571922649685,3465406.9,112.1,67.9,30.0,96.5
Ненецкий автономный округ,2011,0.2,0.6164945811342836,3926593.4,109.7,69.0,30.0,83.9
Ненецкий автономный округ,2012,0.11,0.1536330651040224,3721264.5,106.6,69.9,28.97,89.3
Ненецкий автономный округ,2013,0.13,0.1690897163599742,4099188.4,81.5,70.7,33.48,96.5
Ненецкий автономный округ,2014,0.01,0.6312487366972213,4426058.3,95.7,71.7,9.22,105.9
Ненецкий автономный округ,2015,0.01,0.4733709371086761,5359728.6,110.6,72.3,14.09,110.2
Ненецкий автономный округ,2016,0.41,0.5955465146262499,6173733.5,132.1,72.3,13.93,115.3
Ненецкий автономный округ,2017,0.31,1.7495429677991232,6302095.4,88.7,72.6,14.9,96.9
Ненецкий автономный округ,2018,0.42,0.3428540753176363,7658795.0,103.3,72.9,15.13,96.5
Ненецкий автономный округ,2019,0.12,0.094280647373557,7954412.5,95.3,73.4,15.58,98.9
Ненецкий автономный округ,2020,0.09,1.5823730688680968,5547322.7,87.2,73.8,21.67,88.9
Ненецкий автономный округ,2021,0.0,0.0005801338240491,9866203.9,125.6,74.2,20.51,102.4
Ненецкий автономный округ,2022,0.0,0.0615619129271595,11786365.0,95.9,74.5,22.05,112.1
Ненецкий автономный округ,2023,0.0,0.1028936765076861,11995.4,102.8,74.8,20.0,93.7
Нижегородская область,2000,580.0,0.6300258243468477,29090.1,103.3,78.0,1295.0,92.6
Нижегородская область,2001,545.0,0.2998351890470699,41773.2,104.1,78.1,1268.0,98.0
Нижегородская область,2002,468.0,0.2711774812455913,48321.6,97.2,78.2,1235.0,104.3
Нижегородская область,2003,461.0,0.4863900138213661,59149.2,100.2,78.3,1202.0,106.4
Нижегородская область,2004,421.0,0.3311058639375468,69629.5,98.1,78.1,1188.0,101.6
Нижегородская область,2005,425.0,0.3250611479839599,87354.7,105.5,78.3,1197.0,103.3
Нижегородская область,2006,420.0,0.2909154200791482,110662.7,101.1,78.4,1174.0,108.9
Нижегородская область,2007,410.0,0.3222167665242504,140297.9,96.1,78.5,1193.0,100.5
Нижегородская область,2008,410.0,0.3443966855460377,175587.1,103.3,78.6,1150.0,90.4
Нижегородская область,2009,379.0,0.1803025457628791,164071.8,104.1,78.8,1121.0,77.9
Нижегородская область,2010,472.0,0.275491382660604,196792.5,78.3,78.9,1112.0,116.7
Нижегородская область,2011,461.0,0.319824617851666,233524.0,121.7,79.0,1064.0,107.7
Нижегородская область,2012,451.37,0.641493216242547,256111.3,97.9,79.1,1040.73,104.1
Нижегородская область,2013,524.59,0.6307580562527157,282292.6,97.2,79.2,997.14,104.5
Нижегородская область,2014,396.93,0.8349906053741005,309244.3,104.9,79.4,880.15,100.6
Нижегородская область,2015,389.6,0.2246868491110976,339831.4,100.8,79.5,858.31,102.5
Нижегородская область,2016,377.14,0.1920677244083948,396361.6,99.0,79.5,788.69,105.4
Нижегородская область,2017,369.9,0.17708357875438,430967.0,100.2,79.5,746.67,104.8
Нижегородская область,2018,363.24,0.4326904219414732,469309.3,99.6,79.6,758.34,102.3
Нижегородская область,2019,312.66,0.3737236435685833,508283.2,103.8,79.7,693.12,105.3
Нижегородская область,2020,320.54,1.2605832009754967,506541.7,105.0,79.8,671.92,95.3
Нижегородская область,2021,301.7,0.6559054036441916,617664.1,92.9,79.9,685.8,113.6
Нижегородская область,2022,300.82,1.1425931534428448,739124.7,112.0,80.0,671.9,101.3
Нижегородская область,2023,315.0,1.246046895905902,870.1,111.1,80.0,694.0,111.8
Новгородская область,2000,97.0,0.1554134172807708,29347.0,107.6,69.6,109.0,108.9
Новгородская область,2001,95.0,0.12402458092433,38975.3,105.8,69.7,114.0,104.8
Новгородская область,2002,93.0,0.1232823166003534,45178.5,96.8,69.9,113.0,101.1
Новгородская область,2003,81.0,0.3522741894400722,55387.3,91.5,70.2,112.0,111.2
Новгородская область,2004,81.0,0.2700483121218952,72549.3,100.8,70.4,114.0,109.65
Новгородская область,2005,78.0,0.2994034296919416,95286.2,98.7,70.8,109.0,108.35
Новгородская область,2006,78.0,0.3540530512333865,113246.4,89.1,71.2,108.0,101.66
Новгородская область,2007,75.0,0.2012348713262232,132334.8,98.2,71.3,107.0,106.4
Новгородская область,2008,73.0,0.1495814273418834,177472.4,105.5,71.2,106.0,102.3
Новгородская область,2009,74.0,0.1871922521451023,183196.9,116.0,70.5,105.0,87.7
Новгородская область,2010,97.0,0.0971337704598933,200248.6,124.8,70.7,108.0,116.1
Новгородская область,2011,92.0,0.1911071133628862,243130.1,114.5,70.7,102.0,110.9
Новгородская область,2012,86.86,0.2745261910944359,272065.9,104.0,70.7,94.93,104.4
Новгородская область,2013,72.64,0.9355618530786312,287036.7,89.0,70.8,122.39,105.4
Новгородская область,2014,74.33,0.4385350379638459,338150.7,109.5,71.3,87.36,112.9
Новгородская область,2015,76.31,1.4563369115205038,380459.4,114.4,71.3,88.02,102.7
Новгородская область,2016,77.98,0.2967566214383491,413626.0,104.8,71.4,91.47,103.8
Новгородская область,2017,28.47,0.5954680523317318,422137.6,93.2,71.7,90.53,105.4
Новгородская область,2018,26.43,0.4495517554477084,431838.2,102.4,72.2,95.18,101.0
Новгородская область,2019,25.4,0.5867911090983463,460231.8,99.6,72.5,92.93,103.0
Новгородская область,2020,23.29,0.3835023363425058,473600.1,95.2,72.7,98.08,102.5
Новгородская область,2021,22.5,0.2763360289159164,590942.9,93.0,73.0,95.92,106.8
Новгородская область,2022,22.24,0.4012060008948325,657673.6,100.4,73.1,98.04,92.5
Новгородская область,2023,21.0,0.2913075616411157,712.9,99.6,73.2,95.0,102.7
Новосибирская область,2000,78.0,0.2138468631227547,26472.3,128.1,74.8,901.0,110.7
Новосибирская область,2001,74.0,0.1620534969448755,35177.3,110.8,75.0,823.0,107.3
Новосибирская область,2002,76.0,0.1889685541233867,45659.6,96.5,75.1,835.0,103.7
Новосибирская область,2003,79.0,0.3130660232290348,57360.1,93.3,75.3,866.0,111.1
Новосибирская область,2004,74.0,0.1744027291299907,71843.4,94.1,75.5,776.0,110.9
Новосибирская область,2005,72.0,0.0972270583367108,88475.5,94.9,75.8,764.0,107.0
Новосибирская область,2006,73.0,0.1991230289345733,111679.3,94.6,76.1,750.0,110.7
Новосибирская область,2007,101.0,0.2437587543826628,138199.1,109.2,76.3,719.0,110.7
Новосибирская область,2008,105.0,0.4316732903473871,171430.3,102.4,76.6,777.0,102.4
Новосибирская область,2009,98.0,0.4977335224572062,160210.4,111.6,76.9,703.0,89.1
Новосибирская область,2010,107.0,0.254787306928783,181732.7,89.0,77.3,676.0,108.3
Новосибирская область,2011,94.0,0.3657617111634772,223561.2,107.4,77.6,599.0,105.0
Новосибирская область,2012,112.53,0.1821406186054049,269643.5,81.5,77.9,622.06,109.0
Новосибирская область,2013,114.65,0.266531352815178,300099.4,112.0,78.3,569.61,101.4
Новосибирская область,2014,109.35,0.4057883395758868,332027.1,95.7,78.6,567.06,100.3
Новосибирская область,2015,106.96,0.4926229830403559,369957.0,103.8,78.9,578.37,101.0
Новосибирская область,2016,96.91,0.1817299768969832,386697.1,101.3,79.1,585.74,101.3
Новосибирская область,2017,94.01,0.20155838147682,422134.2,109.0,79.2,563.86,101.8
Новосибирская область,2018,88.9,0.1550529178351685,464408.8,99.2,79.4,548.72,105.2
Новосибирская область,2019,85.49,0.4986887197033707,474511.4,104.1,79.5,601.16,104.6
Новосибирская область,2020,82.53,0.1535900059933002,483951.6,102.4,79.5,541.22,96.7
Новосибирская область,2021,80.51,0.1048084764879935,581842.5,113.5,79.7,538.79,113.7
Новосибирская область,2022,77.2,0.2995675778745774,693656.0,103.0,79.7,589.38,102.5
Новосибирская область,2023,81.0,0.2295997962855867,793.9,86.9,79.8,625.0,108.5
Омская область,2000,221.0,1.057785628003581,21643.1,110.5,68.3,325.0,112.61
Омская область,2001,229.0,2.607333141574728,29219.2,136.7,68.6,319.0,112.12
Омская область,2002,226.0,1.03879888198798,44424.1,96.6,68.7,325.0,110.32
Омская область,2003,223.0,0.493439682863961,55729.2,99.1,69.1,326.0,110.96
Омская область,2004,219.0,0.2487985885327096,94389.6,101.0,69.8,323.0,112.6
Омская область,2005,214.0,0.2484010547107407,108970.6,100.9,70.4,300.0,113.2
Омская область,2006,203.0,0.3757419143968515,130614.3,101.2,70.8,285.0,110.8
Омская область,2007,207.0,0.2784707134717793,148129.3,104.0,71.0,272.0,109.1
Омская область,2008,194.0,0.2940280417287425,174709.8,91.3,71.2,278.0,101.4
Омская область,2009,193.0,0.6994201801227385,169327.8,119.2,71.2,259.0,93.3
Омская область,2010,177.0,0.5052880086895524,193216.0,84.9,71.5,258.0,106.4
Омская область,2011,170.0,0.4175097271092829,228634.9,115.5,71.7,231.0,104.0
Омская область,2012,157.81,0.8338581132824803,249428.4,78.5,71.8,214.7,103.1
Омская область,2013,158.98,0.3953219304954924,280429.7,124.0,72.1,200.91,103.2
Омская область,2014,151.79,0.8952978326934175,306365.2,93.3,72.3,205.79,103.5
Омская область,2015,139.41,0.9456905425852944,314306.3,99.9,72.6,185.52,100.4
Омская область,2016,135.85,0.3729136954569543,341344.5,97.5,72.8,184.46,97.1
Омская область,2017,129.88,3.698263368092649,358909.4,104.8,73.0,185.9,99.4
Омская область,2018,130.46,2.251310868648489,380834.5,101.1,73.1,188.72,104.2
Омская область,2019,125.47,2.3314212651563104,403479.5,96.6,73.3,176.73,99.5
Омская область,2020,126.07,1.9593019632850583,407371.0,100.2,73.4,179.8,100.5
Омская область,2021,121.33,1.4934089706839109,426871.8,101.8,73.5,177.21,103.3
Омская область,2022,121.19,3.1930499818701974,514203.2,100.4,73.6,178.73,105.7
Омская область,2023,124.0,1.9662157014341184,578.9,92.5,73.8,176.0,106.2
Оренбургская область,2000,153.0,0.6480877824249147,34585.2,111.0,57.5,1826.0,111.0
Оренбургская область,2001,154.0,0.5772488120580075,38769.3,103.4,57.8,1686.0,100.62
Оренбургская область,2002,154.0,0.6955859103336607,43145.6,101.6,57.8,1734.0,108.9
Оренбургская область,2003,152.0,0.3907254590130249,53548.8,107.2,58.0,1775.0,116.8
Оренбургская область,2004,150.0,0.533081935309551,79522.8,96.6,58.3,1771.0,112.7
Оренбургская область,2005,149.0,0.63941236249532,101110.3,93.5,58.5,1598.0,104.0
Оренбургская область,2006,144.0,0.7907174305600504,145532.5,105.2,58.9,1826.0,108.1
Оренбургская область,2007,142.0,1.1098424318966007,179882.4,117.4,59.1,1850.0,102.2
Оренбургская область,2008,137.0,1.211592121446499,209769.6,115.1,59.2,1813.0,100.2
Оренбургская область,2009,136.0,0.8363770045876163,202332.4,89.9,59.4,1625.0,99.5
Оренбургская область,2010,122.0,1.0265459830001566,224937.2,73.2,59.7,1653.0,106.7
Оренбургская область,2011,132.0,0.9473662390124792,273345.6,149.0,59.8,1920.0,102.5
Оренбургская область,2012,126.68,0.9813212060004748,312741.8,84.4,59.7,1973.26,100.6
Оренбургская область,2013,120.13,1.181152843706992,359328.3,108.3,59.8,1495.2,96.9
Оренбургская область,2014,115.91,1.3429290951987187,369142.8,98.3,59.6,1486.57,101.2
Оренбургская область,2015,109.48,0.8897174713447278,393935.3,100.7,59.5,1315.41,92.5
Оренбургская область,2016,107.54,0.8545707107837425,416823.3,110.9,59.4,1193.53,95.3
Оренбургская область,2017,105.15,0.5096333638117856,450009.9,108.9,59.4,979.96,101.4
Оренбургская область,2018,102.13,0.383174644082861,551255.2,90.4,59.4,1010.5,101.6
Оренбургская область,2019,95.9,0.2328494779990008,581010.8,102.1,59.6,904.33,103.4
Оренбургская область,2020,93.97,0.817783564273556,554155.2,108.4,59.7,805.63,98.4
Оренбургская область,2021,97.33,0.864608371674725,754958.8,82.0,59.7,670.93,99.6
Оренбургская область,2022,96.37,0.2667971645569104,850040.2,144.1,59.9,572.29,97.2
Оренбургская область,2023,99.0,0.6014164522107385,961.3,95.7,60.0,846.0,103.7
Орловская область,2000,85.0,0.1894317894660842,25168.4,136.9,63.2,139.0,104.1
Орловская область,2001,86.0,0.1247017172975008,31676.1,97.2,63.4,132.0,97.8
Орловская область,2002,80.0,0.0655499279251992,41322.8,104.2,63.6,130.0,99.0
Орловская область,2003,79.0,0.0599487085633881,49342.3,99.6,63.9,130.0,110.4
Орловская область,2004,78.0,0.0104946972675127,54740.1,97.4,64.4,135.0,112.5
Орловская область,2005,68.0,0.0292964335610423,64180.4,99.8,64.7,122.0,110.1
Орловская область,2006,70.0,0.0698689538529912,79341.5,91.8,65.0,121.0,103.0
Орловская область,2007,63.0,0.0237882160070141,95387.1,104.0,65.2,118.0,97.9
Орловская область,2008,61.0,0.0107375718812163,120531.4,125.1,65.4,110.0,97.3
Орловская область,2009,60.0,0.0459480753357845,113848.8,100.5,65.4,99.0,76.2
Орловская область,2010,50.0,0.1108057030020706,134533.8,85.1,65.5,84.0,118.1
Орловская область,2011,54.0,0.1346085540807724,167501.7,129.2,65.7,83.0,107.8
Орловская область,2012,52.84,0.3177295226935481,187787.5,104.5,65.8,80.06,106.4
Орловская область,2013,54.42,0.0252000946619173,213467.3,106.3,65.9,78.38,100.4
Орловская область,2014,54.22,0.6107998713808386,233349.5,108.7,66.3,83.76,104.9
Орловская область,2015,51.26,0.241376761867076,273699.1,94.1,66.6,76.65,100.2
Орловская область,2016,52.25,0.0666991610490889,302660.0,109.8,66.7,76.71,98.9
Орловская область,2017,51.73,0.3291134327686588,308718.9,100.9,66.8,76.1,96.4
Орловская область,2018,56.62,0.1216901283055213,333661.2,106.8,66.8,75.94,100.1
Орловская область,2019,46.51,0.2066016989705073,363618.0,108.5,66.8,69.06,106.8
Орловская область,2020,45.63,0.4156892037257714,389873.7,111.3,66.7,67.54,111.4
Орловская область,2021,43.68,0.2557545671883762,472765.6,98.7,66.7,66.92,110.4
Орловская область,2022,43.57,0.1412339294925239,524570.9,107.3,66.6,66.17,99.5
Орловская область,2023,45.0,0.1433533373261062,572.6,114.3,66.5,65.0,103.6
Пензенская область,2000,144.0,0.0632705095821751,16900.3,102.7,64.8,281.0,101.8
Пензенская область,2001,149.0,0.1038168994606555,22547.8,107.1,64.9,291.0,106.6
Пензенская область,2002,148.0,0.0751740607446772,28554.2,102.8,65.1,329.0,100.3
Пензенская область,2003,143.0,0.0908826372073205,33304.2,106.9,65.3,293.0,117.4
Пензенская область,2004,147.0,0.1394132138257661,41595.8,106.3,65.6,294.0,105.2
Пензенская область,2005,139.0,0.185102746403775,52163.8,99.4,65.8,276.0,105.9
Пензенская область,2006,137.0,0.025354428241653,62719.8,108.2,66.1,280.0,115.0
Пензенская область,2007,128.0,0.8790720714669532,84558.3,104.1,66.3,257.0,106.4
Пензенская область,2008,124.0,0.058340299702678,105477.2,113.0,66.6,267.0,110.2
Пензенская область,2009,116.0,0.066023666797794,105487.4,105.2,66.8,258.0,97.7
Пензенская область,2010,111.0,0.1629821562474044,124020.7,70.6,67.2,235.0,113.0
Пензенская область,2011,108.0,0.0733787345150824,154681.7,151.5,67.6,241.0,115.4
Пензенская область,2012,105.19,0.0210282856696358,175086.6,100.6,67.7,213.9,110.0
Пензенская область,2013,100.45,0.0814497139442561,198668.1,104.9,67.9,195.57,104.7
Пензенская область,2014,95.43,0.038982016923933,218094.7,103.0,68.0,193.57,108.3
Пензенская область,2015,92.02,0.2720905569766107,254938.6,115.7,68.1,174.97,104.8
Пензенская область,2016,93.88,0.0979109480257534,267664.3,106.3,68.1,176.94,104.5
Пензенская область,2017,92.69,0.0995529629367665,283036.5,96.0,68.2,202.32,109.1
Пензенская область,2018,92.35,0.2187285218769395,312421.6,102.3,68.4,182.71,104.7
Пензенская область,2019,90.54,0.0448273225050058,344672.1,115.1,68.6,170.01,112.3
Пензенская область,2020,96.03,0.0922251371431565,376779.9,114.4,68.7,179.52,117.6
Пензенская область,2021,97.42,0.1349418032207167,425303.8,94.7,68.7,186.81,115.5
Пензенская область,2022,95.8,0.0467950388397085,472849.7,106.6,68.8,172.2,102.0
Пензенская область,2023,98.0,0.0649948680035957,530.9,107.7,68.9,199.0,112.4
Пермский край,2000,401.0,1.1201251468074511,43273.2,96.6,75.4,2341.0,94.8
Пермский край,2001,390.0,1.1315248969745222,58570.7,103.0,75.3,2663.0,99.3
Пермский край,2002,378.0,0.894472488783824,63032.2,93.3,75.1,2513.0,98.7
Пермский край,2003,380.0,1.8061733875457116,74783.8,98.3,75.2,2630.0,108.9
Пермский край,2004,340.0,0.7149192023757358,96240.2,91.1,75.3,2674.0,105.2
Пермский край,2005,317.0,0.3667879414544358,119654.0,93.8,75.2,2741.0,100.8
Пермский край,2006,302.0,1.0066977599349194,141864.8,100.4,75.4,2699.0,104.2
Пермский край,2007,279.0,1.715851720259476,178096.8,94.8,75.5,2895.0,89.4
Пермский край,2008,367.0,1.3224493371094406,227719.0,97.5,75.2,2834.0,100.3
Пермский край,2009,314.0,1.1687000480705554,203364.2,101.6,74.8,2557.0,85.5
Пермский край,2010,313.0,0.7326520485404984,235930.6,90.7,75.0,2472.0,111.3
Пермский край,2011,397.0,0.3868134442390327,319297.1,121.2,75.1,2393.0,116.4
Пермский край,2012,406.93,1.0089389960535493,327240.1,92.4,75.3,1959.18,102.3
Пермский край,2013,410.46,1.2761646387153678,334841.7,95.4,75.5,2154.3,103.9
Пермский край,2014,397.81,7.920544072944896,370820.6,101.0,75.7,2141.76,103.9
Пермский край,2015,382.97,4.990973512105836,405495.5,96.4,75.7,1935.84,99.5
Пермский край,2016,357.78,0.8450900374161099,438303.1,97.4,75.8,1592.82,98.8
Пермский край,2017,317.13,0.5843898859464345,477302.9,101.8,75.8,1602.64,102.5
Пермский край,2018,211.96,0.8823740360437436,547866.9,105.0,75.8,1469.84,100.3
Пермский край,2019,209.51,0.7507015831447365,579554.0,95.0,75.8,1251.39,98.9
Пермский край,2020,194.19,0.6785026193694385,540576.6,105.7,75.7,1103.1,97.5
Пермский край,2021,156.92,1.083919396685085,695592.3,96.7,75.7,1256.6,104.3
Пермский край,2022,134.62,1.335784295613762,795795.4,106.7,75.7,1310.46,98.4
Пермский край,2023,124.0,1.8410149438844872,878.3,91.5,75.8,1362.0,105.9
Приморский край,2000,459.0,0.154935132915113,29139.9,90.8,77.7,631.0,101.0
Приморский край,2001,436.0,0.2503053163632269,34628.0,112.8,78.3,638.0,86.0
Приморский край,2002,418.0,0.1563951284850199,46632.5,102.9,78.3,575.0,103.0
Приморский край,2003,389.0,0.2967079710090276,57986.3,111.6,78.4,562.0,103.1
Приморский край,2004,346.0,0.3532751897392731,74713.1,100.2,75.6,501.0,117.8
Приморский край,2005,348.0,0.2097759497340364,92504.2,96.1,75.7,501.0,119.7
Приморский край,2006,337.0,0.8080772679109952,108099.2,104.2,75.8,495.0,112.6
Приморский край,2007,339.0,0.4298050427460629,130632.0,101.1,75.8,498.0,102.1
Приморский край,2008,340.0,0.2533679278568989,160416.7,108.5,75.9,539.0,114.6
Приморский край,2009,337.0,0.6146708087091294,187556.4,107.9,76.0,641.0,97.3
Приморский край,2010,371.0,2.103952755932278,240220.7,103.2,76.1,708.0,116.0
Приморский край,2011,336.0,2.9241697815699115,281770.8,109.9,76.5,678.0,121.0
Приморский край,2012,317.95,7.317279452717747,286502.7,97.4,76.8,688.73,115.3
Приморский край,2013,284.84,0.4494551182313174,297982.4,97.3,77.1,611.46,104.4
Приморский край,2014,290.4,0.6683742643087187,333071.7,111.8,77.3,619.69,107.1
Приморский край,2015,290.92,0.9387469431511466,373412.6,93.8,77.5,578.84,87.6
Приморский край,2016,275.68,0.3143391825963553,449626.2,99.2,77.6,594.09,97.8
Приморский край,2017,268.25,0.472343078459391,475867.3,113.4,77.8,521.85,118.7
Приморский край,2018,265.95,0.4335335228339078,510201.6,92.3,78.0,522.3,96.4
Приморский край,2019,258.9,0.8711954122330912,568198.1,91.1,78.2,487.82,118.2
Приморский край,2020,260.96,1.2140606541213013,591923.4,102.5,78.3,489.01,80.5
Приморский край,2021,250.66,0.8527347510282665,731915.2,117.6,78.5,456.75,122.2
Приморский край,2022,243.51,0.9855338969953752,840706.9,116.1,78.4,440.25,99.8
Приморский край,2023,238.0,0.5123597756507033,1027.4,87.0,78.4,436.0,98.8
Псковская область,2000,73.0,0.4935514775417364,20544.7,98.5,65.6,430.0,108.49
Псковская область,2001,73.0,0.120297266813961,25031.4,98.1,65.9,487.0,105.2
Псковская область,2002,74.0,0.1148475656565237,31547.3,93.7,66.2,425.0,106.61
Псковская область,2003,73.0,0.1490694646030303,39190.7,85.2,66.9,332.0,102.7
Псковская область,2004,69.0,0.0416908644181371,48358.5,102.8,67.8,294.0,103.6
Псковская область,2005,61.0,0.0504301072619255,55772.9,86.9,68.3,292.0,98.7
Псковская область,2006,60.0,0.0910290314369599,72029.1,91.5,68.8,338.0,108.2
Псковская область,2007,57.0,0.3144477347190389,87456.7,95.2,69.2,292.0,108.0
Псковская область,2008,57.0,0.587485262652286,105449.0,99.4,69.6,334.0,105.1
Псковская область,2009,54.0,0.1321887584094909,108797.9,102.7,69.8,317.0,89.6
Псковская область,2010,52.0,0.0897480072588611,128685.1,101.4,70.2,335.0,117.4
Псковская область,2011,45.0,0.0380433538809036,150372.7,105.2,70.1,266.0,116.3
Псковская область,2012,39.79,0.0108370719914456,162494.1,105.7,70.2,254.29,99.6
Псковская область,2013,38.84,0.2581355154774923,175067.2,112.8,70.1,263.08,100.6
Псковская область,2014,36.96,0.0823346706981432,191022.0,122.8,70.3,174.16,94.4
Псковская область,2015,35.39,0.0598094491624118,210766.7,113.3,70.3,136.46,102.8
Псковская область,2016,37.18,0.0472670331099122,250434.0,119.8,70.4,85.45,104.5
Псковская область,2017,37.06,0.0031659593351183,263558.4,112.0,70.5,140.99,107.1
Псковская область,2018,33.6,0.0006551198111218,290740.4,110.9,70.7,67.17,100.1
Псковская область,2019,35.09,0.019821457360777,319726.3,117.9,70.7,73.48,106.9
Псковская область,2020,33.9,0.1662933622526538,331405.5,108.6,70.7,65.54,96.3
Псковская область,2021,32.54,0.0805520513112118,378939.1,97.3,70.9,69.01,105.6
Псковская область,2022,31.59,0.0833666963053999,435172.2,93.3,70.9,53.01,99.4
Псковская область,2023,34.0,0.0139587878787878,494.0,98.7,70.8,68.0,112.6
Республика Адыгея (Адыгея),2000,50.0,0.0434886585984491,12315.1,100.9,52.8,150.0,118.1
Республика Адыгея (Адыгея),2001,35.0,0.016862898611822,14858.6,99.6,52.7,88.0,102.29
Республика Адыгея (Адыгея),2002,35.0,0.0644255932439095,17707.5,94.6,52.6,65.0,92.24
Республика Адыгея (Адыгея),2003,24.0,1.4060491608540708,22091.7,91.1,52.3,63.0,107.33
Республика Адыгея (Адыгея),2004,24.0,0.130390932667371,28133.2,114.7,51.9,74.0,133.2
Республика Адыгея (Адыгея),2005,24.0,0.8384118949327914,38514.5,115.1,51.4,76.0,105.3
Республика Адыгея (Адыгея),2006,23.0,0.4359902330071359,48050.2,109.7,51.1,97.0,118.3
Республика Адыгея (Адыгея),2007,21.0,2.279250200274367,66366.2,109.2,50.9,87.0,118.2
Республика Адыгея (Адыгея),2008,21.0,3.7928898777895856,82378.2,116.6,51.1,94.0,116.6
Республика Адыгея (Адыгея),2009,29.0,2.0343808342266603,94436.5,106.5,51.0,100.0,103.8
Республика Адыгея (Адыгея),2010,29.0,0.4410302047908125,107297.5,98.2,50.9,119.0,115.2
Республика Адыгея (Адыгея),2011,28.0,0.4929819218249644,128374.2,98.4,50.8,124.0,107.2
Республика Адыгея (Адыгея),2012,28.39,1.0231420481344675,145958.8,101.6,50.7,133.61,108.7
Республика Адыгея (Адыгея),2013,25.78,0.6991602022514087,156745.1,108.9,50.6,174.42,102.7
Республика Адыгея (Адыгея),2014,24.42,1.3724883467222055,165414.0,100.3,50.5,144.55,118.5
Республика Адыгея (Адыгея),2015,25.78,0.6625257988755249,182243.9,107.8,50.6,171.99,103.1
Республика Адыгея (Адыгея),2016,25.51,0.3951927099869736,216232.8,97.9,50.4,172.94,111.7
Республика Адыгея (Адыгея),2017,23.15,0.7484133820051132,232839.8,100.4,50.2,164.06,102.7
Республика Адыгея (Адыгея),2018,24.66,0.1219863323157871,252776.7,98.2,49.9,191.93,105.3
Республика Адыгея (Адыгея),2019,23.46,0.0,272001.2,108.1,50.0,201.34,101.6
Республика Адыгея (Адыгея),2020,23.53,0.0,292264.5,106.5,49.6,186.58,105.9
Республика Адыгея (Адыгея),2021,23.63,0.0,346689.2,95.2,49.5,181.09,112.5
Республика Адыгея (Адыгея),2022,24.09,0.0,395639.8,98.8,49.0,171.5,112.8
Республика Адыгея (Адыгея),2023,23.0,0.0,446.7,101.6,48.7,148.0,107.2
Республика Алтай,2000,0.55,0.0006063926940639,13505.1,98.8,26.1,11.0,98.6
Республика Алтай,2001,0.55,0.0,22164.4,98.8,26.5,8.0,110.7
Республика Алтай,2002,0.42,0.0,26160.6,109.1,26.4,8.0,101.4
Республика Алтай,2003,0.67,0.0,34042.3,105.4,26.3,8.0,96.7
Республика Алтай,2004,0.36,0.0,42067.6,98.0,26.0,9.0,117.2
Республика Алтай,2005,0.5,0.0,43592.3,94.9,26.2,8.0,100.6
Республика Алтай,2006,0.37,0.0,57555.4,106.5,26.7,8.0,107.4
Республика Алтай,2007,0.42,0.0,74633.6,115.6,26.9,8.0,106.5
Республика Алтай,2008,0.46,0.0,91713.1,101.4,27.1,9.0,104.2
Республика Алтай,2009,0.26,0.0,97112.1,106.0,27.5,8.0,89.6
Республика Алтай,2010,0.3,0.0211413031343636,108729.5,101.6,27.7,8.0,96.5
Республика Алтай,2011,0.3,1.1278657205240177,127452.9,110.0,28.9,8.0,108.1
Республика Алтай,2012,0.31,0.7988007725507972,146447.1,101.0,29.3,10.06,104.4
Республика Алтай,2013,0.24,0.7388898794782895,159790.5,100.6,29.6,7.7,96.5
Республика Алтай,2014,0.35,0.8391401794758611,187384.9,96.3,29.9,6.86,105.6
Республика Алтай,2015,0.39,0.5162154547416501,200875.3,98.0,30.1,8.87,125.2
Республика Алтай,2016,0.38,1.377757726905717,225265.0,101.4,30.2,6.99,149.0
Республика Алтай,2017,0.32,1.7511318759397876,229400.6,94.7,30.2,6.32,109.9
Республика Алтай,2018,0.31,0.6964123885228984,256230.0,98.4,30.5,6.83,102.5
Республика Алтай,2019,0.33,0.4646239310248142,270282.7,98.2,30.8,6.98,101.3
Республика Алтай,2020,0.38,0.36059684204497,297548.1,94.8,30.9,6.1,130.9
Республика Алтай,2021,0.31,0.3042325273038138,353184.5,94.8,31.0,6.35,101.1
Республика Алтай,2022,0.29,0.4022880607588083,434627.5,101.2,30.8,6.81,101.3
Республика Алтай,2023,0.3,1.01151320192179,514.0,95.4,30.6,7.0,109.4
Республика Башкортостан,2000,457.0,1.3830052713178294,35245.9,98.4,64.1,880.0,108.0
Республика Башкортостан,2001,447.0,2.207959284874125,40609.7,114.1,64.1,863.0,106.5
Республика Башкортостан,2002,426.0,1.9563346787888984,45756.0,108.4,64.1,842.0,100.4
Республика Башкортостан,2003,408.0,1.3332116474319784,59274.3,104.2,64.2,823.0,104.6
Республика Башкортостан,2004,392.0,1.531055499990188,76042.5,100.6,59.8,805.0,103.7
Республика Башкортостан,2005,388.0,1.5671511202120283,93683.1,98.9,59.8,778.0,106.2
Республика Башкортостан,2006,383.0,1.7541596117859295,124439.6,108.7,59.8,799.0,108.0
Республика Башкортостан,2007,383.0,1.696037668410405,145543.9,102.6,60.0,796.0,105.8
Республика Башкортостан,2008,381.0,1.2766612966124251,183168.7,102.3,60.1,768.0,107.6
Республика Башкортостан,2009,359.0,0.8223940361009069,159428.7,99.3,60.3,719.0,98.3
Республика Башкортостан,2010,341.0,1.1596428124061104,186522.0,64.7,60.6,745.0,110.1
Республика Башкортостан,2011,321.0,0.7378692032803429,231077.6,139.8,60.8,784.0,109.8
Республика Башкортостан,2012,311.23,0.6460106556151874,282038.4,85.5,60.9,794.77,105.7
Республика Башкортостан,2013,305.1,1.526510681995394,284639.1,114.5,61.2,781.56,102.3
Республика Башкортостан,2014,297.86,1.763813759791189,307280.3,99.7,61.4,765.94,103.9
Республика Башкортостан,2015,277.11,2.036103868583151,320352.1,103.0,61.4,756.36,101.3
Республика Башкортостан,2016,283.24,2.898415842336388,345331.5,100.7,61.5,783.63,102.9
Республика Башкортостан,2017,259.98,1.6859919482070007,361070.3,103.3,61.5,749.62,104.2
Республика Башкортостан,2018,243.33,1.165871768335406,422133.4,99.4,61.6,752.9,101.1
Республика Башкортостан,2019,236.02,0.7955635979980721,438183.0,102.2,61.8,783.39,104.8
Республика Башкортостан,2020,175.52,2.152078955503035,412767.7,103.6,61.8,673.85,99.1
Республика Башкортостан,2021,174.48,0.9677743867792824,492450.9,84.8,62.1,681.68,104.4
Республика Башкортостан,2022,166.78,1.2432538087025649,549048.0,129.2,62.3,739.55,103.6
Республика Башкортостан,2023,170.0,0.929971327530229,604.3,88.8,62.6,740.0,108.5
Республика Бурятия,2000,120.0,0.5954061507798558,21555.1,102.1,59.8,485.0,118.8
Республика Бурятия,2001,121.0,0.3954035065552567,30314.6,100.3,59.7,527.0,109.7
Республика Бурятия,2002,70.0,0.4667531576238303,38524.0,97.8,59.6,650.0,111.8
Республика Бурятия,2003,67.0,0.2830149826710836,53479.2,96.6,58.7,395.0,108.4
Республика Бурятия,2004,66.0,0.1766108403670299,65707.2,100.9,57.4,394.0,102.1
Республика Бурятия,2005,61.0,0.3083119195759342,77313.2,99.4,56.4,414.0,107.9
Республика Бурятия,2006,52.0,0.6186513492177721,94965.1,100.7,56.0,364.0,108.4
Республика Бурятия,2007,50.0,0.2112144226652519,111354.0,101.3,56.1,485.0,108.6
Республика Бурятия,2008,46.0,0.4328326859790681,129145.4,101.5,56.0,569.0,107.6
Республика Бурятия,2009,45.0,0.5515056395987382,125172.5,97.6,57.8,416.0,99.3
Республика Бурятия,2010,41.0,1.4343931051423846,137564.9,100.1,58.5,499.0,120.2
Республика Бурятия,2011,8.0,0.5894393522891266,158143.4,101.6,58.8,460.0,114.2
Республика Бурятия,2012,34.56,0.1925025586113205,169608.1,101.9,59.0,507.56,103.2
Республика Бурятия,2013,32.47,0.2979936559049211,181975.1,101.9,59.2,517.8,114.9
Республика Бурятия,2014,37.89,0.939744285171178,191295.1,101.5,59.3,520.31,102.9
Республика Бурятия,2015,39.23,0.4173859623692335,207268.7,87.7,59.3,534.42,101.6
Республика Бурятия,2016,38.06,0.7453980393595713,225071.8,104.2,59.1,532.91,87.2
Республика Бурятия,2017,34.53,0.3212990902254333,228844.2,92.5,59.2,591.39,101.3
Республика Бурятия,2018,34.64,0.5212434439663607,263744.5,105.6,59.2,501.7,102.4
Республика Бурятия,2019,30.52,0.2137096632953939,291073.7,98.9,59.3,430.71,111.6
Республика Бурятия,2020,28.6,0.4760852363471118,308499.3,101.1,59.2,408.34,113.2
Республика Бурятия,2021,29.72,0.5323540461299755,363621.5,102.6,59.2,469.28,101.8
Республика Бурятия,2022,26.28,0.4162102062936163,457864.5,99.5,59.1,593.76,111.7
Республика Бурятия,2023,26.0,5.395128937439921,517.8,103.1,59.1,543.0,97.1
Республика Дагестан,2000,280.0,0.013352070397828,8489.7,107.6,42.4,3223.0,100.9
Республика Дагестан,2001,220.0,0.2476153943697692,12562.3,119.3,42.6,3427.0,102.9
Республика Дагестан,2002,77.0,0.2750662387490649,16195.5,107.0,42.8,3158.0,108.8
Республика Дагестан,2003,80.0,0.0463882193497111,22168.7,111.8,43.2,3186.0,94.7
Республика Дагестан,2004,79.0,0.1670424866563254,30629.6,108.9,43.4,3141.0,115.1
Республика Дагестан,2005,78.0,0.1469181115978532,33839.8,108.3,43.8,3322.0,136.3
Республика Дагестан,2006,75.0,0.4578503223831788,45741.7,104.1,44.2,3370.0,108.5
Республика Дагестан,2007,75.0,0.0660709952538985,56812.6,105.1,44.4,3234.0,133.1
Республика Дагестан,2008,75.0,0.0701106357951739,77033.8,104.0,44.6,3109.0,104.1
Республика Дагестан,2009,76.0,0.2132698839208525,90542.5,104.0,44.8,2912.0,103.2
Республика Дагестан,2010,77.0,0.4001214488424088,94883.6,104.1,45.2,3030.0,91.2
Республика Дагестан,2011,78.0,0.297403333950911,112953.7,106.0,45.1,2592.0,92.3
Республика Дагестан,2012,79.38,0.4514954085863132,127273.4,102.3,45.1,2252.56,100.4
Республика Дагестан,2013,77.33,0.0498579983934011,152776.7,103.4,45.0,2211.57,154.0
Республика Дагестан,2014,77.74,0.0078403798449362,176634.1,109.6,45.0,2863.87,100.7
Республика Дагестан,2015,79.28,0.0371742848595979,188590.2,104.8,45.1,2406.78,105.2
Республика Дагестан,2016,76.92,0.0101241346166924,202693.3,105.8,45.2,2449.33,135.2
Республика Дагестан,2017,71.91,0.0114601213141306,208042.6,105.3,45.2,2558.51,103.2
Республика Дагестан,2018,71.48,0.0013201475370262,218099.5,101.1,45.3,2417.82,94.8
Республика Дагестан,2019,73.25,0.0,228250.0,100.7,45.3,2491.73,109.1
Республика Дагестан,2020,74.77,0.0096260955066341,234960.7,101.3,45.3,2500.59,109.4
Республика Дагестан,2021,74.9,0.0,252694.0,95.3,45.2,2372.75,110.5
Республика Дагестан,2022,70.99,0.0,285551.7,102.3,45.2,2380.51,109.4
Республика Дагестан,2023,74.0,0.0,321.2,105.9,45.2,2265.0,123.8
Республика Ингушетия,2000,1.42,0.0,6667.9,100.6,42.6,68.0,121.5
Республика Ингушетия,2001,0.94,0.0,8000.7,122.9,42.6,137.0,134.8
Республика Ингушетия,2002,1.13,0.0,7751.7,101.5,42.4,99.0,43.2
Республика Ингушетия,2003,1.44,0.0,10332.4,112.0,42.6,80.0,85.9
Республика Ингушетия,2004,1.37,0.0,14024.9,102.3,42.4,86.0,91.8
Республика Ингушетия,2005,1.6,0.0,17435.1,90.4,42.5,65.0,103.5
Республика Ингушетия,2006,1.86,0.0,21922.4,103.2,42.6,90.0,105.1
Республика Ингушетия,2007,1.89,0.0,41340.7,97.1,42.6,89.0,76.1
Республика Ингушетия,2008,1.26,0.0,47002.3,114.9,42.8,100.0,83.7
Республика Ингушетия,2009,3.14,0.0,46174.4,102.7,42.7,105.0,112.1
Республика Ингушетия,2010,2.7,0.0,48239.2,101.5,38.4,119.0,97.4
Республика Ингушетия,2011,4.3,0.0,63662.5,114.1,40.6,125.0,111.4
Республика Ингушетия,2012,4.15,0.0,86074.8,79.3,42.6,123.58,110.0
Республика Ингушетия,2013,4.06,0.0,102879.9,108.5,44.3,107.69,116.1
Республика Ингушетия,2014,3.83,1.4951163785297892,114212.7,108.1,45.9,108.5,102.8
Республика Ингушетия,2015,2.19,0.0,108133.7,104.1,47.6,105.62,100.4
Республика Ингушетия,2016,2.57,0.0714429452284512,123604.4,112.8,49.2,106.4,101.8
Республика Ингушетия,2017,2.72,0.4140936443198512,127623.9,87.6,50.3,106.28,110.4
Республика Ингушетия,2018,2.84,0.1036043647229361,139363.8,111.5,51.5,105.49,111.0
Республика Ингушетия,2019,2.73,1.0189506664715224,149849.4,101.3,52.7,104.02,109.2
Республика Ингушетия,2020,0.92,10.391434063344123,141618.3,98.0,53.8,103.98,97.9
Республика Ингушетия,2021,0.87,0.2926284634778238,141496.0,125.5,54.8,108.38,104.6
Республика Ингушетия,2022,0.83,0.1382752443531527,159603.5,123.5,54.8,108.89,105.2
Республика Ингушетия,2023,0.6,1.279798404736901,182.2,100.8,55.0,126.0,117.8
Республика Калмыкия,2000,28.0,0.8223577890094326,20183.7,139.9,43.0,433.0,105.9
Республика Калмыкия,2001,35.0,1.0286096256684492,22261.8,126.7,43.7,389.0,111.2
Республика Калмыкия,2002,37.0,1.3221841783204762,24676.8,109.4,44.3,363.0,99.6
Республика Калмыкия,2003,43.0,0.5042801437418764,22394.9,90.0,44.3,402.0,108.8
Республика Калмыкия,2004,37.0,0.7443564007747843,29105.7,135.1,44.0,396.0,95.0
Республика Калмыкия,2005,36.0,1.4260611003851038,33017.9,105.8,43.9,371.0,99.6
Республика Калмыкия,2006,41.0,0.904602113032443,43797.2,132.3,43.8,380.0,87.4
Республика Калмыкия,2007,38.0,0.7341081401154084,58925.2,104.3,43.9,399.0,93.9
Республика Калмыкия,2008,39.0,1.202047167587796,71450.7,101.0,44.0,368.0,90.3
Республика Калмыкия,2009,35.0,0.4537813020657171,82586.8,93.4,44.1,408.0,102.7
Республика Калмыкия,2010,29.0,0.0448039468777787,84359.4,105.1,44.1,371.0,113.3
Республика Калмыкия,2011,33.0,0.0397698397268637,101929.5,112.7,44.5,358.0,75.4
Республика Калмыкия,2012,20.45,2.307428310369995,125970.8,99.7,44.8,324.61,89.8
Республика Калмыкия,2013,26.25,0.7410210878421217,145760.6,101.6,45.0,289.57,108.3
Республика Калмыкия,2014,14.25,0.9828494063915204,166419.7,107.2,45.3,394.32,103.2
Республика Калмыкия,2015,12.1,0.0603704879856038,186387.4,101.3,45.4,397.35,99.7
Республика Калмыкия,2016,14.91,0.2146308014754715,250822.7,102.2,45.5,280.76,104.3
Республика Калмыкия,2017,14.9,0.0164069120357832,290646.4,101.1,45.6,330.88,103.3
Республика Калмыкия,2018,13.87,0.021842565827905,315286.0,92.0,45.8,290.64,98.5
Республика Калмыкия,2019,18.24,0.0556598780269904,328442.5,98.3,46.2,315.0,96.5
Республика Калмыкия,2020,14.73,0.0315551353403689,348863.1,89.7,46.5,286.0,100.3
Республика Калмыкия,2021,6.29,0.0690876484217189,382488.4,92.5,46.8,327.54,129.3
Республика Калмыкия,2022,11.69,0.0870995346397493,448137.3,96.7,47.0,323.12,118.6
Республика Калмыкия,2023,11.0,0.0,627.6,104.8,47.0,334.0,100.1
Республика Карелия,2000,205.0,1.3130379307167213,38539.2,102.3,74.5,199.0,115.8
Республика Карелия,2001,201.0,0.6158932659573206,46499.2,111.0,74.8,218.0,98.8
Республика Карелия,2002,198.0,0.4925497553333462,57575.7,95.6,75.1,214.0,95.5
Республика Карелия,2003,194.0,0.9941853102348414,65708.0,97.1,75.5,222.0,101.8
Республика Карелия,2004,209.0,0.7821607327834617,77509.7,85.4,75.9,225.0,110.5
Республика Карелия,2005,205.0,0.5085653382569549,112950.3,97.7,76.2,237.0,118.7
Республика Карелия,2006,207.0,0.7293178183579628,125613.2,100.5,76.6,236.0,101.8
Республика Карелия,2007,204.0,0.7848261001325962,157959.0,96.3,77.1,226.0,116.0
Республика Карелия,2008,197.0,1.7274864115575106,175465.8,103.1,77.5,221.0,97.0
Республика Карелия,2009,190.0,1.2252055953272205,162649.3,95.3,77.7,213.0,78.5
Республика Карелия,2010,190.0,2.7336249795662315,186651.2,97.5,78.1,203.0,108.9
Республика Карелия,2011,175.0,1.6546749125706584,242566.5,98.0,78.3,196.0,101.6
Республика Карелия,2012,177.6,0.2076286281836466,255152.1,91.9,78.6,188.34,102.0
Республика Карелия,2013,216.74,0.1377828234142911,287744.6,100.4,78.7,171.72,94.5
Республика Карелия,2014,219.73,0.4320134566229462,312541.8,96.6,79.0,174.55,101.7
Республика Карелия,2015,205.65,0.2021428015628427,352300.9,97.2,79.0,167.91,99.7
Республика Карелия,2016,221.23,0.2517947258890531,419854.6,89.9,79.1,161.97,103.7
Республика Карелия,2017,220.83,0.1592977243563113,467853.6,91.0,79.0,168.56,103.7
Республика Карелия,2018,180.2,0.0486721415017953,532104.8,102.9,79.0,181.44,103.9
Республика Карелия,2019,222.1,0.0307070992007522,574794.5,93.7,79.2,189.27,100.4
Республика Карелия,2020,170.9,0.0562924329220615,591114.7,101.5,79.2,185.72,105.5
Республика Карелия,2021,120.61,0.0643706677993163,833570.6,91.6,79.4,184.14,101.2
Республика Карелия,2022,112.18,0.0798879948289583,738326.4,104.7,79.7,187.38,93.1
Республика Карелия,2023,137.0,0.2849381440236744,825.9,99.9,79.9,183.0,100.2
Республика Коми,2000,146.0,3.479075413926632,56619.5,107.6,75.3,663.0,105.3
Республика Коми,2001,146.0,1.6130524486914974,75534.6,100.3,75.3,642.0,108.0
Республика Коми,2002,145.0,0.476751755999228,84101.9,89.2,75.3,617.0,97.4
Республика Коми,2003,141.0,0.4832933578474834,106304.1,96.3,75.3,587.0,102.8
Республика Коми,2004,136.0,0.6508883788795331,132733.1,99.4,75.6,588.0,105.3
Республика Коми,2005,133.0,1.0847063053975547,176075.2,97.6,75.8,568.0,104.1
Республика Коми,2006,126.0,0.9791057468349912,229053.7,102.7,76.0,568.0,105.0
Республика Коми,2007,121.0,0.2472053758959654,256586.2,92.9,76.1,543.0,106.3
Республика Коми,2008,116.0,0.4889756113608722,314251.6,106.5,76.3,542.0,102.9
Республика Коми,2009,107.0,3.998899313086774,329967.4,96.1,76.6,519.0,98.3
Республика Коми,2010,117.0,1.1888575199305926,390740.4,102.7,77.0,506.0,100.8
Республика Коми,2011,129.0,0.2364684042753532,489212.6,108.0,77.2,495.0,104.4
Республика Коми,2012,119.58,1.2504259982177277,547407.1,101.0,77.2,485.9,102.1
Республика Коми,2013,109.47,4.290133371370922,561081.0,94.1,77.3,475.91,102.4
Республика Коми,2014,110.64,5.425756635372336,572919.1,98.7,77.4,481.0,100.5
Республика Коми,2015,117.26,6.770456813866073,635806.4,101.6,77.5,485.74,101.6
Республика Коми,2016,110.11,4.6150226968295645,707578.4,104.4,77.6,491.1,96.0
Республика Коми,2017,262.24,3.171041701550098,757260.3,92.5,77.6,484.75,95.8
Республика Коми,2018,266.85,4.468258172227998,884160.8,103.3,77.6,473.58,102.0
Республика Коми,2019,268.62,2.357010560773288,931130.0,96.5,77.5,462.42,102.2
Республика Коми,2020,171.09,2.646421810797224,810217.9,115.2,77.5,474.52,91.2
Республика Коми,2021,175.99,0.8008205326968245,1171877.3,97.7,77.5,446.33,101.7
Республика Коми,2022,168.12,0.3619317891234473,1335846.2,97.5,77.7,442.31,104.6
Республика Коми,2023,177.0,0.5678725858625998,1450.4,94.6,77.9,449.0,100.3
Республика Марий Эл,2000,70.0,0.2163103608265819,15114.8,89.6,62.9,120.0,101.3
Республика Марий Эл,2001,60.0,0.1463195429419796,20502.6,105.8,63.0,110.0,103.1
Республика Марий Эл,2002,64.0,0.2948959602139733,24411.2,89.0,63.2,112.0,104.1
Республика Марий Эл,2003,66.0,0.3563141386765736,31719.0,98.4,63.2,112.0,113.5
Республика Марий Эл,2004,66.0,0.2158275055175898,41757.6,102.6,62.8,110.0,112.1
Республика Марий Эл,2005,64.0,0.1605537514954708,46589.5,98.2,62.7,104.0,114.4
Республика Марий Эл,2006,60.0,0.0557549177005155,61413.0,104.8,62.7,98.0,117.1
Республика Марий Эл,2007,60.0,0.0180178030550652,77919.2,102.6,62.8,96.0,111.3
Республика Марий Эл,2008,59.0,0.0802033899335972,93512.4,105.1,62.9,95.0,106.4
Республика Марий Эл,2009,62.0,0.1278984286467017,98888.9,102.2,63.0,92.0,94.6
Республика Марий Эл,2010,60.0,0.0348265480537642,118110.4,83.9,63.2,91.0,116.1
Республика Марий Эл,2011,57.0,0.0079528745942646,140192.9,119.8,63.8,87.0,107.3
Республика Марий Эл,2012,51.1,0.0158855164328662,169338.4,112.8,64.4,82.25,110.0
Республика Марий Эл,2013,55.43,0.0014814903033103,182359.0,108.5,64.9,80.34,100.3
Республика Марий Эл,2014,49.75,0.0054394784795402,207926.2,117.3,65.4,74.96,113.4
Республика Марий Эл,2015,49.07,0.0004300787176851,249303.7,110.2,65.8,75.89,108.5
Республика Марий Эл,2016,48.15,0.0209393734584426,248481.6,93.9,66.1,75.67,97.0
Республика Марий Эл,2017,45.07,0.0503270607408138,259602.0,96.8,66.5,74.55,106.5
Республика Марий Эл,2018,48.08,1.0958823562992013,281426.3,111.4,67.0,70.65,96.7
Республика Марий Эл,2019,49.59,0.5038235043813498,297332.6,109.6,67.5,68.73,108.8
Республика Марий Эл,2020,51.36,1.058957194465031,290412.2,103.7,67.9,73.68,95.4
Республика Марий Эл,2021,29.35,0.0245730321945317,333964.7,95.9,68.5,70.19,99.7
Республика Марий Эл,2022,30.75,0.0637696913808318,388519.7,105.8,68.8,76.26,95.6
Республика Марий Эл,2023,30.0,0.213209639866379,453.7,100.2,69.1,75.0,115.7
Республика Мордовия,2000,60.0,0.3363109141248989,19219.8,109.6,59.6,87.0,118.1
Республика Мордовия,2001,58.0,0.6469499083274859,24473.2,102.0,59.7,83.0,109.0
Республика Мордовия,2002,56.0,0.4141995055983714,30848.9,102.0,59.9,79.0,109.6
Республика Мордовия,2003,56.0,0.5116231500421129,37681.7,103.4,59.3,79.0,122.1
Республика Мордовия,2004,54.0,0.4262251890574907,43807.6,93.0,58.6,76.0,113.3
Республика Мордовия,2005,53.0,1.2889511374161338,50982.6,108.5,58.7,73.0,106.8
Республика Мордовия,2006,51.0,0.8405221633071263,67309.8,105.6,58.9,74.0,111.3
Республика Мордовия,2007,50.0,0.6057651773940673,90138.7,101.6,59.2,73.0,114.7
Республика Мордовия,2008,49.0,0.5028413228816596,110877.3,105.7,59.6,72.0,114.8
Республика Мордовия,2009,47.0,0.6313084400147916,107903.3,106.9,60.1,70.0,101.8
Республика Мордовия,2010,46.0,0.4061900178273425,125975.5,71.8,60.6,70.0,107.2
Республика Мордовия,2011,42.0,0.733167882676199,144564.9,146.0,60.8,66.0,103.2
Республика Мордовия,2012,38.69,0.4162770370679207,163137.2,98.3,61.0,63.2,112.7
Республика Мордовия,2013,35.15,0.071231970260723,181863.4,100.4,61.3,59.91,99.4
Республика Мордовия,2014,33.78,0.3684540471275824,213647.2,107.4,61.6,57.77,110.8
Республика Мордовия,2015,29.6,0.9968040329954204,221963.0,105.4,62.0,52.58,98.1
Республика Мордовия,2016,29.92,0.5416715256487077,274535.0,108.0,62.5,54.21,101.0
Республика Мордовия,2017,26.45,1.154938269513255,290362.4,102.6,62.8,48.41,109.6
Республика Мордовия,2018,27.05,0.4520566959030526,304213.2,100.6,63.0,50.19,107.2
Республика Мордовия,2019,5.5,0.8145387854952381,327973.9,110.2,63.2,50.89,104.1
Республика Мордовия,2020,5.21,1.5616561618997924,335559.5,106.5,63.2,47.98,106.3
Республика Мордовия,2021,5.0,0.18281359725835,387433.7,98.4,63.4,46.73,111.1
Республика Мордовия,2022,4.95,0.5096716159851127,441297.3,114.3,63.6,48.6,99.4
Республика Мордовия,2023,5.0,0.2790662570905141,516.3,107.2,63.7,51.0,109.4
Республика Саха (Якутия),2000,85.0,0.5619101419710006,85375.5,98.4,64.2,128.0,105.42
Республика Саха (Якутия),2001,87.0,0.2872046245432134,105733.3,103.6,64.3,135.0,102.38
Республика Саха (Якутия),2002,83.0,0.6354270564494762,121163.1,98.6,64.4,134.0,102.44
Республика Саха (Якутия),2003,87.0,2.5349155147893305,140065.1,99.9,64.5,135.0,102.51
Республика Саха (Якутия),2004,79.0,0.8355215454143314,161309.0,100.6,63.9,131.0,112.5
Республика Саха (Якутия),2005,79.0,1.4169139525862309,191896.0,103.6,63.6,120.0,93.4
Республика Саха (Якутия),2006,79.0,1.2686003529212693,216535.9,95.2,63.7,130.0,100.0
Республика Саха (Якутия),2007,97.0,3.3163490778116387,253423.5,103.6,64.2,140.0,100.5
Республика Саха (Якутия),2008,93.0,3.0649633317319207,322922.2,103.8,64.4,166.0,104.2
Республика Саха (Якутия),2009,91.0,4.791874813567388,342520.1,94.8,64.4,151.0,86.4
Республика Саха (Якутия),2010,86.0,1.458189419455976,403658.5,97.0,64.1,164.0,122.8
Республика Саха (Якутия),2011,87.0,0.826021684326118,508549.5,92.9,64.6,159.0,116.1
Республика Саха (Якутия),2012,81.33,1.0952684485027715,566002.6,98.1,64.9,200.74,109.0
Республика Саха (Якутия),2013,75.63,2.6994327535001386,596336.3,99.3,65.2,161.12,106.2
Республика Саха (Якутия),2014,78.95,2.324616493684327,687289.7,98.4,65.3,160.97,104.9
Республика Саха (Якутия),2015,85.43,1.819192579417623,778151.2,97.2,65.5,167.31,103.8
Республика Саха (Якутия),2016,49.73,1.4277922417837643,922292.1,101.2,65.5,150.44,101.9
Республика Саха (Якутия),2017,48.18,2.656770200214516,974017.3,103.1,65.7,153.0,102.5
Республика Саха (Якутия),2018,56.8,3.4431313553632323,1161944.5,100.1,65.9,178.29,107.6
Республика Саха (Якутия),2019,83.3,1.3094762537119804,1260373.1,101.7,66.1,170.48,111.3
Республика Саха (Якутия),2020,74.28,1.168430085097472,1154483.9,99.1,66.3,173.49,95.3
Республика Саха (Якутия),2021,75.44,0.8570140846552758,1684839.3,99.3,67.0,176.48,114.4
Республика Саха (Якутия),2022,81.41,1.2985929133383118,2029719.8,101.4,67.2,183.9,113.0
Республика Саха (Якутия),2023,84.0,1.9220024642385387,2230.7,101.2,67.6,191.0,101.9
Республика Северная Осетия — Алания,2000,24.0,0.497960110962311,11964.5,100.0,66.2,258.0,108.5
Республика Северная Осетия — Алания,2001,18.0,0.2730373540303032,17914.2,111.9,65.7,275.0,112.4
Республика Северная Осетия — Алания,2002,98.0,0.7720906391623692,22541.2,103.3,65.4,234.0,104.6
Республика Северная Осетия — Алания,2003,97.0,0.5810136748885084,26705.1,101.9,65.3,225.0,95.0
Республика Северная Осетия — Алания,2004,93.0,0.5697173232239987,34323.6,110.6,65.2,241.0,108.4
Республика Северная Осетия — Алания,2005,96.0,1.8741121537287304,44127.2,94.3,64.3,218.0,110.5
Республика Северная Осетия — Алания,2006,90.0,0.7266028628648953,61229.6,98.7,64.1,246.0,92.0
Республика Северная Осетия — Алания,2007,88.0,1.2698906160046055,74356.6,104.9,63.7,230.0,117.0
Республика Северная Осетия — Алания,2008,87.0,1.137339405344895,81097.0,129.8,63.6,230.0,104.3
Республика Северная Осетия — Алания,2009,88.0,1.9165945188463425,90040.7,95.2,63.7,234.0,98.6
Республика Северная Осетия — Алания,2010,82.0,1.8651882316394832,105781.6,102.5,63.8,264.0,99.0
Республика Северная Осетия — Алания,2011,97.0,0.4660274556427994,120833.1,104.1,63.8,206.0,109.7
Республика Северная Осетия — Алания,2012,106.5,0.7217102724712875,137725.5,101.3,63.7,191.69,102.6
Республика Северная Осетия — Алания,2013,86.92,0.762154630702771,168273.0,100.9,63.7,184.38,107.9
Республика Северная Осетия — Алания,2014,83.62,0.4194600688311018,178833.3,90.8,63.7,176.47,97.7
Республика Северная Осетия — Алания,2015,87.65,0.2959090433093854,179020.7,87.4,63.7,149.49,91.7
Республика Северная Осетия — Алания,2016,87.74,0.2981521415549079,211684.0,90.9,63.7,137.8,89.6
Республика Северная Осетия — Алания,2017,86.39,0.5812921566364905,217384.9,97.1,63.6,143.38,83.1
Республика Северная Осетия — Алания,2018,92.17,0.6134666561551206,230382.6,108.8,63.6,156.39,93.9
Республика Северная Осетия — Алания,2019,89.78,0.0,249099.8,112.7,63.5,169.61,92.2
Республика Северная Осетия — Алания,2020,91.25,0.0,258575.6,107.2,63.4,162.16,129.7
Республика Северная Осетия — Алания,2021,90.15,0.0,287740.5,104.7,63.2,143.19,114.2
Республика Северная Осетия — Алания,2022,88.55,0.0,316184.7,109.5,63.2,153.05,109.8
Республика Северная Осетия — Алания,2023,90.0,0.0,392.1,106.8,63.3,134.0,123.5
Республика Татарстан (Татарстан),2000,572.0,0.3404782266763503,49139.3,97.7,73.6,916.0,107.08
Республика Татарстан (Татарстан),2001,547.0,0.4413099092355198,56479.2,125.9,73.8,913.0,105.97
Республика Татарстан (Татарстан),2002,534.0,0.4178990486679756,66298.7,96.0,73.9,875.0,99.09
Республика Татарстан (Татарстан),2003,534.0,0.3270933025136183,80809.2,103.6,74.0,866.0,105.04
Республика Татарстан (Татарстан),2004,543.0,0.2553004735168083,103726.8,102.6,74.5,782.0,106.1
Республика Татарстан (Татарстан),2005,529.0,0.2398856821371814,128226.9,104.5,74.5,739.0,104.8
Республика Татарстан (Татарстан),2006,512.0,0.2546780511675385,161045.9,104.3,74.7,703.0,108.1
Республика Татарстан (Татарстан),2007,493.0,0.3032121144745705,201172.1,104.0,74.8,677.0,107.3
Республика Татарстан (Татарстан),2008,477.0,0.6089245183367281,245628.5,108.9,75.0,680.0,104.0
Республика Татарстан (Татарстан),2009,439.0,1.2473659102618566,234206.4,100.2,75.2,638.0,95.6
Республика Татарстан (Татарстан),2010,490.0,1.0707160519908292,264561.7,66.9,75.4,639.0,105.1
Республика Татарстан (Татарстан),2011,498.0,0.638603879024187,343673.6,151.6,75.7,622.0,106.3
Республика Татарстан (Татарстан),2012,480.0,1.8614367561330856,375500.2,92.0,75.9,693.7,106.9
Республика Татарстан (Татарстан),2013,466.64,2.1757132210111925,402511.3,98.3,76.1,746.21,101.7
Республика Татарстан (Татарстан),2014,439.42,0.9749370144872996,428084.3,103.2,76.3,724.48,101.3
Республика Татарстан (Татарстан),2015,382.48,1.7511487722617118,477951.3,104.1,76.4,720.42,101.5
Республика Татарстан (Татарстан),2016,325.21,0.926744289831804,523310.8,104.9,76.6,744.19,103.5
Республика Татарстан (Татарстан),2017,319.71,0.8919654368668298,572350.5,104.9,76.7,690.83,101.5
Республика Татарстан (Татарстан),2018,296.19,0.9212211925702022,659921.1,97.0,76.8,663.39,102.6
Республика Татарстан (Татарстан),2019,286.14,1.0246191433046112,704097.8,103.5,76.8,647.68,102.4
Республика Татарстан (Татарстан),2020,276.47,1.7243005209466336,658311.7,104.2,76.8,634.54,96.6
Республика Татарстан (Татарстан),2021,262.52,0.9220305538279316,883564.0,79.6,76.8,662.78,108.6
Республика Татарстан (Татарстан),2022,243.28,0.7901962084853997,1044591.6,127.6,76.8,641.91,106.7
Республика Татарстан (Татарстан),2023,199.0,1.3432447032273735,1145.2,91.8,76.7,862.0,103.0
Республика Тыва,2000,13.0,0.1168581842464038,11749.3,100.1,50.4,96.0,105.95
Республика Тыва,2001,9.0,0.5541445393673516,17012.1,106.4,51.0,87.0,105.74
Республика Тыва,2002,9.0,0.7898968951718901,22421.0,96.8,51.7,80.0,99.98
Республика Тыва,2003,9.0,0.1182091316554203,26607.4,114.1,52.0,70.0,102.88
Республика Тыва,2004,9.0,0.0311023021802103,32309.0,103.0,52.7,51.0,106.7
Республика Тыва,2005,8.0,0.3957984994640943,38429.7,90.1,51.9,50.0,110.2
Республика Тыва,2006,8.0,1.0226450471386694,50051.7,102.7,51.9,46.0,103.2
Республика Тыва,2007,8.0,1.3157416865282034,63959.4,100.0,51.8,42.0,100.6
Республика Тыва,2008,8.0,0.9591106177080496,78381.0,100.8,51.9,43.0,92.0
Республика Тыва,2009,10.0,1.1772831783789406,87889.5,101.7,52.4,42.0,96.3
Республика Тыва,2010,9.0,2.4519481165184835,99999.9,93.9,53.1,19.0,110.3
Республика Тыва,2011,9.0,0.6414313046238049,108126.2,109.8,53.7,49.0,96.4
Республика Тыва,2012,8.14,0.3506961634077352,120391.4,95.5,54.3,49.21,105.7
Республика Тыва,2013,7.47,0.0031138994689905,132391.2,98.9,54.3,45.66,103.8
Республика Тыва,2014,7.4,0.00124053547605,146370.2,93.1,54.5,43.6,108.5
Республика Тыва,2015,9.04,0.0,149573.0,99.2,54.7,43.82,105.1
Республика Тыва,2016,12.35,0.0,181916.2,97.4,54.5,44.13,103.9
Республика Тыва,2017,5.62,0.0143760118944201,201882.5,104.0,54.4,48.04,114.4
Республика Тыва,2018,6.67,0.0252871816030053,226436.7,108.7,54.5,47.35,99.5
Республика Тыва,2019,8.17,0.0256942334530573,241482.8,99.3,54.6,49.91,95.3
Республика Тыва,2020,8.14,0.0424135482082139,247766.7,101.2,54.5,40.02,63.3
Республика Тыва,2021,6.2,0.2065950466134888,273231.6,102.1,54.8,36.06,105.8
Республика Тыва,2022,5.61,0.157936975511094,320059.3,96.3,55.3,38.71,137.4
Республика Тыва,2023,5.0,0.0,363.2,96.9,55.7,35.0,97.4
Республика Хакасия,2000,56.0,0.4797182241461468,31333.2,101.2,71.0,242.0,103.2
Республика Хакасия,2001,55.0,0.3999600818322439,36306.2,107.0,70.9,183.0,116.2
Республика Хакасия,2002,54.0,0.219806240731927,46443.7,95.5,70.9,169.0,83.3
Республика Хакасия,2003,57.0,0.1940923463540587,53320.2,99.1,70.8,164.0,121.6
Республика Хакасия,2004,50.0,0.1705107407508103,61336.4,96.6,70.8,155.0,104.9
Республика Хакасия,2005,50.0,0.2304715115930741,77864.6,90.4,70.8,148.0,105.4
Республика Хакасия,2006,44.0,1.9763825939246735,100828.4,105.5,70.7,127.0,105.8
Республика Хакасия,2007,45.0,2.610737264994821,119953.2,106.0,70.7,117.0,99.7
Республика Хакасия,2008,44.0,0.0789585776558316,136023.7,99.2,70.7,119.0,112.2
Республика Хакасия,2009,40.0,0.2817496689085026,152205.1,108.1,67.8,114.0,93.3
Республика Хакасия,2010,38.0,0.8059981382718415,180352.1,101.5,67.4,119.0,98.0
Республика Хакасия,2011,36.0,0.6244724245963987,212424.6,102.3,67.3,93.0,113.3
Республика Хакасия,2012,33.94,0.5733179728793579,245063.6,101.2,67.4,92.66,102.9
Республика Хакасия,2013,30.41,0.2857582454767519,265416.0,102.4,67.8,88.22,110.5
Республика Хакасия,2014,30.16,0.3278359667821747,295346.5,97.3,68.0,83.16,95.2
Республика Хакасия,2015,28.93,0.1983926705165271,316713.6,91.2,68.1,77.49,98.0
Республика Хакасия,2016,24.05,0.5363098372697752,385057.2,96.4,68.3,76.65,109.5
Республика Хакасия,2017,24.19,0.4323199390873368,403719.7,100.7,68.4,79.8,99.3
Республика Хакасия,2018,32.65,0.1952516514945257,448682.7,93.6,68.5,69.57,107.5
Республика Хакасия,2019,28.31,0.2028863661101667,475578.9,97.0,68.5,72.07,106.7
Республика Хакасия,2020,26.35,1.080802154062984,495471.2,101.7,68.5,70.19,104.1
Республика Хакасия,2021,29.27,0.3922758451832578,589719.9,96.5,68.5,71.39,106.7
Республика Хакасия,2022,30.69,0.0796852297953667,656789.1,98.2,68.7,69.91,92.1
Республика Хакасия,2023,33.0,0.0864582494059593,715.3,100.6,68.9,69.0,105.2
Ростовская область,2000,298.0,1.1978825248721263,20003.8,109.7,67.6,2917.0,112.7
Ростовская область,2001,287.0,0.7033760656772972,26817.8,119.7,67.6,2772.0,118.3
Ростовская область,2002,418.0,0.5835822560101951,31941.7,106.0,67.6,2646.0,101.9
Ростовская область,2003,337.0,0.6482551542342405,39180.4,96.8,67.6,2627.0,104.3
Ростовская область,2004,318.0,0.7210976843784391,50678.6,125.0,66.7,2137.0,116.0
Ростовская область,2005,282.0,0.2267080780759661,60575.0,102.9,66.7,2279.0,116.1
Ростовская область,2006,271.0,0.2916669240101466,78642.0,101.2,66.8,2393.0,115.8
Ростовская область,2007,300.0,0.144506850826546,104603.1,92.6,66.8,2415.0,114.5
Ростовская область,2008,265.0,0.389253178603211,134137.4,139.0,67.0,2320.0,105.1
Ростовская область,2009,255.0,0.22867028195391,129626.0,86.9,67.1,2226.0,84.5
Ростовская область,2010,270.0,0.0447112287192,154127.9,97.9,67.3,2330.0,114.4
Ростовская область,2011,235.0,0.0571102000190086,179399.3,111.1,67.4,2132.0,119.3
Ростовская область,2012,253.05,0.0669776896802753,197892.7,89.1,67.6,2118.21,107.8
Ростовская область,2013,236.4,1.2232821551438282,215492.0,96.5,67.7,2247.17,106.2
Ростовская область,2014,262.16,1.4774946108136198,236800.7,110.9,67.8,2309.64,105.4
Ростовская область,2015,238.38,0.7704514886338408,279489.9,102.7,67.8,2142.22,153.2
Ростовская область,2016,252.66,0.1340104969255492,323310.7,115.8,67.9,2212.1,113.0
Ростовская область,2017,217.88,0.270862959626164,339309.1,107.6,67.9,2374.4,107.0
Ростовская область,2018,199.43,0.1980785195723432,365327.5,91.4,68.0,2406.87,110.6
Ростовская область,2019,203.24,0.0811967475898026,386764.0,105.8,68.1,2222.32,102.8
Ростовская область,2020,189.6,0.119488559479433,406006.0,97.1,68.0,2141.64,101.8
Ростовская область,2021,199.79,0.0526357936906946,485902.3,108.4,67.9,2230.72,110.0
Ростовская область,2022,205.52,0.0772195224321817,556629.3,111.1,67.7,2294.22,109.3
Ростовская область,2023,97.0,0.1712683792063918,647.6,106.9,67.8,243.0,103.5
Рязанская область,2000,26.0,0.1269114517196358,22070.3,114.2,68.5,219.0,111.0
Рязанская область,2001,24.0,0.0915575250375799,29645.8,94.7,68.7,229.0,104.6
Рязанская область,2002,19.0,0.2026158633113161,37164.2,95.9,69.0,249.0,105.6
Рязанская область,2003,19.0,0.3699989263042048,48977.6,99.0,69.4,240.0,107.3
Рязанская область,2004,19.0,0.2328118749642836,58094.5,98.9,69.7,237.0,107.0
Рязанская область,2005,20.0,0.2865362212870647,70665.8,102.7,70.0,223.0,105.9
Рязанская область,2006,15.0,0.1044648925652111,89010.9,105.2,70.4,210.0,110.4
Рязанская область,2007,14.0,0.1235874471992956,102982.5,93.8,70.6,204.0,111.9
Рязанская область,2008,18.0,0.2276785000719274,128211.5,117.0,70.5,197.0,105.5
Рязанская область,2009,18.0,0.1732427891984917,131891.2,108.3,70.7,188.0,88.8
Рязанская область,2010,89.0,0.2034870056535023,154844.8,71.8,70.9,186.0,111.6
Рязанская область,2011,84.0,0.5034168820216062,186095.1,120.0,70.9,181.0,109.7
Рязанская область,2012,86.13,0.4250701901988958,221093.6,106.7,70.9,174.17,100.8
Рязанская область,2013,85.19,0.6102940886867071,243767.6,96.5,70.9,166.94,105.7
Рязанская область,2014,81.14,0.3006947965861973,258782.3,106.0,71.0,162.84,102.0
Рязанская область,2015,82.26,0.2220314528003743,283906.2,108.1,71.2,158.76,97.2
Рязанская область,2016,79.51,0.1558493689299046,322643.7,95.6,71.3,159.13,101.7
Рязанская область,2017,75.66,0.3478873164609417,349203.7,106.4,71.4,153.49,97.5
Рязанская область,2018,74.5,0.0974195979078444,369330.9,98.6,71.6,156.29,103.0
Рязанская область,2019,74.69,0.0648912727416876,389032.4,116.2,71.6,160.81,105.8
Рязанская область,2020,71.49,0.0467003863277528,413598.3,115.6,71.5,148.47,106.9
Рязанская область,2021,77.5,0.1056485978587403,492573.8,97.2,71.4,156.89,106.3
Рязанская область,2022,71.25,0.0043759134991965,566113.0,116.5,71.4,155.18,108.7
Рязанская область,2023,72.0,0.4870817257011625,638.1,105.5,71.4,155.0,108.6
Самарская область,2000,645.0,0.4951961933630278,42758.9,99.6,80.5,1079.0,111.0
Самарская область,2001,536.0,0.3271070756731628,55147.0,103.1,80.6,1024.0,109.9
Самарская область,2002,500.0,0.3157664639720202,63582.9,98.0,80.6,1083.0,98.0
Самарская область,2003,489.0,0.2934953417323252,79369.1,99.1,80.6,1086.0,105.7
Самарская область,2004,482.0,0.2174435258170968,101362.5,100.8,80.1,1027.0,108.9
Самарская область,2005,465.0,0.3242556348463287,124575.2,95.4,80.1,1026.0,97.3
Самарская область,2006,465.0,0.3984210607252003,151238.8,105.1,80.1,1001.0,105.0
Самарская область,2007,454.0,0.4849666118830993,181529.8,102.7,80.1,1033.0,103.4
Самарская область,2008,445.0,0.650645998630622,217089.9,105.5,80.2,978.0,103.1
Самарская область,2009,406.0,0.5312800567260371,181298.2,92.0,80.2,944.0,80.7
Самарская область,2010,397.0,0.4123422384666338,216167.6,71.2,80.3,863.0,114.4
Самарская область,2011,395.0,0.6219129956711587,259361.2,133.3,80.3,817.0,105.8
Самарская область,2012,361.51,0.9704632163633832,291298.9,106.6,80.3,762.57,102.2
Самарская область,2013,350.97,1.30225727860433,325671.7,105.8,80.3,760.89,101.0
Самарская область,2014,346.47,1.770227902798926,356624.2,102.9,80.3,747.68,99.4
Самарская область,2015,366.27,1.630182291186972,392503.1,92.9,80.2,719.56,99.4
Самарская область,2016,367.56,0.7268799554989653,423704.5,115.0,80.1,688.02,99.1
Самарская область,2017,399.13,0.9837703191919812,450296.1,100.9,79.9,661.04,101.5
Самарская область,2018,389.19,0.3720285216399752,506319.5,99.6,79.8,684.05,100.0
Самарская область,2019,366.19,0.7836784910575758,526919.7,106.0,79.7,660.41,102.4
Самарская область,2020,358.17,1.4762228186475992,508744.1,107.1,79.7,633.44,96.4
Самарская область,2021,358.84,1.4692423558462815,679767.6,87.9,79.6,621.03,103.6
Самарская область,2022,350.38,1.3356585861974877,754217.9,122.2,79.5,562.55,96.7
Самарская область,2023,344.0,0.828022660369315,844.1,94.5,79.4,568.0,111.4
Саратовская область,2000,289.0,0.3608950310933244,23315.4,114.2,73.3,808.0,120.9
Саратовская область,2001,294.0,0.28525668224852,31094.4,103.9,73.5,688.0,109.3
Саратовская область,2002,299.0,0.4930882062831873,36413.6,103.0,73.6,789.0,101.1
Саратовская область,2003,270.0,0.1466253575628184,45223.0,106.3,73.6,605.0,118.6
Саратовская область,2004,262.0,0.1948786871797036,57710.3,101.5,73.7,588.0,111.2
Саратовская область,2005,237.0,0.3030061925753449,65656.6,100.3,73.8,661.0,110.0
Саратовская область,2006,242.0,0.2139788693786125,79127.0,102.0,74.0,617.0,106.5
Саратовская область,2007,251.0,0.1670485535490565,98569.9,107.9,74.2,642.0,106.6
Саратовская область,2008,197.0,0.3630347055079267,126085.9,107.3,74.3,604.0,102.0
Саратовская область,2009,56.0,0.5343542183972566,128473.8,92.7,74.4,555.0,96.3
Саратовская область,2010,24.0,0.3558944454280438,148839.0,80.6,74.6,532.0,101.8
Саратовская область,2011,18.0,0.1798047922640756,171239.8,133.6,74.8,510.0,120.5
Саратовская область,2012,112.22,0.2365923594712506,190144.6,86.9,74.9,512.11,106.6
Саратовская область,2013,83.75,0.1224511283139631,209176.4,112.2,75.3,479.23,102.3
Саратовская область,2014,16.51,0.3458170805375701,225165.5,106.4,75.5,470.62,107.6
Саратовская область,2015,12.85,0.1827489147471699,248255.4,89.3,75.8,488.73,104.2
Саратовская область,2016,13.0,0.0800276236550946,278377.4,114.7,76.1,438.25,107.4
Саратовская область,2017,9.68,0.7227429286981869,290233.1,105.1,76.3,449.45,103.2
Саратовская область,2018,95.35,0.2508287903963436,309701.3,97.4,76.6,459.3,100.7
Саратовская область,2019,98.28,0.0841649763787772,325958.2,106.2,76.3,497.08,100.3
Саратовская область,2020,89.99,0.2596142721026596,347067.4,109.4,76.4,495.44,107.1
Саратовская область,2021,89.59,0.4091929502315167,413122.0,92.0,76.6,642.03,107.0
Саратовская область,2022,95.76,0.1461622492115231,493792.4,127.0,76.8,504.77,108.9
Саратовская область,2023,88.0,0.3419465489670431,561.6,100.6,77.0,558.0,104.7
Сахалинская область,2000,69.0,0.2573539983322311,61595.8,87.5,86.7,275.0,141.9
Сахалинская область,2001,57.0,0.3120506744788408,84769.1,125.3,86.7,273.0,112.1
Сахалинская область,2002,54.0,0.0413408627104909,85927.4,83.8,86.7,232.0,88.3
Сахалинская область,2003,52.0,0.1228697861233591,116731.0,110.0,86.9,262.0,102.5
Сахалинская область,2004,53.0,0.0707601472152936,172004.4,84.6,78.0,285.0,109.3
Сахалинская область,2005,52.0,1.0090705959057664,230298.2,102.2,78.4,295.0,112.7
Сахалинская область,2006,48.0,5.861807382541446,321108.8,102.9,78.8,306.0,131.1
Сахалинская область,2007,45.0,3.2326585462128805,559774.1,103.6,79.1,300.0,229.3
Сахалинская область,2008,48.0,4.435581938572152,657783.3,96.8,79.3,263.0,90.8
Сахалинская область,2009,49.0,1.2166975338453707,779943.2,84.7,79.5,256.0,126.6
Сахалинская область,2010,46.0,0.1067503042594269,977256.0,108.7,79.8,263.0,101.1
Сахалинская область,2011,46.0,0.288133286263892,1212068.5,97.7,80.3,223.0,103.3
Сахалинская область,2012,43.75,0.4837354397912154,1305480.3,94.6,80.8,249.24,94.7
Сахалинская область,2013,32.91,0.5401888458632133,1377822.5,103.5,81.1,193.94,99.5
Сахалинская область,2014,30.22,0.4519521403203892,1654586.8,101.3,81.3,161.69,106.1
Сахалинская область,2015,28.82,0.7817367311478323,1748311.0,100.5,81.5,151.5,112.6
Сахалинская область,2016,33.97,0.7524864988709006,1598480.4,102.8,81.7,152.34,106.5
Сахалинская область,2017,33.08,0.8913897250158509,1643090.5,107.9,81.9,154.76,99.9
Сахалинская область,2018,24.91,0.0245206499991444,2583723.5,106.3,82.1,150.94,106.4
Сахалинская область,2019,25.01,0.7453010131748474,2468171.7,99.7,82.2,140.65,102.8
Сахалинская область,2020,26.02,1.3816443500350506,2124645.0,106.6,82.2,119.23,96.9
Сахалинская область,2021,26.64,0.6685204844332137,2647233.9,100.4,82.5,115.22,88.6
Сахалинская область,2022,23.96,0.7607751953991053,3303417.0,102.0,82.6,128.78,76.8
Сахалинская область,2023,27.0,0.615118659462832,3538.9,96.4,82.8,129.0,117.5
Свердловская область,2000,826.0,1.37557141667254,34214.7,92.9,87.8,1678.0,116.71
Свердловская область,2001,818.0,0.8640326109744314,44119.0,101.1,87.9,1635.0,111.2
Свердловская область,2002,816.0,0.7559646675727137,52241.3,99.4,87.9,1594.0,104.0
Свердловская область,2003,869.0,0.7452594611708705,63865.6,103.4,88.0,1230.0,109.2
Свердловская область,2004,828.0,2.6707207093472327,82546.5,95.9,83.1,1202.0,109.3
Свердловская область,2005,814.0,0.735118104275767,108697.2,100.1,83.2,1178.0,104.8
Свердловская область,2006,821.0,0.6461339303997213,150548.6,101.9,83.4,1180.0,108.2
Свердловская область,2007,868.0,0.711075259581441,189763.4,94.4,83.5,1175.0,107.3
Свердловская область,2008,873.0,1.5220175977325774,213922.3,100.0,83.6,1180.0,95.4
Свердловская область,2009,780.0,0.9527125147558234,191415.0,107.3,83.7,1068.0,81.1
Свердловская область,2010,763.0,0.4935490355867536,243234.2,94.6,83.9,990.0,117.3
Свердловская область,2011,770.0,0.5464588401519389,300072.1,113.9,84.0,977.0,106.2
Свердловская область,2012,712.28,0.6072863782166762,344392.8,93.2,84.2,901.71,109.6
Свердловская область,2013,686.78,0.781438540477219,363277.2,109.0,84.4,849.56,102.7
Свердловская область,2014,667.0,1.2883404441987898,383868.9,100.1,84.5,803.83,102.1
Свердловская область,2015,660.18,1.2213322489418956,421130.4,100.3,84.8,773.43,96.9
Свердловская область,2016,616.63,0.5356909121651392,487287.7,97.9,85.0,712.71,107.7
Свердловская область,2017,586.2,0.4917235884871427,522207.4,102.1,85.2,674.62,106.5
Свердловская область,2018,559.77,0.637063437253965,561039.3,105.8,85.4,650.78,100.0
Свердловская область,2019,566.42,0.9401650747569732,587854.0,105.0,85.5,648.01,103.4
Свердловская область,2020,556.53,0.8874921104366541,584365.9,97.7,85.7,645.5,102.0
Свердловская область,2021,523.69,0.7435017935294674,721124.8,90.7,85.8,651.27,101.5
Свердловская область,2022,495.36,0.910810846565841,816092.1,107.7,85.8,647.09,99.8
Свердловская область,2023,486.0,1.9881143933080807,975.7,95.7,85.9,620.0,111.8
Смоленская область,2000,109.0,0.0803184722429514,25798.1,96.9,70.4,228.0,107.82
Смоленская область,2001,99.0,0.0970410619636109,33575.4,105.2,70.7,219.0,107.46
Смоленская область,2002,93.0,0.1347243401689983,39983.1,96.3,70.9,216.0,102.63
Смоленская область,2003,91.0,0.0806625962347486,47084.3,99.6,71.3,222.0,105.76
Смоленская область,2004,94.0,0.1370765532247803,54178.9,100.6,70.9,214.0,99.8
Смоленская область,2005,90.0,0.1623548658844787,63687.0,93.3,71.3,214.0,104.7
Смоленская область,2006,90.0,0.1186087642991065,77366.8,91.4,71.8,198.0,105.6
Смоленская область,2007,85.0,0.251647694857236,94432.4,103.2,72.0,185.0,108.7
Смоленская область,2008,82.0,0.1877734859742453,121012.7,98.9,72.3,187.0,96.1
Смоленская область,2009,79.0,0.2557836566575375,125743.1,96.7,72.4,178.0,94.5
Смоленская область,2010,73.0,0.2993481427271981,156567.3,89.9,72.7,169.0,106.1
Смоленская область,2011,68.0,0.1783384353318235,184391.7,114.3,72.7,167.0,102.7
Смоленская область,2012,66.71,0.3376373645431257,207085.5,100.2,72.6,160.24,105.9
Смоленская область,2013,62.06,0.1521823955418436,233809.0,101.3,72.6,150.6,104.7
Смоленская область,2014,57.57,0.4127633195162883,244802.8,95.3,72.5,153.23,101.7
Смоленская область,2015,58.45,0.3166357922735198,269634.7,95.4,72.5,148.13,101.4
Смоленская область,2016,58.65,0.1887239180123041,300467.9,99.3,72.6,145.52,102.5
Смоленская область,2017,59.11,0.0086888607015335,334461.0,101.9,72.4,151.71,103.6
Смоленская область,2018,54.4,0.0093057987541929,360185.4,106.1,72.3,133.31,100.1
Смоленская область,2019,46.18,0.1010420985598343,379207.5,104.9,72.3,134.01,105.1
Смоленская область,2020,44.67,0.2494443882874613,401921.6,96.4,72.5,130.41,105.7
Смоленская область,2021,43.18,0.2184897190595286,479884.3,89.0,72.6,134.56,106.1
Смоленская область,2022,44.35,0.026783582364404,549222.4,112.5,72.7,132.05,100.1
Смоленская область,2023,49.0,0.0889070922099229,640.8,100.7,72.7,137.0,111.1
Ставропольский край,2000,221.0,0.2729958088602036,19603.9,102.6,55.9,3170.0,110.88
Ставропольский край,2001,228.0,0.229886649651343,24780.1,113.9,55.9,3169.0,104.9
Ставропольский край,2002,223.0,0.3679106469897994,29453.4,113.3,56.0,3075.0,98.36
Ставропольский край,2003,222.0,0.5644134200543289,37058.0,87.7,56.1,2947.0,108.39
Ставропольский край,2004,224.0,0.5628115914047813,44610.0,126.3,56.2,2839.0,104.9
Ставропольский край,2005,220.0,0.969399458140279,53414.6,109.6,56.4,2783.0,108.7
Ставропольский край,2006,211.0,0.6307397106152687,66136.4,96.7,56.6,2790.0,109.0
Ставропольский край,2007,203.0,1.097200948885797,80715.3,103.7,56.8,3072.0,106.8
Ставропольский край,2008,194.0,0.2664695700238552,99503.3,114.0,56.9,3091.0,101.0
Ставропольский край,2009,189.0,0.403886730796282,99994.7,90.3,57.0,2675.0,101.4
Ставропольский край,2010,144.0,0.4527347798064516,118920.6,102.6,57.2,3373.0,105.3
Ставропольский край,2011,138.0,0.4284364890789018,142133.2,116.5,57.5,3499.0,111.9
Ставропольский край,2012,131.4,0.4697704754612239,153902.2,79.9,57.9,3375.83,102.9
Ставропольский край,2013,134.37,0.3967352823934358,170518.6,117.2,58.3,2837.63,103.7
Ставропольский край,2014,132.24,1.041961416931461,190724.1,106.1,58.6,3077.29,102.4
Ставропольский край,2015,123.41,0.3200699357998887,217921.9,103.6,58.8,3253.03,105.7
Ставропольский край,2016,125.36,0.4146824035268305,248733.1,110.0,59.1,3474.36,109.7
Ставропольский край,2017,125.29,0.2659942537446838,255795.5,99.0,59.3,3502.77,100.4
Ставропольский край,2018,173.27,0.3966757294887275,272029.1,95.4,59.6,3533.43,97.3
Ставропольский край,2019,159.1,0.3066443212743868,286479.7,98.2,60.1,2845.62,98.4
Ставропольский край,2020,164.96,0.3588919034476847,291614.2,83.0,60.3,2420.29,104.7
Ставропольский край,2021,115.78,0.147026270795726,357475.0,131.8,60.6,3538.64,113.5
Ставропольский край,2022,116.41,0.2052019491893141,414255.4,102.6,60.7,2606.32,103.1
Ставропольский край,2023,116.0,0.1441753394660727,464.2,100.8,60.8,3028.0,106.4
Тамбовская область,2000,67.0,0.2328528731405506,19133.8,100.3,57.1,217.0,106.8
Тамбовская область,2001,61.0,0.2560910488763647,25830.2,115.9,57.2,202.0,108.1
Тамбовская область,2002,59.0,0.3260441464555836,32858.4,100.1,57.3,185.0,103.9
Тамбовская область,2003,55.0,0.2382668091651254,40133.5,108.1,57.5,183.0,105.4
Тамбовская область,2004,61.0,0.3550048436811977,49098.8,92.9,57.7,181.0,105.2
Тамбовская область,2005,59.0,0.4705461622138245,55573.9,109.5,57.9,187.0,102.6
Тамбовская область,2006,53.0,0.4070257828503802,70416.2,106.6,58.1,160.0,108.4
Тамбовская область,2007,19.0,0.4858354803299899,94532.5,102.0,58.2,149.0,110.7
Тамбовская область,2008,17.0,0.2802500910324738,108653.3,123.3,58.4,124.0,100.2
Тамбовская область,2009,13.0,0.7689744791632281,123512.0,99.9,58.5,108.0,100.0
Тамбовская область,2010,13.0,0.2901216379990883,131456.7,72.1,58.7,100.0,102.5
Тамбовская область,2011,9.0,0.319111904161456,159557.4,164.4,58.7,99.0,116.4
Тамбовская область,2012,41.76,2.2388892129355265,188466.7,107.6,58.8,96.52,112.9
Тамбовская область,2013,39.49,1.5213063271386191,220457.3,125.0,59.1,95.4,106.2
Тамбовская область,2014,37.95,0.7655729871366485,268146.6,104.9,59.3,95.47,108.5
Тамбовская область,2015,41.37,0.7793563140557928,300421.9,109.7,59.5,93.04,104.5
Тамбовская область,2016,40.77,0.4939346286016554,306886.8,94.0,59.7,96.04,103.5
Тамбовская область,2017,44.79,0.9543123487861088,309326.8,113.5,60.0,98.53,109.7
Тамбовская область,2018,44.66,0.3240018671071707,343885.1,100.6,60.1,100.56,113.5
Тамбовская область,2019,42.99,0.3606793584653373,350037.9,106.5,60.2,97.89,102.0
Тамбовская область,2020,40.82,0.7098347493360286,376475.5,109.4,60.2,94.63,104.4
Тамбовская область,2021,42.83,0.4416206975714728,449246.4,95.5,60.2,95.64,103.9
Тамбовская область,2022,40.37,0.1994162974464121,487060.1,104.5,60.4,99.76,104.4
Тамбовская область,2023,41.0,0.309974596606082,543.7,111.1,60.5,107.0,112.3
Тверская область,2000,102.0,0.2205760431905062,23073.1,96.2,72.8,1516.0,101.5
Тверская область,2001,95.0,0.2711550576336982,31209.8,100.4,73.0,1490.0,105.0
Тверская область,2002,88.0,0.6070091831351848,37695.3,90.3,73.2,1523.0,103.3
Тверская область,2003,86.0,0.5576765161986068,47233.8,90.6,73.2,1283.0,100.7
Тверская область,2004,77.0,0.336335098743777,61158.4,93.4,73.4,1265.0,104.8
Тверская область,2005,79.0,0.8102013057109891,68048.7,93.5,73.3,1288.0,108.9
Тверская область,2006,91.0,0.0270783378008507,90517.8,97.7,73.6,1525.0,113.7
Тверская область,2007,101.0,0.0794400729069065,112021.5,99.7,73.9,1614.0,108.8
Тверская область,2008,99.0,1.3215843314281557,139216.2,98.5,74.2,1553.0,104.0
Тверская область,2009,92.0,3.7565722581656864,144257.9,97.0,74.5,1304.0,77.9
Тверская область,2010,99.0,4.544359966375182,161305.0,94.2,74.8,1494.0,107.2
Тверская область,2011,93.0,3.5171844922826017,189512.2,127.9,74.9,1501.0,105.9
Тверская область,2012,90.41,0.6064154852630286,200414.7,92.8,74.9,1368.15,111.0
Тверская область,2013,90.07,0.0382014616840303,224784.0,98.2,74.9,1399.22,102.1
Тверская область,2014,85.51,0.1310967767610447,240072.5,97.8,75.2,1560.57,96.7
Тверская область,2015,83.59,0.1576199274307072,251962.5,119.4,75.4,1327.77,97.7
Тверская область,2016,77.99,0.1360672042922824,306032.3,110.3,75.7,1369.21,104.5
Тверская область,2017,77.76,0.0782365812754132,326641.0,100.6,75.8,1224.22,102.8
Тверская область,2018,73.58,0.0736785011850793,369778.1,102.9,76.0,1105.51,111.2
Тверская область,2019,68.34,0.0,387043.4,107.1,76.2,996.91,103.1
Тверская область,2020,65.91,0.105172820911506,389464.4,97.9,76.3,1021.2,98.2
Тверская область,2021,73.18,0.0209563925862879,457517.7,97.4,76.3,1218.74,104.4
Тверская область,2022,69.14,0.0398097232439199,516488.8,115.6,76.3,1102.27,98.2
Тверская область,2023,69.0,0.0438326009964327,622.9,116.5,76.3,1220.0,115.5
Томская область,2000,18.0,1.6349042292085496,38386.0,110.2,67.3,605.0,114.09
Томская область,2001,19.0,1.8497423787409428,54221.6,95.9,67.6,615.0,111.93
Томская область,2002,19.0,1.072365812011066,72107.4,95.4,67.8,584.0,114.46
Томская область,2003,18.0,0.7987803383245282,93193.8,107.9,68.1,628.0,114.59
Томская область,2004,17.0,0.7296965477769817,128090.8,100.7,68.3,616.0,108.4
Томская область,2005,12.0,0.2189559683791989,155365.2,94.0,68.6,618.0,89.3
Томская область,2006,9.0,0.3736326189468577,184433.6,100.0,69.0,625.0,99.2
Томская область,2007,9.0,0.6386545105297756,209319.9,104.7,69.3,634.0,98.2
Томская область,2008,8.0,0.8111486977825381,241911.3,109.7,69.6,558.0,100.0
Томская область,2009,9.0,1.2578402153222656,237293.3,101.3,70.0,526.0,97.9
Томская область,2010,14.0,0.522569462130199,272576.5,105.7,70.3,531.0,105.3
Томская область,2011,26.0,0.8550155816795987,317117.5,99.6,70.8,495.0,107.0
Томская область,2012,24.19,0.9036838272724604,350378.4,94.9,71.0,580.57,103.9
Томская область,2013,26.57,1.4870818837640207,377681.6,107.1,71.3,491.02,100.7
Томская область,2014,26.28,1.2570431950594376,401944.9,98.5,71.7,488.79,100.5
Томская область,2015,23.65,1.684594784632396,439250.5,102.9,71.8,392.07,108.0
Томская область,2016,23.09,1.7226029630923323,484654.7,95.9,71.9,397.94,102.2
Томская область,2017,22.77,0.6585615949237539,515560.3,113.9,71.9,388.17,98.9
Томская область,2018,24.15,0.3532217551769446,570191.3,102.8,71.9,381.21,99.6
Томская область,2019,214.13,2.081631665521936,575297.1,96.2,71.7,401.8,100.3
Томская область,2020,180.67,0.3690050967839431,517023.0,105.8,71.3,332.19,89.7
Томская область,2021,182.32,1.244722642215129,679724.8,99.8,71.4,340.63,106.3
Томская область,2022,163.46,0.4821464921200047,765634.7,103.2,71.3,373.35,97.8
Томская область,2023,140.0,0.2846591821968429,870.9,94.6,71.2,331.0,103.8
Тульская область,2000,249.0,0.2036194791887079,24291.8,108.3,81.4,375.0,116.6
Тульская область,2001,257.0,0.0648353601355234,30988.5,101.2,81.5,378.0,111.6
Тульская область,2002,263.0,0.1029532394831257,38894.3,99.8,81.6,387.0,101.6
Тульская область,2003,259.0,0.2856876747211381,43541.9,102.4,81.7,386.0,101.9
Тульская область,2004,261.0,0.2358396996808882,53715.1,92.4,81.8,385.0,112.2
Тульская область,2005,252.0,0.2408725774643524,71587.4,104.3,79.8,359.0,104.9
Тульская область,2006,236.0,0.2418333507920762,88476.2,97.6,79.8,365.0,109.1
Тульская область,2007,216.0,0.0826530676712371,109225.6,106.3,79.8,332.0,107.1
Тульская область,2008,201.0,0.1545612408881339,146465.6,111.7,79.8,307.0,101.5
Тульская область,2009,192.0,0.913985038529648,136851.6,104.3,79.7,285.0,90.0
Тульская область,2010,196.0,0.3484525470775477,152571.7,77.4,79.4,283.0,110.9
Тульская область,2011,187.0,0.237017528627519,180539.6,112.8,78.7,271.0,120.0
Тульская область,2012,184.54,0.9775915908062036,201203.5,105.5,78.0,264.04,108.4
Тульская область,2013,186.83,0.6351919405760573,225853.9,93.2,77.4,268.95,110.5
Тульская область,2014,171.08,0.2692624554785766,267458.5,111.3,76.9,252.95,104.5
Тульская область,2015,163.75,0.3873733136937013,310974.6,105.9,76.3,235.16,111.9
Тульская область,2016,161.24,0.3342379004194034,359839.8,103.9,75.9,252.53,112.8
Тульская область,2017,160.15,0.501144914701629,387564.9,110.2,75.4,215.0,103.3
Тульская область,2018,155.95,0.7452948049006919,435984.3,104.6,75.0,222.22,102.8
Тульская область,2019,153.54,0.0390700606037682,444585.1,115.8,74.5,223.9,107.1
Тульская область,2020,152.19,0.1049704225320511,471229.0,110.8,73.9,220.72,112.1
Тульская область,2021,135.07,0.2536354654449242,590846.4,95.3,73.3,214.81,109.7
Тульская область,2022,127.58,0.3840004492756624,674432.0,107.0,73.2,221.3,103.2
Тульская область,2023,122.0,0.1073510899524713,778.4,107.1,73.0,218.0,117.0
Тюменская область,2000,83.0,13.396919618506754,25320.1,102.6,60.4,385.0,108.495
Тюменская область,2001,79.0,13.42956486623488,32037.2,103.6,60.5,387.0,106.45
Тюменская область,2002,76.0,6.541731559883759,41322.8,99.4,60.5,385.0,103.4
Тюменская область,2003,72.0,8.920659872687606,50328.850000000006,99.9,60.6,379.0,106.4
Тюменская область,2004,75.0,3.753826192471448,64122.2,99.2,62.4,396.0,106.15
Тюменская область,2005,86.0,3.583483100136786,77591.9,100.3,62.7,456.0,105.6
Тюменская область,2006,100.0,2.952630189161398,100203.4,102.7,63.1,421.0,108.0
Тюменская область,2007,100.0,2.428518110493873,128472.55,98.2,63.6,392.0,109.2
Тюменская область,2008,100.0,2.98293317861516,155716.6,101.1,64.0,404.0,105.6
Тюменская область,2009,100.0,0.0700436622143225,152408.35,103.9,59.9,443.0,108.4
Тюменская область,2010,103.0,0.1175538308700532,181042.40000000002,95.3,60.5,404.0,122.3
Тюменская область,2011,104.0,0.1903336718348338,521208.9,112.7,61.5,367.0,116.5
Тюменская область,2012,91.84,0.5030667768171545,529439.4,88.5,62.4,368.0,113.2
Тюменская область,2013,82.04,1.4523292659235107,600110.8,99.3,63.4,347.13,115.1
Тюменская область,2014,88.71,1.9087531195903915,558500.3,99.0,63.9,392.9100000000002,112.9
Тюменская область,2015,86.63000000000002,0.4767942310335899,619391.4,96.6,64.3,455.0000000000002,109.7
Тюменская область,2016,86.0,0.4698447842694,648871.3,98.5,65.1,379.74,104.2
Тюменская область,2017,84.0,0.694616827212317,713731.0,105.2,65.8,357.84,103.4
Тюменская область,2018,82.6,0.2884246689840108,853161.0,100.0,66.3,392.0000000000001,110.2
Тюменская область,2019,84.79,0.2705306024337983,787838.4,102.7,66.8,404.1299999999997,107.9
Тюменская область,2020,82.71000000000002,1.3607886976686832,739208.2,96.2,67.2,424.19,113.9
Тюменская область,2021,83.85,0.1891869544708587,985846.5,98.4,67.6,419.21,104.4
Тюменская область,2022,89.66,0.1431881591484201,1071252.3,117.2,67.7,388.06,95.2
Тюменская область,2023,86.0,0.1330880555193983,1202.4,93.5,67.7,384.0,109.2
Удмуртская Республика,2000,27.0,0.3706618593290988,33488.8,94.6,69.6,317.0,91.9
Удмуртская Республика,2001,27.0,0.4460813956681322,41407.0,109.1,69.7,317.0,106.4
Удмуртская Республика,2002,25.0,0.4218996940506443,49800.6,98.9,69.7,298.0,98.7
Удмуртская Республика,2003,26.0,0.179927331540021,56904.4,103.2,69.9,284.0,107.6
Удмуртская Республика,2004,28.0,0.1716142814214776,64732.3,97.2,69.8,294.0,104.2
Удмуртская Республика,2005,28.0,0.2305120243322454,90316.3,102.4,70.0,289.0,100.5
Удмуртская Республика,2006,30.0,0.3305802600569613,106891.0,105.7,70.3,292.0,101.5
Удмуртская Республика,2007,27.0,0.2732123041672299,133904.7,99.7,70.4,299.0,97.4
Удмуртская Республика,2008,25.0,0.560978548998398,158850.7,103.5,69.2,293.0,100.7
Удмуртская Республика,2009,23.0,0.3545273347902882,151268.7,101.5,69.3,272.0,95.1
Удмуртская Республика,2010,105.0,0.0926634717044076,180316.9,84.9,68.7,301.0,106.1
Удмуртская Республика,2011,127.0,0.0671377803704938,221393.0,120.7,68.4,305.0,110.1
Удмуртская Республика,2012,117.12,0.3559555741186487,246402.0,97.1,64.5,291.03,102.6
Удмуртская Республика,2013,112.19,0.2688996076286314,268445.7,95.3,64.8,280.52,101.8
Удмуртская Республика,2014,116.07,0.2149226687713586,299199.0,110.7,65.0,281.96,99.2
Удмуртская Республика,2015,133.26,0.2095859882571384,344742.8,99.4,65.1,294.45,102.6
Удмуртская Республика,2016,109.47,0.3173771023058464,380430.8,98.7,65.2,292.28,106.8
Удмуртская Республика,2017,85.76,0.2018946533125599,396367.8,99.3,65.3,274.27,97.7
Удмуртская Республика,2018,93.1,0.1369296564735449,457661.1,101.0,65.5,270.58,102.0
Удмуртская Республика,2019,93.05,0.1806848208332065,489587.1,99.2,65.6,275.7,101.5
Удмуртская Республика,2020,76.62,0.2185689827427353,466779.7,104.3,65.7,251.1,95.2
Удмуртская Республика,2021,74.61,0.1453114149461885,596319.8,98.2,65.7,259.91,108.9
Удмуртская Республика,2022,74.21,0.1968954474245584,668044.0,104.1,65.8,268.5,103.7
Удмуртская Республика,2023,68.0,0.3486406704214334,766.8,99.0,65.8,234.0,113.6
Ульяновская область,2000,149.0,0.4064257767548906,21411.5,100.8,73.0,185.0,97.4
Ульяновская область,2001,130.0,0.3358503874119636,27453.2,109.5,73.1,189.0,90.3
Ульяновская область,2002,127.0,0.3260586290693346,32922.8,97.0,73.2,208.0,107.2
Ульяновская область,2003,109.0,0.6270798034948346,40195.3,94.0,72.8,195.0,106.4
Ульяновская область,2004,105.0,0.4056754714744966,49606.5,94.9,72.9,179.0,99.8
Ульяновская область,2005,115.0,0.5826116469192548,59804.8,100.0,73.0,181.0,109.8
Ульяновская область,2006,115.0,0.6417093426895263,76474.6,103.4,73.2,175.0,104.5
Ульяновская область,2007,118.0,1.0643768417709234,94375.6,98.6,73.4,174.0,108.5
Ульяновская область,2008,113.0,0.3830723724335563,114808.0,114.2,73.5,166.0,100.8
Ульяновская область,2009,106.0,0.3512358717229593,118179.9,101.2,73.3,154.0,75.2
Ульяновская область,2010,111.0,0.7690737081410316,137518.4,70.8,73.6,182.0,114.4
Ульяновская область,2011,115.0,0.0598351966958864,173978.3,179.3,73.8,157.0,112.1
Ульяновская область,2012,110.48,0.2152965566036363,188459.0,87.9,74.1,165.5,102.5
Ульяновская область,2013,105.41,0.1852744199055594,209206.7,106.3,74.3,157.08,99.4
Ульяновская область,2014,100.45,0.254689496219982,221102.6,98.6,74.6,159.74,102.9
Ульяновская область,2015,121.9,0.2613772176809508,242632.5,94.9,74.9,128.3,102.4
Ульяновская область,2016,124.94,0.0705152979373203,293809.4,117.0,75.2,125.02,101.3
Ульяновская область,2017,101.19,0.1659305510609002,301710.0,106.5,75.5,120.13,106.6
Ульяновская область,2018,93.78,0.0551519439819548,313348.9,96.5,75.9,117.6,100.9
Ульяновская область,2019,94.03,0.0317320932263769,347071.2,104.5,76.1,113.38,102.1
Ульяновская область,2020,88.91,0.0869029673856166,361772.2,115.8,76.4,113.03,96.4
Ульяновская область,2021,91.44,0.0007413975757282,423969.7,84.5,76.8,114.44,111.8
Ульяновская область,2022,90.08,0.000592027398335,496339.6,124.2,77.0,112.44,95.3
Ульяновская область,2023,87.0,0.0006260062006827,572.4,93.7,77.1,116.0,115.1
Хабаровский край,2000,231.0,0.7044176384524684,44171.2,96.0,80.6,465.0,124.7
Хабаровский край,2001,236.0,0.6656527915986056,54983.9,104.7,80.6,467.0,112.3
Хабаровский край,2002,220.0,0.1929338951751929,70162.9,100.2,80.6,447.0,105.1
Хабаровский край,2003,221.0,0.3436799603844973,81613.4,96.5,80.7,443.0,110.36
Хабаровский край,2004,222.0,0.2058088734385605,94795.1,96.4,81.0,404.0,101.7
Хабаровский край,2005,217.0,0.4126619783317535,116257.5,94.6,81.3,397.0,104.5
Хабаровский край,2006,209.0,0.9462492458545164,141994.7,97.8,81.6,362.0,89.3
Хабаровский край,2007,203.0,1.4823626461997153,170398.0,97.1,81.7,349.0,110.1
Хабаровский край,2008,196.0,0.6246759586386139,198951.6,102.1,81.7,357.0,92.6
Хабаровский край,2009,193.0,0.7526802539876069,205081.0,99.4,81.8,370.0,93.2
Хабаровский край,2010,191.0,0.3164223962026107,262685.8,97.3,81.8,369.0,111.0
Хабаровский край,2011,188.0,0.6454623215251873,297709.4,100.2,81.9,368.0,116.9
Хабаровский край,2012,175.52,1.817326389863977,326613.3,99.5,82.2,369.34,109.6
Хабаровский край,2013,177.9,4.249380204117035,371974.6,92.3,82.4,365.31,102.2
Хабаровский край,2014,167.26,1.0199867096427773,403598.0,101.0,82.6,358.94,102.5
Хабаровский край,2015,171.19,1.52367108470519,446937.5,87.7,82.8,368.38,102.0
Хабаровский край,2016,172.24,0.6066486149623198,505753.3,89.7,82.9,364.16,101.8
Хабаровский край,2017,171.31,0.9856151792890904,526220.9,102.5,83.1,369.53,109.1
Хабаровский край,2018,189.82,1.2056683576920473,576902.1,100.4,83.1,389.04,100.3
Хабаровский край,2019,181.98,1.1521547769317932,613006.2,81.3,83.2,381.63,102.5
Хабаровский край,2020,157.93,0.7112172787455503,657755.0,105.4,83.3,376.88,100.2
Хабаровский край,2021,152.23,0.9351869546237744,786590.9,97.6,83.5,347.21,110.0
Хабаровский край,2022,161.78,2.315211659720671,828825.8,90.5,83.5,364.07,103.2
Хабаровский край,2023,174.0,1.619812319401924,985.4,94.4,83.5,367.0,100.0
Ханты-Мансийский автономный округ — Югра,2000,33.0,1.344555054179785,25320.1,101.7,91.2,876.0,105.2
Ханты-Мансийский автономный округ — Югра,2001,33.0,1.6494234523618752,32037.2,102.0,90.9,847.0,106.1
Ханты-Мансийский автономный округ — Югра,2002,35.0,0.7282393048842183,41322.8,60.8,90.9,721.0,107.5
Ханты-Мансийский автономный округ — Югра,2003,38.0,1.1029273178079186,496127.8,185.0,90.8,909.0,112.7
Ханты-Мансийский автономный округ — Югра,2004,31.0,0.7487383607867212,655886.9,97.9,90.8,1054.0,108.6
Ханты-Мансийский автономный округ — Югра,2005,31.0,0.8239504896572724,955182.6,111.5,90.8,1199.0,104.2
Ханты-Мансийский автономный округ — Югра,2006,33.0,0.5972363289538636,1083321.7,103.9,91.0,1340.0,103.8
Ханты-Мансийский автономный округ — Югра,2007,38.0,0.4387771226984132,1165266.9,87.2,91.1,1351.0,101.5
Ханты-Мансийский автономный округ — Югра,2008,42.0,0.5008758031284058,1293353.6,108.0,91.3,1560.0,99.7
Ханты-Мансийский автономный округ — Югра,2009,46.0,0.3979092210547053,1175747.8,106.0,91.4,1184.0,97.5
Ханты-Мансийский автономный округ — Югра,2010,55.0,1.2260490148820624,1289497.0,99.3,91.5,1185.0,98.6
Ханты-Мансийский автономный округ — Югра,2011,39.0,0.8087501543783673,1574827.3,108.4,91.6,1439.0,98.7
Ханты-Мансийский автономный округ — Югра,2012,40.84,0.9985672995164744,1717564.9,102.7,91.7,1388.39,98.6
Ханты-Мансийский автономный округ — Югра,2013,77.61,0.893911720485677,1713073.1,101.7,91.8,1467.77,98.4
Ханты-Мансийский автономный округ — Югра,2014,545.07,0.5851519117871361,1778654.0,97.6,91.9,2410.87,98.7
Ханты-Мансийский автономный округ — Югра,2015,462.99,0.6753341020571367,1942026.4,100.6,91.9,2819.43,97.5
Ханты-Мансийский автономный округ — Югра,2016,891.4,0.3660170333081975,1906072.7,103.7,92.0,3468.26,100.5
Ханты-Мансийский автономный округ — Югра,2017,86.21,0.3355028217357719,2146291.8,105.0,91.9,3337.26,99.1
Ханты-Мансийский автономный округ — Югра,2018,83.97,0.1727987751322757,2702932.4,101.1,92.0,3370.7,100.1
Ханты-Мансийский автономный округ — Югра,2019,83.12,0.2975578781436615,2716456.6,96.5,92.0,3249.86,100.8
Ханты-Мансийский автономный округ — Югра,2020,93.57,0.1354705143765455,1975988.9,104.5,92.0,2719.53,91.6
Ханты-Мансийский автономный округ — Югра,2021,86.44,0.0832545426294592,3341316.0,85.8,92.1,2777.85,102.0
Ханты-Мансийский автономный округ — Югра,2022,70.18,0.1692256513027796,4003533.3,88.1,92.2,2849.66,103.1
Ханты-Мансийский автономный округ — Югра,2023,69.0,0.2527948539463907,4945.3,98.4,92.3,2884.0,98.5
Челябинская область,2000,741.0,1.1922355488093166,33012.3,89.3,81.6,873.0,117.17
Челябинская область,2001,774.0,1.1760014431928818,39216.5,110.8,81.7,872.0,101.96
Челябинская область,2002,749.0,1.2774262611454923,47775.7,103.7,81.8,838.0,102.2
Челябинская область,2003,721.0,0.9775156913362024,61444.7,110.1,81.9,812.0,108.97
Челябинская область,2004,666.0,0.602251735095726,81894.8,83.8,82.1,799.0,104.5
Челябинская область,2005,660.0,1.1569024440703033,99159.8,128.1,81.7,796.0,105.3
Челябинская область,2006,655.0,0.9454093592113092,127442.5,114.2,81.8,788.0,110.5
Челябинская область,2007,657.0,0.8233657382161916,164797.5,98.3,81.8,766.0,112.5
Челябинская область,2008,750.0,0.9837510931271328,190565.5,100.3,81.9,743.0,96.3
Челябинская область,2009,691.0,1.162195178221041,159901.0,100.5,81.9,684.0,80.1
Челябинская область,2010,845.0,1.3163746284648217,187673.7,87.5,82.0,868.0,111.0
Челябинская область,2011,836.0,1.243372232215609,222658.0,129.8,82.1,677.0,107.5
Челябинская область,2012,743.86,1.100457817911587,241735.4,81.5,82.2,638.13,101.7
Челябинская область,2013,712.77,0.9417796730419896,252946.0,109.6,82.4,602.76,99.9
Челябинская область,2014,678.92,1.242556448803834,284416.7,105.0,82.5,585.89,104.0
Челябинская область,2015,725.4,0.9771864655457504,345485.3,107.7,82.6,581.17,98.0
Челябинская область,2016,692.54,1.1888993783883597,380470.0,103.4,82.6,554.56,96.4
Челябинская область,2017,691.3,1.150689747159652,404819.8,102.6,82.7,567.59,104.6
Челябинская область,2018,647.02,2.0983514769424083,436365.4,97.7,82.7,777.98,101.1
Челябинская область,2019,230.05,1.2926711676374687,445545.7,96.1,82.7,738.61,101.0
Челябинская область,2020,325.25,2.1750672629624006,463603.9,88.4,82.7,991.33,99.2
Челябинская область,2021,283.63,2.362428542288844,601401.1,97.1,82.6,983.8,106.0
Челябинская область,2022,286.92,3.54029725812094,673544.8,116.9,82.6,876.59,98.5
Челябинская область,2023,244.0,2.216501654677487,761.2,92.3,82.5,915.0,110.8
Чувашская Республика — Чувашия,2000,132.0,0.3205500302238303,17276.5,102.2,60.3,160.0,103.2
Чувашская Республика — Чувашия,2001,130.0,0.4999847296002079,23253.6,103.6,60.5,157.0,107.2
Чувашская Республика — Чувашия,2002,123.0,0.4417798529340571,28261.3,98.2,60.7,154.0,98.4
Чувашская Республика — Чувашия,2003,126.0,0.7312850214144385,34540.2,99.2,60.9,157.0,107.8
Чувашская Республика — Чувашия,2004,134.0,0.2120445564996693,45955.1,98.1,60.9,148.0,106.4
Чувашская Республика — Чувашия,2005,121.0,0.7621902362822013,54001.9,100.4,61.0,131.0,107.4
Чувашская Республика — Чувашия,2006,121.0,0.2835057742669472,73147.3,104.3,57.2,126.0,118.9
Чувашская Республика — Чувашия,2007,118.0,0.2844095702585512,97528.7,101.1,61.4,115.0,113.2
Чувашская Республика — Чувашия,2008,115.0,0.073543384185102,122980.3,105.0,57.8,119.0,102.7
Чувашская Республика — Чувашия,2009,91.0,0.3211125763439938,111300.3,104.5,58.3,107.0,74.0
Чувашская Республика — Чувашия,2010,86.0,0.6486824987983864,125843.0,73.3,58.9,122.0,111.9
Чувашская Республика — Чувашия,2011,10.0,1.3422346078119265,151271.1,136.9,59.4,112.0,111.7
Чувашская Республика — Чувашия,2012,10.53,2.241154323433313,175241.5,99.5,59.8,108.31,110.3
Чувашская Республика — Чувашия,2013,9.95,0.6160950248691563,180269.2,88.6,60.1,103.78,100.5
Чувашская Республика — Чувашия,2014,8.98,1.357786910100435,192495.0,100.5,60.7,101.4,104.7
Чувашская Республика — Чувашия,2015,37.49,1.126275698647471,204254.0,105.7,61.2,96.78,95.0
Чувашская Республика — Чувашия,2016,36.99,0.3350319030728334,231831.3,100.1,61.9,97.7,106.6
Чувашская Республика — Чувашия,2017,33.11,0.3243229879482964,242201.7,100.2,62.4,92.11,103.7
Чувашская Республика — Чувашия,2018,83.99,0.3779698183548947,260155.2,100.6,62.9,94.1,103.3
Чувашская Республика — Чувашия,2019,72.7,0.2267613458289247,280743.4,105.7,63.3,90.03,104.7
Чувашская Республика — Чувашия,2020,58.14,0.799797079235617,288278.8,104.3,63.5,86.35,97.7
Чувашская Республика — Чувашия,2021,58.65,0.4850671156463639,336235.7,89.9,64.0,89.31,98.9
Чувашская Республика — Чувашия,2022,55.85,0.2347485027611805,425530.9,117.8,64.3,87.98,102.3
Чувашская Республика — Чувашия,2023,58.0,0.052317855133576,513.9,100.5,64.5,90.0,130.7
Чукотский автономный округ,2000,5.0,0.0,65963.0,41.4,66.4,27.0,100.0
Чукотский автономный округ,2001,5.0,0.0,123130.9,129.6,66.4,27.0,86.0
Чукотский автономный округ,2002,6.0,0.0,187368.1,92.7,66.4,27.0,273.7
Чукотский автономный округ,2003,4.44,0.0,256992.1,99.8,65.4,24.0,84.1
Чукотский автономный округ,2004,4.85,0.0,238227.2,115.2,65.1,22.0,106.2
Чукотский автономный округ,2005,4.3,0.0,237134.5,104.3,64.9,21.0,120.4
Чукотский автономный округ,2006,4.61,0.0,295107.1,158.2,65.0,26.0,90.9
Чукотский автономный округ,2007,4.6,0.0,396907.1,122.4,65.0,25.0,97.7
Чукотский автономный округ,2008,6.0,0.0,582270.4,106.9,64.7,27.0,177.4
Чукотский автономный округ,2009,6.0,0.0,872422.0,141.0,64.6,26.0,116.3
Чукотский автономный округ,2010,5.0,0.0,767845.6,101.3,64.9,25.0,86.2
Чукотский автономный округ,2011,5.0,1.0506725114840831,885553.4,146.5,65.8,24.0,87.1
Чукотский автономный округ,2012,5.37,0.5977680846914246,902872.7,66.2,66.2,22.71,93.5
Чукотский автономный округ,2013,4.9,1.4325800764163903,886695.4,61.1,66.7,25.88,116.6
Чукотский автономный округ,2014,4.86,0.7794688084943542,1158757.2,160.3,67.2,26.54,138.5
Чукотский автономный округ,2015,4.07,0.1848529938204112,1248443.5,78.0,67.8,25.14,101.9
Чукотский автономный округ,2016,3.16,0.746620740681214,1475863.4,137.6,68.3,23.52,93.4
Чукотский автономный округ,2017,3.05,2.259847846551161,1508337.9,103.4,68.4,24.07,90.2
Чукотский автономный округ,2018,3.02,0.6519108730727644,1736306.1,94.7,68.5,26.36,100.4
Чукотский автономный округ,2019,2.95,0.6857708300436866,1965793.7,116.2,69.0,26.91,105.8
Чукотский автономный округ,2020,2.89,0.5921021697482438,2495513.7,85.8,68.3,22.92,101.0
Чукотский автономный округ,2021,2.91,0.0642379324455477,2932794.0,98.4,68.8,24.46,103.6
Чукотский автономный округ,2022,2.89,0.0070829915323155,2946171.5,106.0,69.1,78.17,86.8
Чукотский автономный округ,2023,3.0,0.4284813726571881,3895.1,91.5,69.4,100.0,110.0
Ямало-Ненецкий автономный округ,2000,28.0,0.930433011559272,25320.1,105.0,83.3,160.0,100.2
Ямало-Ненецкий автономный округ,2001,33.0,0.5246503421571335,32037.2,101.2,83.3,157.0,105.3
Ямало-Ненецкий автономный округ,2002,33.0,0.4446220461700134,41322.8,87.8,83.4,166.0,107.6
Ямало-Ненецкий автономный округ,2003,32.0,0.8259510165222833,555559.1,107.9,83.3,171.0,107.8
Ямало-Ненецкий автономный округ,2004,33.0,0.2333519997840988,693795.0,88.4,84.7,157.0,103.1
Ямало-Ненецкий автономный округ,2005,31.0,0.3321914381404767,856078.1,86.8,84.8,166.0,98.0
Ямало-Ненецкий автономный округ,2006,59.0,0.3940969584845903,1051708.7,105.3,84.8,168.0,102.9
Ямало-Ненецкий автономный округ,2007,49.0,0.3941881715602344,1137450.8,101.5,84.7,135.0,95.7
Ямало-Ненецкий автономный округ,2008,48.0,0.4150099458296323,1374235.3,112.1,84.7,131.0,97.7
Ямало-Ненецкий автономный округ,2009,33.0,1.321270078812881,1240827.1,105.3,84.7,122.0,89.9
Ямало-Ненецкий автономный округ,2010,44.0,0.8090691240987611,1491259.7,105.3,84.8,235.0,104.7
Ямало-Ненецкий автономный округ,2011,39.0,0.5790562962576533,1826634.0,103.7,84.9,220.0,102.2
Ямало-Ненецкий автономный округ,2012,33.89,0.4725865858163866,2232962.1,103.2,85.0,222.84,99.5
Ямало-Ненецкий автономный округ,2013,24.69,0.283495537542987,2590586.8,94.8,85.1,225.36,106.2
Ямало-Ненецкий автономный округ,2014,22.42,0.5978218080250906,3104445.4,95.9,84.9,217.83,100.0
Ямало-Ненецкий автономный округ,2015,23.1,1.042617596266065,3450828.8,102.2,84.7,223.49,104.5
Ямало-Ненецкий автономный округ,2016,32.14,0.9451597956173317,3950647.2,99.1,84.7,213.01,106.0
Ямало-Ненецкий автономный округ,2017,31.06,2.1335412780645897,4798760.9,105.8,84.7,201.88,109.1
Ямало-Ненецкий автономный округ,2018,29.32,0.7513963352693694,5972394.9,96.2,84.7,177.88,117.0
Ямало-Ненецкий автономный округ,2019,29.02,0.9376361027110184,6189325.8,98.5,84.7,179.69,116.9
Ямало-Ненецкий автономный округ,2020,28.83,0.5529146310818469,5433087.8,106.2,84.6,174.56,100.1
Ямало-Ненецкий автономный округ,2021,28.6,4.531654694776407,8272866.4,119.5,84.7,180.81,108.7
Ямало-Ненецкий автономный округ,2022,28.94,1.765860512743718,10453480.0,96.5,84.7,180.57,98.3
Ямало-Ненецкий автономный округ,2023,25.0,1.9611606071143448,10462.2,80.7,85.2,189.0,97.1
Ярославская область,2000,306.0,2.788611032613121,29828.0,104.3,80.6,358.0,112.98
Ярославская область,2001,312.0,1.5491728482279523,44116.3,101.6,80.8,358.0,106.3
Ярославская область,2002,316.0,0.7733617125239334,54917.2,92.9,81.0,357.0,100.7
Ярославская область,2003,306.0,0.3494353418033873,67915.1,99.6,81.1,342.0,102.5
Ярославская область,2004,303.0,0.969112947766205,84008.1,92.1,81.3,333.0,107.5
Ярославская область,2005,287.0,1.6950524982076478,99335.1,101.1,81.5,334.0,105.5
Ярославская область,2006,284.0,0.276493215400828,117309.2,100.2,81.7,305.0,105.6
Ярославская область,2007,208.0,0.5820155163403947,143936.4,100.4,81.9,325.0,106.8
Ярославская область,2008,204.0,0.7496988782779699,166711.8,99.3,82.0,307.0,99.0
Ярославская область,2009,184.0,0.9346355444969168,165757.6,102.9,82.1,279.0,83.4
Ярославская область,2010,240.0,0.250804944000267,187875.5,92.9,82.2,278.0,106.2
Ярославская область,2011,218.0,0.2304761967818655,225946.2,111.4,82.1,240.0,111.3
Ярославская область,2012,229.0,0.1323727479500708,258012.8,106.7,82.0,224.77,104.1
Ярославская область,2013,211.45,0.2304535941782794,286429.5,97.6,81.9,224.26,98.5
Ярославская область,2014,192.96,0.3676551897140673,309496.2,107.5,81.8,210.13,104.6
Ярославская область,2015,201.38,0.4035689546716755,350815.3,100.6,81.7,190.07,105.6
Ярославская область,2016,179.24,0.3826026624021835,395781.0,104.3,81.7,197.86,105.3
Ярославская область,2017,177.8,0.341595404505886,425801.3,96.8,81.8,190.2,111.5
Ярославская область,2018,173.63,0.406453642556022,467688.6,105.7,81.5,193.53,104.7
Ярославская область,2019,169.01,0.7667871403928223,491362.8,106.0,81.4,194.64,104.9
Ярославская область,2020,159.32,0.7417682266486962,497907.8,98.7,81.2,180.32,99.7
Ярославская область,2021,148.32,0.6505615559022145,572665.4,100.0,81.1,181.02,111.2
Ярославская область,2022,146.39,0.7526354206089063,623525.1,101.2,81.0,186.76,103.8
Ярославская область,2023,143.0,1.1670310986538823,713.4,105.1,80.8,180.0,107.0
г. Москва,2000,2115.0,0.3923032111223657,115630.5,102.6,100.0,2655.0,120.61
г. Москва,2001,2145.0,0.4475671421360712,134435.8,103.6,100.0,2526.0,107.7
г. Москва,2002,2661.0,0.3317897203397363,171127.8,99.4,100.0,2777.0,115.29
г. Москва,2003,2015.0,0.3352192398290583,209174.1,99.9,100.0,2712.0,121.99
г. Москва,2004,2012.0,0.1730862079624784,268390.3,99.2,100.0,2685.0,107.7
г. Москва,2005,1959.0,0.1832007683582132,381997.1,100.3,100.0,2634.0,123.5
г. Москва,2006,1857.0,0.2144913054038216,477873.0,102.7,100.0,2518.0,119.6
г. Москва,2007,1726.0,0.1946769801664335,601146.9,102.3,100.0,2363.0,91.1
г. Москва,2008,1684.0,0.1950470088930894,734242.0,104.6,100.0,2239.0,88.1
г. Москва,2009,1595.0,0.1645356168349971,628930.3,102.7,100.0,1794.0,93.7
г. Москва,2010,909.0,0.1790769090586215,730774.2,94.3,100.0,1496.0,97.8
г. Москва,2011,908.0,0.1578973941389032,857290.0,111.4,100.0,1524.0,100.7
г. Москва,2012,928.63,0.1391696280553888,907114.4,111.3,100.0,1779.85,100.4
г. Москва,2013,945.77,0.2531221896179987,989278.4,84.6,100.0,1700.36,95.3
г. Москва,2014,862.86,0.27193675896751,1055307.1,99.6,100.0,1709.48,98.9
г. Москва,2015,817.79,0.2649236758402454,1101222.1,94.4,100.0,1540.55,97.2
г. Москва,2016,824.76,0.4591629267353044,1216874.1,93.9,100.0,1521.36,102.7
г. Москва,2017,844.57,0.3170193025058759,1315542.6,94.8,100.0,1395.73,100.7
г. Москва,2018,854.59,0.1978460118120799,1473322.5,82.5,100.0,1328.23,105.7
г. Москва,2019,819.87,0.1809712210713989,1536186.0,85.4,100.0,1333.96,107.3
г. Москва,2020,798.57,0.2429007290299494,1562963.6,84.6,100.0,1298.81,114.7
г. Москва,2021,806.53,0.2401891440457218,1866988.7,87.3,100.0,1331.03,127.7
г. Москва,2022,736.55,0.1584641141841864,2182863.0,92.8,100.0,1338.97,115.5
г. Москва,2023,833.0,0.0704782023944734,2463.6,70.8,100.0,1331.0,119.0
г. Санкт-Петербург,2000,1271.0,0.2605331406745536,39811.1,106.2,100.0,1156.0,102.02
г. Санкт-Петербург,2001,1245.0,0.3845529424480557,53525.3,105.28,100.0,1182.0,106.97
г. Санкт-Петербург,2002,1183.0,0.4529396128156182,72059.8,104.36,100.0,1161.0,129.62
г. Санкт-Петербург,2003,1203.0,0.7899753563202678,87919.3,103.44,100.0,1165.0,111.43
г. Санкт-Петербург,2004,1182.0,0.9882955797559996,116030.9,102.52,100.0,1138.0,113.7
г. Санкт-Петербург,2005,1188.0,2.721264785573914,141795.6,101.6,100.0,1168.0,105.7
г. Санкт-Петербург,2006,1174.0,1.1977864320581824,174432.8,99.02,100.0,1167.0,98.0
г. Санкт-Петербург,2007,1187.0,0.7328467929067414,235410.3,96.44,100.0,1179.0,110.1
г. Санкт-Петербург,2008,1174.0,0.9496834980678004,299436.0,93.86,100.0,1146.0,103.6
г. Санкт-Петербург,2009,1106.0,0.9723901384552556,306454.8,91.28,100.0,1113.0,83.4
г. Санкт-Петербург,2010,1346.0,1.1310718108718023,349253.6,88.7,100.0,1017.0,107.8
г. Санкт-Петербург,2011,1239.0,0.7988092294220657,423715.0,123.0,100.0,912.0,114.6
г. Санкт-Петербург,2012,1217.52,0.7900610675373811,453981.0,95.2,100.0,1043.34,104.7
г. Санкт-Петербург,2013,1156.9,1.0146494455598931,485317.0,105.8,100.0,964.13,99.6
г. Санкт-Петербург,2014,1057.92,0.5644568861532911,508256.7,103.5,100.0,905.37,93.6
г. Санкт-Петербург,2015,1023.36,0.7115102929290356,638685.1,102.6,100.0,873.19,93.0
г. Санкт-Петербург,2016,1093.18,0.6993336755660089,763731.9,104.8,100.0,867.23,103.9
г. Санкт-Петербург,2017,977.33,0.5710732360591947,785866.0,103.825,100.0,851.81,105.4
г. Санкт-Петербург,2018,897.12,0.5571830093613697,866794.9,102.85,100.0,813.01,104.4
г. Санкт-Петербург,2019,920.33,0.2507553176508731,932159.6,101.875,100.0,806.26,104.5
г. Санкт-Петербург,2020,914.37,0.3524922362311538,954862.8,100.9,100.0,759.13,98.4
г. Санкт-Петербург,2021,945.06,0.2275707922214675,1682758.7,101.1,100.0,790.51,106.4
г. Санкт-Петербург,2022,932.7,0.1022139662961807,1992591.6,103.4,100.0,782.23,106.1
г. Санкт-Петербург,2023,936.0,0.2663475652977788,1948.2,101.1,100.0,792.0,113.1
