,Регион,Год,V_сточ_вод_млн_м3,ВРП_на_душу_руб,Индексы_производства_продукции_СХ_%,Доля_городского_населения_%,Использование_свеж_воды_млн_м3,Индекс_промыш_производства_%,Коэф_смерт_насел,Числ_насел,Оборот_вод_млн_м3
0,Алтайский край,2000,31.0,17660.5,122.0,52.8,569.0,109.2,14.3,2641.1,1216.0
1,Алтайский край,2001,34.0,23509.0,104.5,53.1,599.0,109.4,14.7,2621.1,998.0
2,Алтайский край,2002,36.0,27991.2,103.1,53.2,563.0,100.1,15.7,2602.6,983.0
3,Алтайский край,2003,36.0,34295.8,100.8,53.5,516.0,105.5,15.9,2572.0,984.0
4,Алтайский край,2004,36.0,44934.9,99.5,53.7,488.0,102.6,15.9,2539.4,969.0
5,Алтайский край,2005,34.0,53812.4,91.1,54.0,451.0,96.8,16.9,2503.5,964.0
6,Алтайский край,2006,27.0,69852.0,109.4,54.2,455.0,110.3,15.5,2473.0,985.0
7,Алтайский край,2007,26.0,90759.9,108.6,54.3,471.0,113.5,15.2,2453.5,1001.0
8,Алтайский край,2008,22.0,106019.5,93.2,54.5,481.0,103.3,15.3,2438.9,1020.0
9,Алтайский край,2009,17.0,109088.7,118.3,54.3,461.0,92.0,14.7,2430.7,998.0
10,Алтайский край,2010,15.0,124955.8,93.5,54.8,340.0,122.0,15,2417.3,859.0
11,Алтайский край,2011,12.0,137975.9,101.2,55.2,408.0,104.5,14.6,2396.8,860.0
12,Алтайский край,2012,8.04,154560.6,86.4,55.6,406.93,104.4,14.7,2378.0,860.02
13,Алтайский край,2013,8.07,175666.0,121.9,55.9,404.84,101.3,14.3,2359.5,770.38
14,Алтайский край,2014,10.73,189679.2,85.8,56.2,410.61,98.9,14.4,2343.4,827.47
15,Алтайский край,2015,16.24,209023.2,106.5,56.5,386.73,100.1,14.4,2325.0,908.24
16,Алтайский край,2016,18.05,230047.1,112.0,56.7,376.43,102.5,14.4,2303.6,868.36
17,Алтайский край,2017,17.34,238056.6,101.8,56.9,364.05,103.7,14.4,2277.7,814.78
18,Алтайский край,2018,17.33,256081.7,103.3,57.2,349.42,100.8,14.7,2250.1,816.65
19,Алтайский край,2019,32.27,280785.0,98.8,57.6,344.55,101.9,14.6,2224.1,812.84
20,Алтайский край,2020,13.18,300706.5,96.7,57.9,353.27,101.1,17.2,2193.0,771.76
21,Алтайский край,2021,13.51,400038.7,118.4,58.2,362.59,101.7,20.1,2155.0,796.11
22,Алтайский край,2022,13.3,440933.3,104.1,58.3,374.84,103.2,15.8,2130.9,831.42
23,Алтайский край,2023,13.0,482474.4,93.1,58.5,425.0,107.1,14.4,2115.3,817.0
24,Амурская область,2000,94.0,28317.2,106.2,66.6,115.0,105.4,14.6,923.0,914.0
25,Амурская область,2001,103.0,42578.3,106.7,65.9,116.0,92.2,15.2,911.4,865.0
26,Амурская область,2002,95.0,50449.6,109.9,65.9,114.0,105.3,16.1,901.0,875.0
27,Амурская область,2003,91.0,59480.3,70.4,66.2,109.0,105.8,16.6,887.8,832.0
28,Амурская область,2004,99.0,72937.0,112.7,66.5,107.0,100.2,17.4,874.0,848.0
29,Амурская область,2005,100.0,88597.1,93.1,66.4,104.0,95.7,17.2,861.0,819.0
30,Амурская область,2006,90.0,111116.2,113.0,66.6,100.0,104.7,15.9,850.5,770.0
31,Амурская область,2007,84.0,131887.8,117.8,66.6,98.0,102.6,14.7,844.3,774.0
32,Амурская область,2008,86.0,156329.6,104.9,66.6,93.0,111.4,15.6,838.9,759.0
33,Амурская область,2009,83.0,180572.3,109.4,66.5,86.0,111.4,15.1,834.9,709.0
34,Амурская область,2010,82.0,214827.2,102.8,66.9,87.0,104.3,15.3,828.7,719.0
35,Амурская область,2011,79.0,273332.2,121.0,67.0,83.0,120.0,14.8,820.6,755.0
36,Амурская область,2012,78.02,280484.7,92.2,67.2,80.58,108.6,14.8,815.2,751.85
37,Амурская область,2013,76.97,259501.7,70.9,67.3,79.17,106.9,13.9,808.7,784.84
38,Амурская область,2014,44.62,287327.6,168.9,67.5,74.9,98.3,13.9,806.5,811.51
39,Амурская область,2015,72.77,344986.8,101.0,67.5,73.77,92.5,13.9,801.5,810.9
40,Амурская область,2016,73.77,372300.0,97.9,67.5,70.67,92.1,13.8,796.8,817.64
41,Амурская область,2017,67.38,376452.8,114.9,67.5,72.06,105.3,13.4,792.7,945.89
42,Амурская область,2018,66.82,423176.6,92.1,67.7,70.97,97.6,13.5,786.6,1033.0
43,Амурская область,2019,65.05,504185.5,87.9,67.9,71.87,109.9,14.2,782.7,1776.71
44,Амурская область,2020,65.81,577387.2,104.0,68.0,102.52,95.7,16.3,773.7,1796.88
45,Амурская область,2021,66.51,713306.9,111.2,68.2,107.45,108.9,18.7,763.6,1687.05
46,Амурская область,2022,62.76,794644.1,123.5,68.4,106.35,102.8,14.8,756.2,2618.91
47,Амурская область,2023,60.0,1054056.2,94.2,68.5,115.0,97.2,14.1,750.1,1327.0
48,Архангельская область,2000,540.0,,,75.3,832.0,,16.3,1369.1,629.0
49,Архангельская область,2001,537.0,,,75.6,828.0,,16.2,1350.5,682.0
50,Архангельская область,2002,513.0,,,75.3,755.0,,17.5,1332.7,731.0
51,Архангельская область,2003,477.0,,,75.0,713.0,,18,1315.5,686.0
52,Архангельская область,2004,454.0,,,75.5,681.0,,17.6,1299.2,824.0
53,Архангельская область,2005,464.0,,,74.0,673.0,,17.1,1281.8,841.0
54,Архангельская область,2006,464.0,,,74.4,670.0,,15.9,1266.7,861.0
55,Архангельская область,2007,475.0,,90.3,74.8,682.0,110.1,14.9,1257.2,855.0
56,Архангельская область,2008,475.0,,94.2,75.1,654.0,102.2,14.8,1246.2,875.0
57,Архангельская область,2009,413.0,,105.6,75.5,609.0,95.5,14.5,1237.5,753.0
58,Архангельская область,2010,415.0,,95.6,76.0,633.0,122.0,14.6,1224.9,809.0
59,Архангельская область,2011,375.0,233445.8,109.0,76.3,639.0,96.5,13.9,1204.1,813.0
60,Архангельская область,2012,364.27,273874.6,100.3,76.4,622.0,103.7,13.8,1183.6,848.04
61,Архангельская область,2013,341.03000000000003,288957.6,90.8,76.6,600.75,110.0,13.6,1163.7,836.92
62,Архангельская область,2014,335.86,319673.0,101.4,76.8,597.62,73.1,13.6,1146.1,854.29
63,Архангельская область,2015,329.79,365908.3,83.8,77.1,569.68,101.9,14.0,1127.8,841.49
64,Архангельская область,2016,328.66,419090.3,99.2,77.2,562.25,100.6,14.1,1110.6,842.13
65,Архангельская область,2017,325.0,466062.8,83.9,77.2,556.84,116.3,13.7,1091.1,909.69
66,Архангельская область,2018,322.78,524584.0,109.3,77.4,551.61,100.9,13.9,1071.6,912.11
67,Архангельская область,2019,322.87,546989.7,96.3,77.4,536.2199999999999,102.1,13.9,1055.5,866.23
68,Архангельская область,2020,320.63000000000005,548518.4,101.9,77.5,542.9000000000001,99.1,15.9,1037.3,936.42
69,Архангельская область,2021,292.68,681214.5,97.9,77.6,531.9,100.9,19.3,1016.0,935.15
70,Архангельская область,2022,277.51,722234.1,98.9,77.8,494.98,95.5,15.5,1005.7,915.11
71,Архангельская область,2023,247.0,793259.7,101.5,78.1,500.0,98.8,14.1,998.1,817.0
72,Астраханская область,2000,84.0,27815.3,108.2,67.9,1322.0,90.2,14.3,1009.3,292.0
73,Астраханская область,2001,83.0,32037.2,107.2,67.6,1252.0,117.4,14.6,1005.5,289.0
74,Астраханская область,2002,78.0,40786.8,103.6,67.7,1111.0,100.6,15.3,1004.8,314.0
75,Астраханская область,2003,71.0,50386.3,102.5,67.9,1190.0,103.5,15.5,1006.1,313.0
76,Астраханская область,2004,71.0,56357.5,104.9,67.5,971.0,101.2,14.9,1006.5,308.0
77,Астраханская область,2005,68.0,69814.0,109.1,67.7,937.0,100.8,15.4,1002.5,295.0
78,Астраханская область,2006,73.0,84950.0,108.2,66.9,938.0,100.9,14.6,1001.3,267.0
79,Астраханская область,2007,72.0,99999.4,108.5,67.7,891.0,111.6,14,1005.9,264.0
80,Астраханская область,2008,73.0,146391.0,115.2,66.6,873.0,110.3,13.5,1009.9,265.0
81,Астраханская область,2009,71.0,133018.5,118.5,66.7,853.0,93.4,13.3,1011.1,271.0
82,Астраханская область,2010,69.0,143388.8,102.4,66.7,772.0,113.0,13.5,1009.8,261.0
83,Астраханская область,2011,71.0,170798.2,110.5,66.5,1085.0,107.5,13,1011.5,243.0
84,Астраханская область,2012,55.67,207683.9,106.1,66.3,849.63,118.7,12.7,1007.5,71.89
85,Астраханская область,2013,52.4,271899.3,100.7,66.2,799.55,115.5,12.3,1007.4,229.23
86,Астраханская область,2014,50.15,293883.9,100.3,65.8,756.6,102.9,12.8,1009.2,245.63
87,Астраханская область,2015,40.74,320199.0,102.3,65.6,730.88,109.6,12.5,1003.9,512.78
88,Астраханская область,2016,51.16,367483.2,101.0,65.4,793.75,108.6,12.2,1001.5,492.67
89,Астраханская область,2017,48.54,442846.1,109.4,65.4,693.21,152.6,11.6,997.4,492.38
90,Астраханская область,2018,49.09,582565.6,108.7,65.3,695.94,116.3,11.8,991.1,492.2
91,Астраханская область,2019,36.39,610661.5,101.8,65.1,646.04,103.7,11.6,979.9,358.5
92,Астраханская область,2020,30.26,541099.0,102.3,64.7,619.95,97.3,14.0,969.0,387.87
93,Астраханская область,2021,34.13,688988.3,101.7,64.3,576.13,93.9,16.9,957.8,471.42
94,Астраханская область,2022,35.11,801999.8,106.6,64.1,672.86,100.0,12.7,950.6,503.19
95,Астраханская область,2023,85.0,819951.6,103.0,63.9,561.0,100.6,11.8,946.4,1860.0
96,Белгородская область,2000,45.0,27969.5,120.3,65.2,354.0,109.1,15.5,1507.0,1559.0
97,Белгородская область,2001,13.0,33126.7,107.7,65.2,346.0,110.1,16.1,1508.1,1575.0
98,Белгородская область,2002,6.0,41327.4,101.7,65.2,368.0,116.0,16.2,1511.9,1589.0
99,Белгородская область,2003,10.0,50271.4,100.1,65.4,394.0,106.2,16.1,1513.9,1606.0
100,Белгородская область,2004,11.0,75629.4,107.1,65.4,361.0,106.3,16.2,1511.7,1610.0
101,Белгородская область,2005,11.0,95911.2,114.8,65.6,314.0,112.9,16,1511.7,1618.0
102,Белгородская область,2006,11.0,118211.4,113.0,65.8,290.0,113.4,15.3,1514.2,1626.0
103,Белгородская область,2007,8.0,156225.1,122.4,66.0,257.0,111.3,14.8,1520.1,1675.0
104,Белгородская область,2008,11.0,208548.1,127.5,65.8,253.0,112.7,14.7,1526.3,1533.0
105,Белгородская область,2009,49.0,199046.1,108.5,65.9,234.0,103.5,14.4,1531.8,1421.0
106,Белгородская область,2010,77.0,260015.6,98.4,66.2,237.0,113.9,14.4,1532.4,1596.0
107,Белгородская область,2011,72.0,330952.8,132.0,66.2,236.0,108.7,14.1,1536.6,1691.0
108,Белгородская область,2012,70.88,354400.6,105.5,66.2,244.04,105.6,14,1541.9,1630.71
109,Белгородская область,2013,71.1,368593.1,108.0,66.1,240.98,102.1,13.8,1545.5,1654.6
110,Белгородская область,2014,66.83,400396.8,104.9,66.0,238.93,102.5,14.0,1549.8,1655.7
111,Белгородская область,2015,61.46,447022.6,104.1,65.9,243.66,105.5,13.9,1552.4,1627.91
112,Белгородская область,2016,73.64,500672.6,106.6,65.9,250.06,106.2,13.9,1555.5,1889.67
113,Белгородская область,2017,70.54,538729.8,99.5,65.8,233.24,105.0,13.5,1553.0,1918.32
114,Белгородская область,2018,70.46,587403.9,104.7,65.7,234.32,102.4,13.5,1550.9,1851.84
115,Белгородская область,2019,68.84,615578.9,102.5,65.5,233.65,103.9,13.3,1553.0,1775.85
116,Белгородская область,2020,65.9,643774.4,99.8,65.4,238.45,101.7,15.5,1545.5,1814.76
117,Белгородская область,2021,60.56,882551.8,97.3,65.3,229.03,104.4,18.2,1536.5,1847.16
118,Белгородская область,2022,58.6,859545.1,104.5,65.4,232.1,102.1,14.2,1514.5,1749.36
119,Белгородская область,2023,58.0,889768.6,105.0,65.3,224.0,104.7,13.4,1500.7,1575.0
120,Брянская область,2000,100.0,17413.5,109.3,68.6,150.0,117.3,18.2,1407.9,102.0
121,Брянская область,2001,99.0,21511.9,94.8,68.8,147.0,112.9,17.9,1391.4,95.0
122,Брянская область,2002,96.0,27020.0,98.1,68.5,144.0,105.3,19.2,1375.0,91.0
123,Брянская область,2003,94.0,31953.4,103.5,68.5,135.0,104.5,19.1,1360.2,106.0
124,Брянская область,2004,92.0,37719.1,96.2,68.2,133.0,104.7,19.1,1344.1,63.0
125,Брянская область,2005,89.0,49923.4,95.6,68.3,130.0,116.1,19.8,1327.7,60.0
126,Брянская область,2006,96.0,62187.8,100.0,68.6,126.0,111.7,18.7,1312.7,116.0
127,Брянская область,2007,94.0,78518.8,106.0,68.8,123.0,121.8,17.9,1303.3,117.0
128,Брянская область,2008,85.0,96885.4,107.9,68.9,115.0,103.2,17.8,1294.3,113.0
129,Брянская область,2009,83.0,98014.5,103.4,69.0,110.0,76.6,17,1286.5,61.0
130,Брянская область,2010,78.0,114777.6,94.2,69.1,117.0,122.9,17,1275.3,79.0
131,Брянская область,2011,75.0,137227.5,124.6,69.2,111.0,110.6,16.1,1263.7,102.0
132,Брянская область,2012,70.83,164867.2,105.6,69.3,105.51,115.7,16.2,1252.2,57.19
133,Брянская область,2013,67.78,176108.0,112.2,69.4,103.68,96.8,15.9,1240.6,38.55
134,Брянская область,2014,61.56,196473.1,114.9,69.5,97.82,102.1,16.1,1230.3,35.07
135,Брянская область,2015,57.6,221557.6,113.1,69.5,96.29,113.5,15.9,1223.1,29.96
136,Брянская область,2016,57.92,259301.1,108.9,69.6,95.13,107.3,15.6,1218.0,28.5
137,Брянская область,2017,55.12,281250.4,106.0,69.7,93.95,104.1,15.3,1208.2,27.48
138,Брянская область,2018,53.78,305284.8,103.1,69.7,90.02,102.7,15.2,1197.1,28.5
139,Брянская область,2019,50.75,334495.9,100.4,69.6,89.58,117.0,14.8,1189.2,27.75
140,Брянская область,2020,49.69,349774.4,103.0,69.5,86.92,102.0,17.0,1179.1,24.79
141,Брянская область,2021,51.4,411888.4,100.9,69.5,88.41,112.2,20.3,1164.6,22.59
142,Брянская область,2022,52.06,474159.6,110.7,69.6,88.72,120.8,15.6,1152.5,20.2
143,Брянская область,2023,53.0,546442.6,115.9,69.7,93.0,115.8,14.3,1142.4,20.0
144,Владимирская область,2000,182.0,21073.3,108.0,79.8,222.0,119.47,19.1,1558.0,412.0
145,Владимирская область,2001,182.0,27170.0,87.4,79.7,211.0,114.7,19.7,1539.2,423.0
146,Владимирская область,2002,185.0,32923.6,105.8,79.7,221.0,99.42,20.8,1520.1,343.0
147,Владимирская область,2003,174.0,40809.4,98.7,79.4,205.0,106.15,20.7,1509.6,324.0
148,Владимирская область,2004,169.0,49353.4,89.0,78.3,197.0,112.0,20.1,1497.6,339.0
149,Владимирская область,2005,155.0,58261.0,108.8,77.2,189.0,101.4,20.2,1486.5,338.0
150,Владимирская область,2006,147.0,76184.8,99.9,77.3,182.0,109.8,19.1,1475.9,330.0
151,Владимирская область,2007,141.0,99682.5,101.7,77.4,180.0,122.6,18.5,1466.8,337.0
152,Владимирская область,2008,140.0,119941.8,93.7,77.5,171.0,112.3,18.5,1457.9,316.0
153,Владимирская область,2009,129.0,127815.1,106.9,77.5,165.0,84.4,18.2,1449.8,318.0
154,Владимирская область,2010,129.0,155494.2,77.4,77.7,156.0,114.7,18,1441.1,248.0
155,Владимирская область,2011,126.0,181742.0,123.6,77.6,161.0,107.4,17.1,1433.6,314.0
156,Владимирская область,2012,123.74,200118.5,106.8,77.6,152.71,103.4,16.7,1425.0,312.27
157,Владимирская область,2013,120.02,215705.7,92.0,77.5,145.46,108.0,16.6,1418.2,247.96
158,Владимирская область,2014,110.49,231824.2,103.8,77.6,142.76,109.2,16.5,1412.1,247.5
159,Владимирская область,2015,108.55,261560.4,102.4,77.7,133.55,99.8,16.4,1405.5,258.46
160,Владимирская область,2016,108.81,307666.2,97.3,77.8,129.89,104.6,16.4,1399.8,250.89
161,Владимирская область,2017,104.52,322473.5,93.7,77.8,122.63,103.1,15.6,1390.2,233.82
162,Владимирская область,2018,98.55,346635.8,101.1,77.9,122.29,104.6,15.9,1379.4,259.43
163,Владимирская область,2019,94.42,389002.2,102.6,77.8,117.48,113.0,15.4,1373.7,254.16
164,Владимирская область,2020,95.02,404785.5,102.8,77.7,117.7,111.2,18.1,1359.0,233.38
165,Владимирская область,2021,94.26,540728.4,97.0,77.6,119.58,108.6,21.2,1342.3,295.29
166,Владимирская область,2022,91.32,585131.4,102.3,77.6,119.52,106.6,16.8,1325.5,328.86
167,Владимирская область,2023,90.0,677998.5,105.7,77.6,133.0,109.4,15.5,1309.9,321.0
168,Волгоградская область,2000,217.0,23340.8,109.5,74.9,1103.0,108.1,15.2,2725.4,1774.0
169,Волгоградская область,2001,212.0,30513.2,117.9,75.1,990.0,102.0,15.6,2709.6,1799.0
170,Волгоградская область,2002,206.0,38617.7,101.6,75.2,960.0,101.2,15.9,2694.2,1706.0
171,Волгоградская область,2003,201.0,47934.1,100.4,75.2,886.0,101.3,16.1,2672.4,1768.0
172,Волгоградская область,2004,208.0,57928.0,112.9,75.3,887.0,106.0,15.4,2656.2,1760.0
173,Волгоградская область,2005,204.0,76740.6,100.3,75.4,833.0,104.1,15.7,2640.4,1866.0
174,Волгоградская область,2006,217.0,95683.4,101.4,75.4,804.0,102.8,15.2,2630.0,1806.0
175,Волгоградская область,2007,203.0,126313.1,97.7,75.7,827.0,102.4,14.6,2623.1,1760.0
176,Волгоградская область,2008,218.0,159001.5,126.5,75.6,823.0,99.9,14.4,2618.1,1716.0
177,Волгоградская область,2009,200.0,144303.4,89.0,75.7,788.0,90.3,14.4,2614.1,1567.0
178,Волгоградская область,2010,186.0,166028.8,84.9,76.0,731.0,106.1,14.7,2607.5,1503.0
179,Волгоградская область,2011,150.0,195321.7,127.5,76.1,710.0,103.0,13.8,2598.6,1600.0
180,Волгоградская область,2012,144.43,220267.5,88.8,76.2,608.93,104.8,13.6,2590.7,1564.44
181,Волгоградская область,2013,141.2,234934.7,108.9,76.4,583.42,101.5,13.4,2580.7,1417.86
182,Волгоградская область,2014,122.62,277632.9,107.1,76.5,582.57,102.4,13.6,2572.9,1433.46
183,Волгоградская область,2015,104.21,288213.6,94.5,76.6,593.77,101.1,13.7,2565.4,1376.66
184,Волгоградская область,2016,104.7,322250.5,114.5,76.7,520.41,103.2,13.6,2558.5,1340.13
185,Волгоградская область,2017,89.2,332977.4,102.4,76.9,525.9,104.3,13.0,2548.5,1286.81
186,Волгоградская область,2018,84.29,364763.9,96.3,77.0,552.23,100.9,13.2,2538.7,1347.17
187,Волгоградская область,2019,85.25,380349.9,108.0,77.2,530.43,100.0,12.9,2526.2,1341.67
188,Волгоградская область,2020,91.69,387991.0,101.3,77.3,566.76,99.3,15.6,2513.6,1334.15
189,Волгоградская область,2021,89.21,426400.1,97.5,77.5,564.37,98.4,18.6,2492.8,1302.08
190,Волгоградская область,2022,85.92,491186.6,116.9,77.6,578.17,102.8,13.7,2470.1,1308.96
191,Волгоградская область,2023,203.0,562548.1,100.1,77.7,2395.0,102.5,12.8,2453.9,6122.0
192,Вологодская область,2000,241.0,53432.8,101.6,68.8,711.0,107.71,16,1290.4,3655.0
193,Вологодская область,2001,240.0,50934.4,102.3,68.9,642.0,96.88,17.4,1278.5,3610.0
194,Вологодская область,2002,231.0,63433.6,95.3,69.1,655.0,105.64,18.4,1266.9,3619.0
195,Вологодская область,2003,205.0,85259.1,95.5,69.3,579.0,103.81,19.8,1255.9,3584.0
196,Вологодская область,2004,195.0,129015.6,90.5,68.3,636.0,106.5,19.1,1245.8,3650.0
197,Вологодская область,2005,172.0,156379.7,100.3,68.6,630.0,106.5,18.8,1234.9,3614.0
198,Вологодская область,2006,167.0,164130.2,95.1,69.0,710.0,107.1,17.1,1225.8,3641.0
199,Вологодская область,2007,156.0,199003.0,99.0,69.4,728.0,104.9,16,1219.8,3721.0
200,Вологодская область,2008,146.0,242347.7,98.5,69.7,712.0,95.3,16.4,1214.2,3655.0
201,Вологодская область,2009,132.0,176179.2,97.2,70.0,583.0,90.5,16.3,1208.3,3433.0
202,Вологодская область,2010,152.0,217826.8,89.6,70.8,602.0,111.8,16.7,1201.2,3536.0
203,Вологодская область,2011,157.0,269271.0,110.7,71.1,537.0,105.6,15.7,1198.4,3616.0
204,Вологодская область,2012,154.42,296779.7,94.5,71.3,467.32,101.3,15.1,1196.0,3657.81
205,Вологодская область,2013,147.9,289860.7,93.3,71.5,481.46,102.5,15,1193.0,3671.5
206,Вологодская область,2014,137.38,324906.9,97.9,71.8,481.47,103.7,14.8,1190.5,3686.92
207,Вологодская область,2015,145.08,402818.7,103.7,72.0,392.67,102.6,14.8,1187.2,3838.84
208,Вологодская область,2016,147.1,430233.8,106.2,72.1,354.86,99.8,15.0,1183.3,3956.21
209,Вологодская область,2017,157.41,460014.4,88.9,72.2,226.55,102.4,14.4,1176.0,3885.1
210,Вологодская область,2018,128.84,525527.1,104.5,72.4,251.84,104.6,14.4,1166.9,3944.02
211,Вологодская область,2019,78.45,543954.1,109.4,72.4,247.76,103.9,14.1,1159.6,4021.01
212,Вологодская область,2020,67.44,540722.5,100.1,72.4,217.64,102.3,15.7,1150.1,4808.79
213,Вологодская область,2021,67.31,897094.3,100.1,72.5,212.52,101.0,18.4,1138.4,4295.9
214,Вологодская область,2022,64.71,903488.3,104.4,72.5,213.59,96.6,14.5,1128.7,4457.82
215,Вологодская область,2023,60.0,961567.4,101.7,72.7,219.0,106.2,13.8,1121.4,4688.0
216,Воронежская область,2000,190.0,20365.1,129.0,61.6,695.0,105.4,17.9,2422.4,2849.0
217,Воронежская область,2001,174.0,24905.4,102.0,61.8,686.0,101.1,18.3,2397.1,2863.0
218,Воронежская область,2002,174.0,34789.6,101.3,62.0,651.0,98.7,18.9,2374.4,2943.0
219,Воронежская область,2003,173.0,42237.5,117.5,62.0,617.0,106.3,18.9,2367.4,3034.0
220,Воронежская область,2004,168.0,49530.0,94.0,62.0,582.0,106.9,18.5,2364.9,2419.0
221,Воронежская область,2005,169.0,56534.5,100.7,61.8,556.0,111.0,18.5,2360.9,2524.0
222,Воронежская область,2006,159.0,70492.7,103.1,61.7,535.0,109.0,17.7,2353.8,3618.0
223,Воронежская область,2007,152.0,94849.5,107.0,61.7,519.0,104.9,17.3,2344.4,3292.0
224,Воронежская область,2008,144.0,122591.1,125.9,62.0,498.0,103.6,17.2,2339.0,3508.0
225,Воронежская область,2009,134.0,129112.5,99.5,62.1,457.0,99.4,16.5,2334.9,3288.0
226,Воронежская область,2010,134.0,148432.6,72.7,65.5,460.0,106.6,17,2334.8,3060.0
227,Воронежская область,2011,135.0,203523.7,163.7,66.0,451.0,110.1,15.9,2332.7,2799.0
228,Воронежская область,2012,131.08,241754.0,104.2,66.4,442.21,129.7,15.6,2332.9,3459.11
229,Воронежская область,2013,128.63,262215.8,109.9,66.8,378.49,106.1,15.5,2332.9,3464.39
230,Воронежская область,2014,121.91,307400.6,101.9,67.1,390.26,108.0,15.6,2336.4,3317.57
231,Воронежская область,2015,117.13,344688.2,99.3,67.3,393.22,103.7,15.3,2340.1,3259.38
232,Воронежская область,2016,121.62,353549.7,104.6,67.5,398.01,104.4,15.2,2343.4,4301.93
233,Воронежская область,2017,119.2,372738.0,102.8,67.8,378.78,106.0,14.6,2343.1,3943.48
234,Воронежская область,2018,118.82,406385.7,101.8,68.1,372.14,103.2,14.6,2338.6,3521.13
235,Воронежская область,2019,119.24,428581.3,107.1,68.3,404.6,111.3,14.1,2336.3,4422.56
236,Воронежская область,2020,118.23,456565.5,99.0,68.3,399.65,109.5,16.4,2319.1,5178.0
237,Воронежская область,2021,117.21,551241.7,97.3,68.5,386.5,105.5,20.2,2302.6,5003.91
238,Воронежская область,2022,121.46,600596.0,112.8,68.5,399.08,98.0,15.3,2285.3,4982.51
239,Воронежская область,2023,131.0,655626.6,103.3,68.5,414.0,109.9,14.3,2273.4,5029.0
240,Еврейская автономная область,2000,11.0,19484.8,107.0,67.0,20.0,114.18,14.5,193.2,23.0
241,Еврейская автономная область,2001,12.0,24877.5,108.6,67.2,21.0,117.5,14.7,191.9,11.0
242,Еврейская автономная область,2002,12.0,35766.0,100.6,67.2,21.0,109.7,15.9,190.6,16.0
243,Еврейская автономная область,2003,12.0,45196.1,105.4,67.6,20.0,108.6,16.1,188.4,15.0
244,Еврейская автономная область,2004,14.0,60029.9,107.6,67.2,20.0,101.0,17.2,185.8,13.0
245,Еврейская автономная область,2005,14.0,77319.2,106.3,67.2,21.0,103.0,18.3,181.7,13.0
246,Еврейская автономная область,2006,14.0,99578.4,101.8,67.2,20.0,104.2,16.5,179.4,10.0
247,Еврейская автономная область,2007,14.0,132505.0,102.3,67.3,20.0,122.7,15.6,178.7,9.0
248,Еврейская автономная область,2008,13.0,134377.5,101.8,67.4,24.0,118.6,15.9,178.1,9.0
249,Еврейская автономная область,2009,14.0,142388.0,90.2,67.3,25.0,81.2,15.4,177.5,7.0
250,Еврейская автономная область,2010,15.0,178380.6,107.4,67.8,25.0,102.5,15.5,176.3,6.0
251,Еврейская автономная область,2011,16.0,225382.9,101.3,68.4,26.0,100.1,15.5,173.9,4.7
252,Еврейская автономная область,2012,14.65,247338.9,88.2,68.4,23.21,104.1,15.3,171.7,6.25
253,Еврейская автономная область,2013,14.0,225611.9,64.6,68.7,21.36,102.6,14.7,169.0,5.33
254,Еврейская автономная область,2014,12.89,250145.1,129.5,69.3,21.79,113.3,15.1,166.4,5.55
255,Еврейская автономная область,2015,13.58,269785.3,100.2,69.8,18.36,91.3,15.6,163.9,7.87
256,Еврейская автономная область,2016,13.53,298404.2,78.1,70.1,18.78,90.2,15.4,161.6,9.59
257,Еврейская автономная область,2017,13.54,344645.5,116.1,70.5,14.77,160.4,13.5,159.1,13.33
258,Еврейская автономная область,2018,10.72,345698.0,105.0,70.8,14.54,114.9,13.9,156.7,13.49
259,Еврейская автономная область,2019,12.57,365145.1,54.6,70.8,13.46,102.6,14.5,154.7,18.47
260,Еврейская автономная область,2020,11.74,411199.2,119.2,70.7,13.35,102.4,16.3,152.6,20.36
261,Еврейская автономная область,2021,12.4,523964.8,101.2,70.8,14.68,96.9,18.5,149.6,19.2
262,Еврейская автономная область,2022,11.94,543204.8,117.4,70.8,16.13,107.0,15.2,147.5,20.27
263,Еврейская автономная область,2023,12.0,697096.5,114.1,70.8,19.0,94.3,14.3,145.8,20.0
264,Забайкальский край,2000,80.0,25320.1,89.2,63.6,570.0,101.5,14.5,1178.8,527.0
265,Забайкальский край,2001,94.0,29979.7,90.3,63.8,519.0,107.3,15.3,1165.4,1099.0
266,Забайкальский край,2002,77.0,38443.3,108.8,63.9,471.0,102.1,16.2,1152.6,1063.0
267,Забайкальский край,2003,75.0,46308.5,94.9,64.0,479.0,109.4,16.8,1142.7,578.0
268,Забайкальский край,2004,84.0,53845.5,95.4,64.0,379.0,92.7,17.1,1132.8,584.0
269,Забайкальский край,2005,83.0,61741.0,107.3,64.2,406.0,104.0,17.3,1123.3,667.0
270,Забайкальский край,2006,79.0,81066.2,101.2,64.6,358.0,102.5,15.6,1115.1,631.0
271,Забайкальский край,2007,85.0,99544.9,101.8,64.9,282.0,103.7,14.5,1111.4,917.0
272,Забайкальский край,2008,97.0,126362.1,105.3,65.1,263.0,100.4,14.4,1109.2,903.0
273,Забайкальский край,2009,98.0,133973.5,105.1,65.5,264.0,97.0,13.8,1109.0,857.0
274,Забайкальский край,2010,78.0,150548.9,101.5,66.0,234.0,114.9,13.8,1106.2,820.0
275,Забайкальский край,2011,95.0,185196.6,104.2,66.4,252.0,111.4,13.3,1095.5,878.0
276,Забайкальский край,2012,85.63,205203.2,105.2,66.8,214.06,106.6,13.2,1087.4,970.46
277,Забайкальский край,2013,35.49,211655.3,99.3,67.2,235.77,107.5,12.6,1078.8,1066.58
278,Забайкальский край,2014,30.76,218366.2,102.8,67.5,236.04,104.6,12.6,1072.1,1059.18
279,Забайкальский край,2015,35.44,231890.2,93.7,67.8,230.95,99.4,13.1,1063.9,1093.57
280,Забайкальский край,2016,34.18,263346.5,100.3,68.1,231.08,103.1,12.6,1056.0,1062.24
281,Забайкальский край,2017,45.35,291717.4,99.3,68.3,229.46,103.7,12.0,1046.0,1005.65
282,Забайкальский край,2018,51.62,326599.2,100.4,68.5,227.78,103.8,12.6,1035.1,1144.74
283,Забайкальский край,2019,75.25,358683.8,95.7,68.8,225.0,105.6,12.8,1025.1,897.3
284,Забайкальский край,2020,87.19,414483.8,99.1,68.9,217.98,99.5,14.2,1014.7,1220.92
285,Забайкальский край,2021,61.65,512723.1,95.8,69.3,216.52,108.5,16.4,1000.5,1281.9
286,Забайкальский край,2022,70.68,549172.0,97.8,69.5,211.1,102.4,13.8,992.4,1230.14
287,Забайкальский край,2023,67.0,726780.2,94.5,69.8,212.0,102.7,13.7,984.4,1373.0
288,Ивановская область,2000,168.0,14240.0,115.0,82.5,264.0,110.3,20.8,1179.0,238.0
289,Ивановская область,2001,169.0,18947.2,89.6,82.6,256.0,108.3,20.7,1161.9,177.0
290,Ивановская область,2002,160.0,23396.9,94.6,82.7,255.0,97.2,22,1144.5,212.0
291,Ивановская область,2003,158.0,29192.4,102.5,82.6,254.0,103.3,22.1,1131.0,168.0
292,Ивановская область,2004,152.0,35732.7,96.3,80.4,237.0,107.8,21.6,1116.7,223.0
293,Ивановская область,2005,144.0,40039.1,96.0,80.5,216.0,110.1,22,1101.8,196.0
294,Ивановская область,2006,140.0,50271.5,104.9,80.6,212.0,113.0,19.9,1089.8,198.0
295,Ивановская область,2007,136.0,68865.7,100.4,80.8,207.0,112.5,18.8,1081.1,254.0
296,Ивановская область,2008,127.0,80708.5,91.5,80.9,185.0,99.4,19.3,1074.3,257.0
297,Ивановская область,2009,114.0,81286.7,104.0,80.8,171.0,85.5,18.6,1067.8,244.0
298,Ивановская область,2010,102.0,103280.0,91.8,81.0,168.0,107.9,18.4,1060.1,226.0
299,Ивановская область,2011,99.0,122231.4,109.3,81.0,156.0,105.7,17,1049.1,196.0
300,Ивановская область,2012,96.9,130362.4,95.7,81.1,136.65,104.6,17,1039.2,195.83
301,Ивановская область,2013,88.12,153048.9,93.0,81.1,127.63,106.2,16.5,1028.5,185.15
302,Ивановская область,2014,82.22,148470.2,94.4,81.3,154.94,97.3,16.7,1017.4,100.74
303,Ивановская область,2015,70.25,178498.0,103.7,81.3,136.16,92.1,16.4,1005.2,173.81
304,Ивановская область,2016,69.12,205911.0,97.7,81.4,129.62,107.7,16.5,993.8,234.23
305,Ивановская область,2017,68.69,215218.9,98.8,81.5,124.02,100.0,16.4,980.6,240.7
306,Ивановская область,2018,60.49,238961.1,99.5,81.6,122.53,102.1,16.7,965.3,213.58
307,Ивановская область,2019,60.9,265742.3,99.0,81.8,88.31,102.6,16.5,953.6,177.75
308,Ивановская область,2020,62.0,284826.2,106.3,81.8,92.09,108.5,18.6,938.8,153.79
309,Ивановская область,2021,59.39,331080.1,96.8,82.0,94.35,108.8,21.6,924.1,133.01
310,Ивановская область,2022,58.19,395919.8,102.7,82.1,94.09,101.7,17.3,914.7,134.32
311,Ивановская область,2023,17.0,478107.8,108.5,82.1,86.0,110.0,16.1,905.9,134.0
312,Иркутская область,2000,893.0,39115.2,89.6,79.3,1347.0,101.6,15.5,2623.2,2444.0
313,Иркутская область,2001,890.0,46044.3,103.2,79.3,1307.0,99.0,15.8,2599.6,2479.0
314,Иркутская область,2002,820.0,54156.9,100.6,79.3,1299.0,117.8,16.5,2577.7,2456.0
315,Иркутская область,2003,823.0,65468.6,94.9,79.4,1344.0,104.2,16.9,2552.3,2476.0
316,Иркутская область,2004,785.0,84014.3,101.9,79.3,1021.0,100.3,16.6,2524.1,2280.0
317,Иркутская область,2005,814.0,102904.3,99.3,79.3,949.0,108.6,17.2,2492.2,2135.0
318,Иркутская область,2006,807.0,133413.7,98.4,79.4,1025.0,108.0,15.4,2467.4,2049.0
319,Иркутская область,2007,789.0,163588.0,108.3,79.4,1013.0,104.4,14.3,2455.4,2033.0
320,Иркутская область,2008,814.0,178988.3,101.5,79.4,1154.0,104.8,14.4,2448.3,2290.0
321,Иркутская область,2009,640.0,187688.7,97.3,79.4,883.0,96.1,14.3,2440.4,2343.0
322,Иркутская область,2010,594.0,224364.2,97.2,79.6,1008.0,113.3,14.4,2428.0,2544.0
323,Иркутская область,2011,583.0,261516.9,102.1,79.4,1011.0,111.4,14,2425.0,2441.0
324,Иркутская область,2012,614.26,304432.0,101.3,79.2,1109.69,112.9,13.9,2423.2,2767.36
325,Иркутская область,2013,537.89,332498.6,101.3,79.0,921.24,102.5,13.6,2420.1,2389.35
326,Иркутская область,2014,499.98,378852.0,102.4,78.9,801.79,104.4,13.7,2417.2,2533.32
327,Иркутская область,2015,507.01,414538.8,92.1,78.8,828.99,105.8,13.6,2415.7,2581.15
328,Иркутская область,2016,514.27,471911.8,106.1,78.6,802.11,107.9,13.4,2412.4,2307.53
329,Иркутская область,2017,524.49,526207.1,100.8,78.3,860.91,104.7,12.9,2408.2,2474.96
330,Иркутская область,2018,527.65,607208.3,99.6,78.1,921.34,101.0,13.0,2402.4,2704.37
331,Иркутская область,2019,510.05,641937.5,96.7,77.9,871.04,100.4,13.2,2396.4,2635.83
332,Иркутская область,2020,441.72,625618.7,103.8,77.7,878.7,102.7,14.9,2380.8,2689.04
333,Иркутская область,2021,426.29,831532.4,100.8,77.6,860.69,101.2,17.7,2363.4,2599.52
334,Иркутская область,2022,447.13,1001234.6,103.6,77.5,963.58,102.5,14.1,2344.4,2659.41
335,Иркутская область,2023,464.0,1086391.6,97.6,77.4,1037.0,98.3,13.3,2330.5,2530.0
336,Кабардино-Балкарская Республика,2000,49.0,15948.9,108.4,56.6,480.0,117.2,10,886.7,24.0
337,Кабардино-Балкарская Республика,2001,50.0,21834.2,113.4,56.6,436.0,111.7,9.9,894.3,24.0
338,Кабардино-Балкарская Республика,2002,54.0,25369.9,105.4,56.6,418.0,106.0,10,901.1,24.0
339,Кабардино-Балкарская Республика,2003,52.0,29036.2,102.6,58.6,488.0,116.2,10.3,889.6,22.0
340,Кабардино-Балкарская Республика,2004,50.0,32884.8,103.6,58.3,476.0,104.5,9.8,877.3,20.0
341,Кабардино-Балкарская Республика,2005,47.0,42253.1,92.7,57.7,463.0,121.5,10.4,866.2,16.0
342,Кабардино-Балкарская Республика,2006,42.0,50225.2,101.6,57.5,460.0,109.5,10.2,858.5,15.0
343,Кабардино-Балкарская Республика,2007,39.0,57011.8,107.4,57.4,457.0,111.7,9.8,857.3,15.0
344,Кабардино-Балкарская Республика,2008,38.0,67731.3,110.1,54.8,454.0,105.3,9.4,858.1,13.0
345,Кабардино-Балкарская Республика,2009,35.0,76451.1,104.1,54.7,448.0,112.7,9.8,859.6,11.0
346,Кабардино-Балкарская Республика,2010,33.0,89668.3,109.6,54.4,443.0,100.2,9.4,859.8,9.0
347,Кабардино-Балкарская Республика,2011,32.0,105251.5,109.4,54.1,441.0,107.9,9.4,861.7,14.0
348,Кабардино-Балкарская Республика,2012,29.58,123604.5,104.6,53.8,443.13,122.4,8.9,865.0,12.67
349,Кабардино-Балкарская Республика,2013,28.54,128113.9,104.2,53.5,443.99,93.5,8.9,867.4,16.81
350,Кабардино-Балкарская Республика,2014,29.01,134335.3,99.9,53.3,370.29,110.3,8.7,872.8,15.18
351,Кабардино-Балкарская Республика,2015,28.34,137647.8,104.1,53.1,375.2,104.2,8.6,878.5,16.64
352,Кабардино-Балкарская Республика,2016,29.39,173590.0,104.9,52.8,378.97,90.2,8.4,883.9,15.2
353,Кабардино-Балкарская Республика,2017,29.28,175147.8,104.7,52.6,347.74,100.4,8.3,888.5,14.71
354,Кабардино-Балкарская Республика,2018,30.85,181478.0,103.1,52.4,347.75,80.6,8.0,892.1,12.99
355,Кабардино-Балкарская Республика,2019,30.69,191721.5,104.9,52.2,345.45,97.6,8.1,897.4,14.32
356,Кабардино-Балкарская Республика,2020,28.81,200313.5,108.4,52.0,302.84,115.1,9.8,900.6,15.6
357,Кабардино-Балкарская Республика,2021,28.06,235770.1,109.0,51.9,255.17,105.4,10.5,904.3,4.91
358,Кабардино-Балкарская Республика,2022,29.42,286415.1,110.0,51.8,141.84,106.5,8.7,903.3,3.57
359,Кабардино-Балкарская Республика,2023,25.0,321883.7,110.1,51.7,156.0,102.4,7.5,905.5,4.0
360,Калининградская область,2000,152.0,24308.8,102.5,77.6,188.0,117.0,15.2,957.5,128.0
361,Калининградская область,2001,150.0,33797.4,93.5,77.6,186.0,110.1,16.1,955.4,155.0
362,Калининградская область,2002,151.0,42019.6,100.6,77.6,187.0,104.2,17.3,954.1,171.0
363,Калининградская область,2003,150.0,49167.4,101.5,77.7,189.0,104.7,18,947.9,174.0
364,Калининградская область,2004,147.0,70426.0,103.4,77.8,185.0,122.5,18.2,942.1,180.0
365,Калининградская область,2005,139.0,87122.8,100.5,77.3,174.0,127.4,18.2,936.6,173.0
366,Калининградская область,2006,131.0,110255.4,97.4,77.3,164.0,166.6,16.5,934.3,288.0
367,Калининградская область,2007,116.0,153964.0,96.3,77.3,146.0,114.4,15.4,935.3,255.0
368,Калининградская область,2008,103.0,191533.4,155.9,77.2,135.0,101.8,15.3,936.6,255.0
369,Калининградская область,2009,87.0,180797.2,107.5,77.2,116.0,95.3,14.6,938.6,252.0
370,Калининградская область,2010,88.0,208193.2,95.5,77.6,112.0,116.0,14.2,941.8,222.0
371,Калининградская область,2011,91.0,255184.6,99.4,77.3,115.0,150.1,13.3,947.0,457.0
372,Калининградская область,2012,103.05,278984.6,106.3,77.2,116.54,101.9,13.2,955.3,443.92
373,Калининградская область,2013,102.18,287490.4,104.2,77.1,111.6,99.1,13.1,964.0,480.63
374,Калининградская область,2014,102.82,324788.4,110.2,77.0,109.18,109.9,13.2,970.1,495.4
375,Калининградская область,2015,106.74,359164.5,110.1,76.9,103.83,92.2,13.2,977.8,444.07
376,Калининградская область,2016,111.06,424365.1,94.9,76.9,108.96,100.9,12.5,987.9,483.64
377,Калининградская область,2017,111.12,450182.7,101.0,76.8,108.05,101.8,12.5,996.5,485.96
378,Калининградская область,2018,100.27,493056.8,110.0,76.9,104.66,104.9,12.2,1004.5,487.04
379,Калининградская область,2019,106.85,515852.5,114.4,76.9,108.86,100.4,11.8,1015.3,484.97
380,Калининградская область,2020,104.7,539350.5,109.2,76.9,107.77,93.6,13.2,1021.6,485.07
381,Калининградская область,2021,90.83,666279.8,99.7,76.8,109.31,104.3,15.6,1031.0,485.37
382,Калининградская область,2022,88.12,715358.6,101.9,76.6,110.77,77.3,12.7,1032.3,483.1
383,Калининградская область,2023,97.0,760027.0,103.2,76.5,106.0,96.7,11.8,1033.9,484.0
384,Калужская область,2000,109.0,22438.0,102.2,74.4,164.0,116.12,18.1,1060.3,144.0
385,Калужская область,2001,113.0,30201.9,97.6,74.6,157.0,116.3,18.3,1049.6,141.0
386,Калужская область,2002,112.0,35708.4,92.8,74.9,160.0,110.02,18.8,1038.6,156.0
387,Калужская область,2003,108.0,47136.5,106.3,75.0,152.0,116.42,19,1031.7,142.0
388,Калужская область,2004,105.0,56325.6,97.9,75.0,147.0,106.5,18.6,1027.6,144.0
389,Калужская область,2005,99.0,69192.2,93.9,75.2,145.0,105.8,19.1,1023.3,145.0
390,Калужская область,2006,99.0,84317.4,96.5,75.2,141.0,107.8,17.5,1020.2,144.0
391,Калужская область,2007,98.0,109790.3,107.6,75.3,141.0,110.7,17.1,1017.7,144.0
392,Калужская область,2008,96.0,147929.5,100.5,75.3,135.0,122.9,17.1,1015.6,144.0
393,Калужская область,2009,95.0,152611.6,104.1,75.2,136.0,94.7,16.5,1015.0,141.0
394,Калужская область,2010,92.0,186347.8,91.4,76.3,129.0,133.5,16.5,1009.2,142.0
395,Калужская область,2011,88.0,232085.4,106.4,76.2,126.0,125.3,15.4,1013.8,141.0
396,Калужская область,2012,83.86,280982.6,102.8,76.2,122.33,110.2,15.6,1016.7,142.47
397,Калужская область,2013,93.03,287440.6,92.3,76.1,117.81,105.9,15,1020.9,135.62
398,Калужская область,2014,89.54,318031.6,103.2,76.2,112.88,103.9,15.0,1032.1,122.51
399,Калужская область,2015,86.42,328423.9,109.3,76.0,108.8,94.6,14.7,1037.0,95.88
400,Калужская область,2016,84.02,392893.2,100.1,75.8,102.89,108.1,14.6,1047.4,74.22
401,Калужская область,2017,72.4,435720.9,111.9,75.7,110.28,119.8,14.3,1050.5,162.94
402,Калужская область,2018,71.49,482561.6,110.7,75.4,102.45,109.7,14.3,1053.4,175.09
403,Калужская область,2019,71.36,522193.9,112.8,75.2,97.36,105.7,13.9,1052.2,166.84
404,Калужская область,2020,71.86,533059.9,105.1,75.0,97.66,101.3,16.4,1056.0,163.42
405,Калужская область,2021,72.07,630411.9,100.1,75.0,102.34,107.9,18.3,1073.3,168.79
406,Калужская область,2022,72.86,647307.2,104.7,74.9,103.95,84.7,14.2,1070.9,155.11
407,Калужская область,2023,73.0,740704.7,106.3,74.8,108.0,111.0,13.2,1068.4,156.0
408,Камчатский край,2000,34.0,49108.7,102.4,81.0,261.0,109.1,11,366.4,57.0
409,Камчатский край,2001,36.0,63274.0,87.3,81.0,252.0,81.4,11.8,361.7,45.0
410,Камчатский край,2002,35.0,71934.1,97.6,81.1,246.0,103.5,11.5,357.9,52.0
411,Камчатский край,2003,35.0,83980.4,98.4,81.1,209.0,107.8,12.3,350.5,58.0
412,Камчатский край,2004,29.0,101205.1,88.8,78.9,206.0,100.3,12.4,343.9,24.0
413,Камчатский край,2005,29.0,129240.8,93.2,78.9,218.0,106.6,12.9,336.6,27.0
414,Камчатский край,2006,32.0,168173.2,98.6,79.0,224.0,101.6,11.8,330.8,27.0
415,Камчатский край,2007,41.0,200610.1,96.5,79.1,220.0,100.6,11.7,327.9,24.0
416,Камчатский край,2008,47.0,238404.5,102.3,78.0,180.0,100.9,12,325.2,26.0
417,Камчатский край,2009,46.0,291953.6,110.1,78.3,185.0,99.8,12.5,323.1,19.0
418,Камчатский край,2010,46.0,319849.2,94.3,77.4,165.0,101.5,12.6,321.7,10.0
419,Камчатский край,2011,38.0,357472.7,105.1,77.3,171.0,105.6,12.1,318.3,13.0
420,Камчатский край,2012,31.56,401282.1,93.6,77.5,172.94,105.2,11.8,316.8,12.43
421,Камчатский край,2013,28.89,422674.6,99.4,77.6,164.64,97.1,11.5,314.3,11.22
422,Камчатский край,2014,25.77,467137.3,107.7,77.6,160.38,104.4,11.8,309.8,9.5
423,Камчатский край,2015,25.43,568960.5,95.4,77.7,150.79,103.4,11.8,306.8,9.44
424,Камчатский край,2016,22.74,734324.9,102.0,77.8,151.92,113.2,11.9,303.5,14.81
425,Камчатский край,2017,27.24,752942.5,105.3,77.8,145.53,105.7,11.4,302.5,15.3
426,Камчатский край,2018,27.28,873638.6,102.1,77.8,148.29,112.8,11.8,299.9,10.66
427,Камчатский край,2019,26.46,936960.3,118.1,77.7,146.79,95.5,11.6,296.4,10.32
428,Камчатский край,2020,24.55,1005493.0,101.0,77.8,146.4,95.1,13.5,293.3,10.2
429,Камчатский край,2021,24.73,1199105.8,104.0,77.9,148.43,112.3,15.3,292.6,9.41
430,Камчатский край,2022,22.57,1228904.5,99.9,78.0,147.84,85.4,13.2,288.7,9.26
431,Камчатский край,2023,23.0,1523849.9,99.1,78.2,150.0,129.7,11.8,288.9,10.0
432,Карачаево-Черкесская Республика,2000,61.0,12404.2,109.8,43.9,73.0,115.8,11.3,440.6,76.0
433,Карачаево-Черкесская Республика,2001,62.0,16639.7,99.3,43.9,77.0,119.8,11.2,439.8,74.0
434,Карачаево-Черкесская Республика,2002,55.0,23297.3,105.0,44.1,60.0,109.2,11.9,438.9,70.0
435,Карачаево-Черкесская Республика,2003,57.0,25999.0,95.6,44.2,65.0,109.9,12.3,444.4,74.0
436,Карачаево-Черкесская Республика,2004,59.0,29348.9,103.7,44.3,56.0,107.1,11.3,450.2,67.0
437,Карачаево-Черкесская Республика,2005,53.0,36971.7,102.2,44.4,53.0,96.4,11.3,454.5,62.0
438,Карачаево-Черкесская Республика,2006,55.0,50778.7,105.9,44.2,50.0,115.7,10.7,461.6,61.0
439,Карачаево-Черкесская Республика,2007,53.0,59200.9,103.9,43.9,44.0,110.7,10,466.4,61.0
440,Карачаево-Черкесская Республика,2008,54.0,76277.2,107.4,44.0,44.0,96.1,10.1,470.1,61.0
441,Карачаево-Черкесская Республика,2009,53.0,81758.5,106.2,43.7,43.0,106.0,10,473.8,60.0
442,Карачаево-Черкесская Республика,2010,51.0,91782.3,97.7,43.3,43.0,116.0,10,477.4,27.0
443,Карачаево-Черкесская Республика,2011,47.0,103449.4,110.4,43.0,41.0,119.7,9.9,474.8,28.0
444,Карачаево-Черкесская Республика,2012,45.01,123977.6,98.9,42.6,40.67,124.7,9.8,472.3,28.81
445,Карачаево-Черкесская Республика,2013,43.09,140225.1,105.9,42.3,39.26,89.8,9.5,470.5,26.68
446,Карачаево-Черкесская Республика,2014,41.4,138920.1,94.5,42.2,38.62,79.2,9.7,470.0,26.54
447,Карачаево-Черкесская Республика,2015,41.58,143606.8,106.0,42.1,122.77,102.0,9.6,469.8,26.84
448,Карачаево-Черкесская Республика,2016,41.92,167223.9,101.9,41.9,72.69,103.9,9.5,469.3,26.18
449,Карачаево-Черкесская Республика,2017,42.23,176253.4,99.4,41.7,77.88,105.6,9.1,469.9,25.85
450,Карачаево-Черкесская Республика,2018,44.85,182466.9,101.5,41.7,84.59,94.7,8.9,469.9,25.74
451,Карачаево-Черкесская Республика,2019,43.03,194488.5,100.7,41.5,98.48,108.2,9.0,470.4,25.72
452,Карачаево-Черкесская Республика,2020,42.64,202626.9,87.0,41.4,65.25,88.3,10.7,470.3,26.46
453,Карачаево-Черкесская Республика,2021,47.92,231202.6,108.7,41.3,94.67,110.1,12.0,469.1,26.99
454,Карачаево-Черкесская Республика,2022,46.05,268526.2,104.0,41.4,115.17,103.3,9.4,468.4,26.98
455,Карачаево-Черкесская Республика,2023,44.0,305968.9,102.7,41.4,122.0,114.5,8.4,468.3,26.0
456,Кемеровская область — Кузбасс,2000,787.0,30047.8,111.3,86.5,2276.0,104.32,16.7,2942.3,4760.0
457,Кемеровская область — Кузбасс,2001,778.0,38839.7,99.6,86.7,2216.0,103.72,16.9,2917.8,4843.0
458,Кемеровская область — Кузбасс,2002,759.0,46860.1,97.8,86.7,2153.0,98.62,17.7,2893.4,4822.0
459,Кемеровская область — Кузбасс,2003,718.0,57302.3,105.2,86.8,2073.0,108.26,18.4,2862.1,4653.0
460,Кемеровская область — Кузбасс,2004,708.0,85850.4,97.0,85.1,1954.0,104.4,18,2833.0,4383.0
461,Кемеровская область — Кузбасс,2005,695.0,104764.5,96.1,85.1,2057.0,103.9,18.9,2805.9,4582.0
462,Кемеровская область — Кузбасс,2006,733.0,122394.2,106.1,85.2,2098.0,106.6,17.5,2786.0,5028.0
463,Кемеровская область — Кузбасс,2007,767.0,157302.2,110.0,85.2,2071.0,102.7,16.8,2780.2,4998.0
464,Кемеровская область — Кузбасс,2008,782.0,207286.2,106.1,85.2,2102.0,99.2,16.6,2776.4,5038.0
465,Кемеровская область — Кузбасс,2009,746.0,184674.1,101.6,85.3,2083.0,90.7,16.2,2773.0,4661.0
466,Кемеровская область — Кузбасс,2010,700.0,226198.1,92.8,85.4,1751.0,110.4,16.1,2761.3,4524.0
467,Кемеровская область — Кузбасс,2011,661.0,272621.9,102.6,85.5,2009.0,101.4,15.5,2749.7,4759.0
468,Кемеровская область — Кузбасс,2012,572.06,261689.8,81.7,85.6,1991.97,102.6,15.2,2740.2,5114.46
469,Кемеровская область — Кузбасс,2013,597.91,244180.8,109.6,85.7,1731.18,98.9,14.5,2730.8,5043.35
470,Кемеровская область — Кузбасс,2014,478.26,275920.0,101.9,85.9,1726.37,105.7,14.6,2720.3,4765.56
471,Кемеровская область — Кузбасс,2015,462.13,310498.7,102.4,86.0,1737.1,101.8,14.5,2711.9,4894.92
472,Кемеровская область — Кузбасс,2016,443.99,333713.4,98.2,86.1,1681.24,103.4,14.4,2702.0,4890.7
473,Кемеровская область — Кузбасс,2017,432.77,407447.3,101.4,86.2,1672.01,103.6,14.2,2687.0,4895.42
474,Кемеровская область — Кузбасс,2018,355.07,473228.2,98.5,86.4,1524.79,101.0,14.5,2665.3,4789.56
475,Кемеровская область — Кузбасс,2019,300.65,417916.8,98.9,86.4,2288.79,102.9,14.3,2647.7,4956.01
476,Кемеровская область — Кузбасс,2020,264.77,396616.6,106.7,86.5,1477.14,96.2,16.3,2622.3,4653.68
477,Кемеровская область — Кузбасс,2021,225.07,699481.8,111.8,86.5,1273.71,106.8,18.3,2592.0,4436.52
478,Кемеровская область — Кузбасс,2022,203.81,848312.2,110.1,86.5,1474.27,95.9,14.9,2568.2,4107.36
479,Кемеровская область — Кузбасс,2023,212.0,736455.8,86.2,86.5,1457.0,98.7,13.9,2547.7,4152.0
480,Кировская область,2000,179.0,23165.6,97.1,71.2,247.0,112.51,16.8,1536.8,1066.0
481,Кировская область,2001,176.0,27297.1,103.1,71.6,254.0,86.07,17,1518.4,1029.0
482,Кировская область,2002,171.0,33124.0,87.4,71.8,256.0,98.43,19,1499.0,1075.0
483,Кировская область,2003,171.0,38900.6,94.6,72.2,258.0,100.62,19.6,1472.5,1136.0
484,Кировская область,2004,167.0,48464.8,97.4,72.9,266.0,103.1,19,1445.3,1145.0
485,Кировская область,2005,132.0,55726.6,92.5,72.3,256.0,100.3,19.3,1418.7,1056.0
486,Кировская область,2006,159.0,68958.3,97.2,72.6,261.0,108.3,18,1396.0,1129.0
487,Кировская область,2007,147.0,85144.4,90.8,73.1,259.0,101.7,17.2,1379.4,1147.0
488,Кировская область,2008,147.0,110127.9,100.1,73.3,268.0,98.7,17.5,1365.0,1084.0
489,Кировская область,2009,139.0,107680.4,103.0,73.6,245.0,90.1,17.1,1352.7,1061.0
490,Кировская область,2010,205.0,128073.7,86.4,74.1,237.0,111.4,16.7,1338.8,1103.0
491,Кировская область,2011,176.0,146903.7,111.4,74.4,229.0,110.0,15.9,1319.7,1028.0
492,Кировская область,2012,170.65,159030.0,95.4,74.7,219.76,100.8,15.8,1302.5,1058.86
493,Кировская область,2013,169.13,173192.9,93.7,75.0,214.04,100.2,15.6,1286.0,1097.29
494,Кировская область,2014,146.31,198742.1,110.3,75.4,192.67,103.9,15.5,1271.0,1040.99
495,Кировская область,2015,131.93,223251.7,98.6,75.7,184.31,103.3,15.6,1257.0,997.76
496,Кировская область,2016,127.28,250772.9,104.0,76.0,184.43,102.7,15.4,1243.5,1018.3
497,Кировская область,2017,85.94,268466.4,96.3,76.4,178.12,101.0,15.1,1227.9,952.53
498,Кировская область,2018,79.04,289855.8,104.5,76.8,181.44,103.3,15.6,1209.6,1101.19
499,Кировская область,2019,110.57,308454.0,100.4,77.2,182.88,101.3,15.1,1192.5,1102.45
500,Кировская область,2020,110.2,335637.0,108.4,77.6,177.13,104.1,17.9,1172.8,1014.08
501,Кировская область,2021,105.81,420844.8,98.7,77.9,180.0,114.6,20.9,1149.2,990.71
502,Кировская область,2022,105.09,484903.7,111.5,78.3,174.01,103.3,16.6,1138.1,1027.49
503,Кировская область,2023,81.0,534306.1,97.5,78.7,151.0,110.5,15.1,1129.9,963.0
504,Костромская область,2000,64.0,21984.7,102.9,66.8,1515.0,108.18,18.9,754.0,201.0
505,Костромская область,2001,63.0,29668.3,97.8,67.1,1480.0,103.4,19.9,743.9,210.0
506,Костромская область,2002,57.0,35109.5,96.9,67.4,1470.0,102.11,21.1,734.5,177.0
507,Костромская область,2003,64.0,40741.1,93.8,67.9,1622.0,106.22,21.7,723.1,184.0
508,Костромская область,2004,65.0,52661.0,93.2,68.1,1635.0,104.5,21.3,712.0,185.0
509,Костромская область,2005,64.0,63304.4,98.6,68.6,1574.0,108.9,21.3,699.8,188.0
510,Костромская область,2006,66.0,78226.9,101.7,69.1,1632.0,111.1,19.2,689.8,277.0
511,Костромская область,2007,64.0,95687.2,97.0,69.2,1742.0,105.7,18.1,683.4,247.0
512,Костромская область,2008,65.0,119071.5,94.2,69.4,1671.0,100.2,18.4,677.8,341.0
513,Костромская область,2009,61.0,116856.2,99.5,69.6,1508.0,83.8,17.6,672.9,232.0
514,Костромская область,2010,47.0,146536.9,91.0,70.0,1800.0,115.7,17.7,666.4,124.0
515,Костромская область,2011,46.0,176159.8,111.3,70.2,1905.0,108.2,16.6,657.8000000000001,97.0
516,Костромская область,2012,47.44,199938.0,98.0,70.5,1906.9,103.7,16.2,651.1,128.53
517,Костромская область,2013,40.54,214581.7,93.0,70.9,1982.26,104.6,16.3,644.6,252.57
518,Костромская область,2014,37.06,228669.8,97.3,71.4,2076.02,100.0,16.2,638.7,420.67
519,Костромская область,2015,36.41,252781.6,95.1,71.6,1781.24,91.5,16.5,631.8,404.38
520,Костромская область,2016,35.79,271006.1,96.7,72.0,1988.09,101.8,16.2,624.5,394.62
521,Костромская область,2017,35.38,287837.4,93.4,72.4,1864.94,107.0,15.5,615.7,204.49
522,Костромская область,2018,33.91,314092.1,97.9,72.6,1810.9,97.1,15.6,605.7,205.75
523,Костромская область,2019,35.23,338677.9,101.0,73.0,1727.85,108.2,15.5,598.0,586.27
524,Костромская область,2020,36.81,343868.4,106.2,73.4,1137.57,90.1,17.7,589.2,607.86
525,Костромская область,2021,39.3,424108.4,95.5,73.8,1587.89,113.4,21.6,578.0,729.53
526,Костромская область,2022,38.08,480119.7,100.4,74.1,1724.02,92.5,17.1,571.9,750.05
527,Костромская область,2023,33.0,555311.3,105.6,74.5,1548.0,108.6,15.5,566.3,749.0
528,Краснодарский край,2000,1076.0,26713.9,114.8,53.5,3572.0,109.7,15.2,5132.8,1079.0
529,Краснодарский край,2001,1039.0,34912.4,110.3,53.5,3483.0,101.5,15.1,5131.6,870.0
530,Краснодарский край,2002,986.0,42477.6,105.8,53.5,3485.0,105.0,15.7,5119.8,1026.0
531,Краснодарский край,2003,1252.0,48572.8,90.5,53.5,3397.0,105.1,15.7,5114.9,1096.0
532,Краснодарский край,2004,1226.0,61291.7,118.6,52.8,3231.0,105.6,15.3,5118.9,1078.0
533,Краснодарский край,2005,795.0,72794.1,102.5,52.8,3105.0,109.2,15.6,5127.3,1195.0
534,Краснодарский край,2006,907.0,94244.0,104.1,52.8,3413.0,122.9,14.7,5142.9,1220.0
535,Краснодарский край,2007,887.0,125700.4,98.7,52.8,3420.0,110.9,14.3,5170.7,1198.0
536,Краснодарский край,2008,858.0,155103.6,123.1,52.8,3253.0,100.4,14.1,5194.4,1216.0
537,Краснодарский край,2009,820.0,165555.1,94.8,52.8,3107.0,87.8,13.5,5214.2,1193.0
538,Краснодарский край,2010,863.0,196914.3,102.8,52.9,3142.0,104.2,13.5,5230.0,1475.0
539,Краснодарский край,2011,920.0,236464.8,111.2,53.4,3278.0,107.1,13.5,5297.2,1903.0
540,Краснодарский край,2012,891.89,273999.1,88.3,53.7,3235.77,108.3,13.1,5356.1,1885.47
541,Краснодарский край,2013,839.32,307971.4,106.6,54.2,3013.79,102.5,12.7,5443.4,1836.97
542,Краснодарский край,2014,832.89,326019.5,101.4,54.5,3005.12,105.3,12.8,5505.8,1706.32
543,Краснодарский край,2015,857.77,348836.0,102.9,54.8,3055.94,104.8,12.9,5579.7,1764.48
544,Краснодарский край,2016,900.88,401975.1,105.2,55.2,3155.94,104.9,12.7,5650.2,1776.64
545,Краснодарский край,2017,765.93,427061.4,101.7,55.6,3168.35,104.5,12.3,5695.9,1982.22
546,Краснодарский край,2018,718.03,436674.8,96.4,56.0,3157.43,101.6,11.8,5753.799999999999,1485.32
547,Краснодарский край,2019,732.17,446335.4,108.9,56.2,3779.93,102.9,12.1,5794.1,1887.65
548,Краснодарский край,2020,518.52,459481.1,91.4,56.6,2871.89,95.0,14.2,5815.6,1677.11
549,Краснодарский край,2021,672.19,563372.1,114.0,57.0,3162.43,108.3,16.5,5832.0,1779.62
550,Краснодарский край,2022,800.87,738801.1,109.7,57.1,2704.82,103.8,13.5,5819.3,1544.44
551,Краснодарский край,2023,34.0,819068.7,95.7,57.3,692.0,106.0,12.3,5833.0,371.0
552,Красноярский край,2000,617.0,71281.0,103.9,75.4,2900.0,102.1,14.8,3000.9,3225.0
553,Красноярский край,2001,620.0,80038.8,100.9,75.6,2604.0,102.1,14.6,2981.8,3053.0
554,Красноярский край,2002,611.0,77729.0,101.4,75.8,2605.0,104.3,15.3,2961.9,3162.0
555,Красноярский край,2003,578.0,92547.5,102.3,76.0,2789.0,106.2,15.8,2931.9,3190.0
556,Красноярский край,2004,531.0,125287.8,101.5,76.0,2494.0,103.7,15.2,2901.9,2980.0
557,Красноярский край,2005,531.0,152389.0,101.7,75.7,2755.0,100.8,15.8,2869.3,3064.0
558,Красноярский край,2006,462.0,205042.4,102.1,75.5,2545.0,101.0,14.1,2845.4,3063.0
559,Красноярский край,2007,449.0,258394.3,104.0,76.0,2643.0,102.4,13.5,2837.0,3182.0
560,Красноярский край,2008,481.0,260318.2,103.3,75.8,3018.0,104.0,13.8,2832.6,3436.0
561,Красноярский край,2009,453.0,264478.7,102.7,76.0,2456.0,98.3,13.3,2832.9,3325.0
562,Красноярский край,2010,444.0,372848.1,95.7,76.4,2296.0,135.8,13.5,2829.1,3251.0
563,Красноярский край,2011,448.0,413129.4,98.1,76.7,2218.0,107.3,13,2839.0,3371.0
564,Красноярский край,2012,425.63,416138.6,93.1,77.0,2348.65,109.3,13,2847.7,3355.49
565,Красноярский край,2013,391.11,440842.2,99.0,77.4,2084.47,109.3,12.7,2854.7,3322.01
566,Красноярский край,2014,366.69,493601.6,95.1,77.7,1931.37,102.3,12.7,2861.3,3098.53
567,Красноярский край,2015,327.23,581761.5,100.3,78.0,2114.17,99.0,12.6,2869.7,3224.23
568,Красноярский край,2016,313.28,633831.3,103.3,78.3,1916.8,99.0,12.5,2879.2,2987.19
569,Красноярский край,2017,308.33,686444.6,94.4,78.5,2006.24,103.9,12.3,2881.0,2860.14
570,Красноярский край,2018,304.71,824537.3,101.6,78.8,1909.84,106.4,12.4,2879.2,2807.51
571,Красноярский край,2019,317.81,937587.0,104.5,78.9,1848.77,101.7,12.2,2872.1,2892.25
572,Красноярский край,2020,321.61,950427.4,108.1,79.1,1542.13,91.7,14.3,2862.4,2817.02
573,Красноярский край,2021,323.63,1091894.6,95.7,79.4,1458.77,98.1,16.4,2856.4,2580.86
574,Красноярский край,2022,299.25,1164188.7,103.7,79.6,1940.76,103.2,13.4,2845.5,3276.04
575,Красноярский край,2023,299.0,1307050.7,96.1,79.8,1843.0,98.4,12.3,2846.1,3230.0
576,Курганская область,2000,62.0,17758.7,94.7,56.3,84.0,102.36,16.3,1047.1,484.0
577,Курганская область,2001,18.0,24429.3,104.3,56.4,82.0,115.91,16.4,1030.7,406.0
578,Курганская область,2002,62.0,29253.3,91.6,56.4,74.0,90.46,17.7,1016.2,363.0
579,Курганская область,2003,57.0,36759.0,94.1,57.0,68.0,113.03,18.1,999.4,397.0
580,Курганская область,2004,57.0,42889.3,87.0,57.6,71.0,106.1,17.8,981.0,364.0
581,Курганская область,2005,59.0,51724.0,114.5,58.4,70.0,105.4,17.9,961.8,354.0
582,Курганская область,2006,57.0,71738.6,103.1,58.9,67.0,106.8,16.8,946.1,377.0
583,Курганская область,2007,56.0,86224.4,103.5,59.3,63.0,105.9,16.3,934.5,378.0
584,Курганская область,2008,54.0,114237.4,102.7,59.5,61.0,101.3,16.7,925.2,396.0
585,Курганская область,2009,52.0,117058.7,104.2,59.9,62.0,77.0,16.2,918.6,379.0
586,Курганская область,2010,50.0,129013.4,78.1,60.3,62.0,113.2,16,908.8,353.0
587,Курганская область,2011,46.0,151306.2,148.1,60.5,63.0,110.4,15.7,893.2,340.0
588,Курганская область,2012,42.55,164761.4,69.7,60.9,63.9,110.5,16.1,879.7,347.77
589,Курганская область,2013,39.79,191153.9,114.8,61.5,58.78,100.8,16.2,868.0,321.1
590,Курганская область,2014,38.54,197378.8,85.5,62.0,52.93,97.7,16.1,857.7,303.69
591,Курганская область,2015,37.86,210550.4,107.1,62.4,54.25,101.8,16.4,846.8,303.94
592,Курганская область,2016,37.97,240205.5,104.5,62.5,49.4,102.2,16.2,836.0,277.42
593,Курганская область,2017,36.09,252940.7,106.1,62.7,51.74,101.9,15.6,824.4,282.08
594,Курганская область,2018,33.18,263729.8,92.9,63.1,49.89,101.2,15.9,810.5,279.92
595,Курганская область,2019,31.79,294094.2,101.9,63.4,46.39,105.4,15.7,800.0,291.95
596,Курганская область,2020,32.17,302428.2,88.2,63.6,44.35,97.7,18.0,788.4,289.59
597,Курганская область,2021,31.31,348779.7,88.2,64.0,45.32,104.8,21.3,772.3,219.67
598,Курганская область,2022,29.02,442701.5,149.0,64.2,43.28,105.4,16.4,761.6,249.66
599,Курганская область,2023,28.0,502403.0,79.7,64.4,44.0,117.1,16.4,753.0,221.0
600,Курская область,2000,39.0,23677.7,119.7,60.8,320.0,102.5,18.6,1266.4,5876.0
601,Курская область,2001,38.0,28946.1,101.5,61.1,308.0,86.3,18.7,1248.6,4875.0
602,Курская область,2002,38.0,36545.7,108.3,61.4,311.0,103.9,19.3,1231.1,5043.0
603,Курская область,2003,35.0,46131.2,98.3,61.7,314.0,119.3,19.7,1213.4,5660.0
604,Курская область,2004,35.0,63512.1,102.5,62.0,303.0,104.7,19.5,1195.8,5827.0
605,Курская область,2005,34.0,72995.3,101.4,62.6,323.0,104.5,19.8,1177.6,6046.0
606,Курская область,2006,33.0,88949.4,101.3,63.1,263.0,106.5,19.2,1161.6,5463.0
607,Курская область,2007,34.0,111348.4,110.3,63.7,265.0,104.1,18.2,1151.9,6083.0
608,Курская область,2008,35.0,146276.4,121.3,64.2,250.0,95.0,18.5,1143.3,5247.0
609,Курская область,2009,33.0,141833.5,99.3,64.7,244.0,100.0,17.8,1135.0,5604.0
610,Курская область,2010,37.0,171322.1,81.4,65.4,248.0,106.5,17.6,1125.7,5875.0
611,Курская область,2011,50.0,203725.7,147.2,65.9,240.0,104.6,16.8,1121.0,6025.0
612,Курская область,2012,45.21,221698.6,108.0,66.4,233.39,103.3,16.6,1118.2,6135.11
613,Курская область,2013,15.8,242938.0,115.1,66.5,228.68,100.8,16.2,1117.3,5273.18
614,Курская область,2014,14.44,267217.4,113.9,66.8,229.85,105.8,16.6,1115.2,6145.36
615,Курская область,2015,36.06,301870.7,101.0,67.2,218.58,104.3,16.3,1117.5,6130.63
616,Курская область,2016,36.4,338778.3,112.5,67.5,202.39,104.9,16.1,1120.0,5878.35
617,Курская область,2017,38.3,362712.1,108.5,67.7,208.62,103.2,15.6,1111.8,6114.86
618,Курская область,2018,35.93,407221.0,100.4,68.0,206.14,100.9,15.5,1103.2,5783.56
619,Курская область,2019,35.57,450211.6,107.4,68.3,210.84,102.0,15.0,1099.6,5356.65
620,Курская область,2020,35.08,477362.7,108.1,68.4,205.95,103.2,17.7,1091.6,5810.54
621,Курская область,2021,32.47,634611.0,88.9,68.5,219.26,107.7,21.5,1078.2,5716.49
622,Курская область,2022,33.07,620432.2,118.9,68.5,206.81,94.5,16.2,1067.0,4657.41
623,Курская область,2023,33.0,702737.9,105.0,68.8,199.0,111.3,14.5,1060.9,4615.0
624,Ленинградская область,2000,424.0,33265.1,102.6,66.3,5329.0,109.1,18.8,1680.4,1096.0
625,Ленинградская область,2001,410.0,45248.2,104.4,66.4,6294.0,104.78,19.9,1672.7,1178.0
626,Ленинградская область,2002,398.0,56738.1,109.3,66.4,5681.0,119.75,20.4,1667.1,1301.0
627,Ленинградская область,2003,387.0,72578.7,91.0,66.4,5930.0,113.3,21,1673.3,1304.0
628,Ленинградская область,2004,383.0,99230.0,97.7,66.2,5775.0,123.2,20,1681.5,1379.0
629,Ленинградская область,2005,356.0,122024.2,102.0,66.0,5879.0,108.1,19.9,1685.4,1413.0
630,Ленинградская область,2006,355.0,157122.1,99.0,65.9,5937.0,126.4,18.7,1691.1,1355.0
631,Ленинградская область,2007,324.0,182657.9,102.2,66.0,6255.0,102.8,17.6,1692.5,1353.0
632,Ленинградская область,2008,324.0,226011.0,102.2,65.9,6849.0,101.0,17.3,1698.9,1358.0
633,Ленинградская область,2009,313.0,252890.9,103.5,65.8,6149.0,96.9,16.3,1704.9,1411.0
634,Ленинградская область,2010,291.0,286435.4,102.3,65.7,6623.0,114.3,15.8,1718.6,1372.0
635,Ленинградская область,2011,231.0,336137.4,109.3,64.7,6630.0,110.6,14.6,1742.6,1162.0
636,Ленинградская область,2012,238.71,382821.7,107.6,65.1,5530.28,105.7,14.6,1768.5,1089.53
637,Ленинградская область,2013,277.31,381510.3,104.2,65.3,4522.26,95.6,14.3,1789.5,1285.04
638,Ленинградская область,2014,267.25,390916.1,101.0,65.4,5461.34,100.2,14.3,1808.8,1037.21
639,Ленинградская область,2015,269.17,468084.8,101.8,65.3,5706.1,99.6,13.7,1821.4,1148.1
640,Ленинградская область,2016,272.18,520669.6,95.7,65.0,5850.95,103.7,13.6,1841.9,1043.11
641,Ленинградская область,2017,334.06,539983.3,99.8,64.3,5527.22,100.5,12.9,1871.4,1347.14
642,Ленинградская область,2018,329.25,606440.8,103.9,63.8,5569.92,104.9,12.5,1913.5,1989.17
643,Ленинградская область,2019,302.19,633301.4,101.0,66.2,4958.75,105.1,12.1,1950.9,2418.38
644,Ленинградская область,2020,301.58,630638.4,100.9,66.8,4326.35,98.9,14.3,1977.3,2717.73
645,Ленинградская область,2021,299.07,739732.7,101.1,67.1,3436.32,107.9,16.1,2006.0,3623.31
646,Ленинградская область,2022,290.52,822793.9,103.4,67.1,3538.66,96.8,12.9,2023.8,3252.91
647,Ленинградская область,2023,278.0,943551.9,101.1,67.5,3403.0,107.7,11.4,2035.8,3007.0
648,Липецкая область,2000,149.0,39050.9,108.2,64.1,294.0,114.1,16.5,1228.1,2159.0
649,Липецкая область,2001,146.0,41308.6,111.7,64.1,292.0,107.2,17.1,1220.5,2121.0
650,Липецкая область,2002,137.0,58065.7,102.3,64.3,285.0,114.2,17.5,1211.0,2143.0
651,Липецкая область,2003,126.0,79661.2,110.9,64.4,264.0,106.5,18.4,1205.3,2039.0
652,Липецкая область,2004,125.0,117959.2,101.1,64.5,258.0,104.6,18.2,1198.6,2052.0
653,Липецкая область,2005,127.0,121376.2,109.6,63.1,251.0,102.3,17.7,1193.9,2042.0
654,Липецкая область,2006,124.0,150197.1,106.3,63.2,245.0,111.6,17.2,1190.4,2052.0
655,Липецкая область,2007,114.0,176534.6,111.4,63.3,230.0,103.7,16.8,1186.7,2074.0
656,Липецкая область,2008,140.0,219135.8,120.9,63.4,224.0,94.3,16.9,1182.0,2032.0
657,Липецкая область,2009,101.0,192165.2,100.8,63.5,177.0,86.9,16.2,1177.0,2078.0
658,Липецкая область,2010,87.0,211610.6,77.6,63.7,175.0,110.7,16.7,1172.0,2092.0
659,Липецкая область,2011,82.0,245988.4,145.0,63.7,169.0,111.1,15.2,1168.1,2086.0
660,Липецкая область,2012,86.78,251272.6,102.6,63.8,164.85,107.4,15.3,1166.5,2157.48
661,Липецкая область,2013,80.05,270671.8,112.6,63.7,163.76,100.3,15.1,1166.1,2181.56
662,Липецкая область,2014,79.09,341690.5,100.3,63.7,156.21,102.9,15.3,1166.2,2138.74
663,Липецкая область,2015,75.74,384877.6,106.8,63.6,156.46,100.8,15.2,1167.0,2215.56
664,Липецкая область,2016,83.03,429064.8,107.7,63.4,152.79,103.4,15.0,1169.5,2217.45
665,Липецкая область,2017,76.83,447280.1,105.5,63.4,156.93,102.9,14.5,1165.8,2165.56
666,Липецкая область,2018,69.34,519293.4,106.7,63.4,163.38,103.7,14.3,1162.0,2223.26
667,Липецкая область,2019,75.5,491045.2,111.4,63.4,161.92,96.4,14.0,1159.7,2181.41
668,Липецкая область,2020,68.21,535237.5,106.4,63.3,155.92,102.5,17.5,1150.6,2190.0
669,Липецкая область,2021,65.47,745419.3,88.9,63.0,163.81,106.0,20.6,1138.1,2336.73
670,Липецкая область,2022,64.6,700248.9,114.9,63.0,153.08,96.8,15.2,1126.3,2018.69
671,Липецкая область,2023,67.0,847501.2,103.5,62.9,153.0,109.2,14.4,1116.3,2285.0
672,Магаданская область,2000,47.0,65704.6,83.7,91.4,90.0,99.8,11.8,193.9,412.0
673,Магаданская область,2001,49.0,89987.5,90.6,91.9,96.0,106.3,12.2,187.2,752.0
674,Магаданская область,2002,42.0,121272.5,123.7,92.6,92.0,109.4,12.6,181.8,363.0
675,Магаданская область,2003,40.0,135180.6,118.9,93.1,86.0,93.7,12.6,178.1,353.0
676,Магаданская область,2004,34.0,139840.3,90.4,93.6,84.0,95.6,13.5,173.9,351.0
677,Магаданская область,2005,28.0,157798.9,95.6,94.1,73.0,102.6,13.7,170.4,307.0
678,Магаданская область,2006,28.0,185017.6,103.9,94.4,72.0,88.8,13.3,166.9,315.0
679,Магаданская область,2007,29.0,213449.6,103.0,94.6,75.0,91.0,13.3,164.0,329.0
680,Магаданская область,2008,30.0,258848.1,104.6,94.9,77.0,102.1,13.9,160.9,354.0
681,Магаданская область,2009,29.0,299403.8,102.5,95.2,77.0,105.8,13.5,159.0,368.0
682,Магаданская область,2010,27.0,377895.0,97.6,95.5,77.0,103.9,13,156.5,405.0
683,Магаданская область,2011,26.0,464366.7,94.5,95.6,79.0,108.3,13,154.3,390.0
684,Магаданская область,2012,16.78,511959.6,110.1,95.7,79.44,110.0,12.7,152.0,443.31
685,Магаданская область,2013,16.26,589096.7,86.2,95.8,83.09,103.0,12,149.8,449.7
686,Магаданская область,2014,14.25,652303.2,99.2,95.9,83.11,109.0,12.0,147.4,445.36
687,Магаданская область,2015,12.92,858967.0,114.2,95.9,74.85,107.5,11.9,145.5,431.71
688,Магаданская область,2016,13.6,1060991.5,100.9,96.0,73.2,100.8,11.5,144.6,436.04
689,Магаданская область,2017,14.51,1125991.6,111.4,96.2,71.82,107.7,11.5,142.9,443.52
690,Магаданская область,2018,11.14,1247255.2,96.0,96.3,83.62,109.6,11.5,139.9,465.75
691,Магаданская область,2019,4.87,1539596.1,89.4,96.4,78.42,112.6,11.7,138.6,424.56
692,Магаданская область,2020,14.15,2066380.4,103.9,96.4,75.24,105.7,12.7,137.3,406.07
693,Магаданская область,2021,13.78,2343311.4,94.1,96.4,75.33,106.0,15.2,135.9,400.87
694,Магаданская область,2022,13.52,2338219.1,107.7,96.5,74.3,101.1,12.7,134.3,420.24
695,Магаданская область,2023,14.0,3017481.0,106.0,96.5,74.0,92.9,12.1,133.4,410.0
696,Московская область,2000,638.0,26687.7,109.9,79.5,1900.0,111.7,17,6613.5,3360.0
697,Московская область,2001,618.0,35569.3,91.4,79.4,1847.0,104.5,17.8,6609.2,3487.0
698,Московская область,2002,630.0,47323.5,102.3,79.3,1787.0,107.2,17.9,6616.9,3233.0
699,Московская область,2003,626.0,62023.3,101.1,79.4,1710.0,129.48,17.9,6671.3,3465.0
700,Московская область,2004,643.0,79833.2,99.2,80.2,1609.0,115.8,17.3,6736.7,3582.0
701,Московская область,2005,635.0,104738.3,101.3,80.1,1486.0,114.1,17.1,6783.8,3419.0
702,Московская область,2006,617.0,137092.1,99.7,80.3,1595.0,113.0,16.6,6846.8,3789.0
703,Московская область,2007,597.0,188565.3,101.1,79.9,1512.0,106.2,16.1,6895.4,3925.0
704,Московская область,2008,588.0,237595.8,98.4,80.2,1618.0,106.0,16.1,6958.0,3576.0
705,Московская область,2009,565.0,217339.7,105.4,80.2,1635.0,86.8,15.3,7024.2,3376.0
706,Московская область,2010,1309.0,259421.5,82.6,80.1,2482.0,107.1,15.4,7106.2,3071.0
707,Московская область,2011,1220.0,303386.9,125.1,80.0,2747.0,109.7,14.1,7243.7,3060.0
708,Московская область,2012,1214.41,322242.7,94.2,80.0,2345.25,107.9,13.7,7385.5,3065.09
709,Московская область,2013,1190.05,341618.7,95.8,79.9,2261.72,105.2,13.3,7519.7,2906.03
710,Московская область,2014,1121.91,361238.5,99.2,79.8,2183.47,104.1,13.1,7666.3,3112.08
711,Московская область,2015,1077.78,411183.7,105.6,79.7,2030.24,101.1,12.2,7805.8,2966.8
712,Московская область,2016,1066.87,533624.2,99.2,79.6,1890.04,114.7,12.1,7960.0,3120.57
713,Московская область,2017,1035.69,534666.5,95.8,79.4,1806.14,108.0,11.5,8088.3,2583.6
714,Московская область,2018,956.19,569142.7,102.5,79.2,1718.93,109.8,11.3,8233.2,2487.19
715,Московская область,2019,870.35,625811.9,109.4,79.0,1747.9,113.1,11.0,8372.9,2326.12
716,Московская область,2020,853.02,643208.1,98.0,78.7,1645.4,109.7,13.3,8436.9,1988.03
717,Московская область,2021,902.13,802156.1,104.8,78.5,1706.21,121.9,14.8,8542.3,2373.65
718,Московская область,2022,807.74,901231.0,102.4,78.3,1731.29,102.9,11.7,8591.7,2471.16
719,Московская область,2023,806.0,1072270.7,103.1,78.0,1779.0,116.1,11.0,8651.3,2474.0
720,Мурманская область,2000,429.0,59157.8,104.1,92.3,1720.0,104.67,11.6,922.9,983.0
721,Мурманская область,2001,370.0,62965.4,95.5,92.3,1722.0,101.1,12.2,905.7,989.0
722,Мурманская область,2002,366.0,76236.9,94.0,92.2,1663.0,96.92,13.2,889.8,968.0
723,Мурманская область,2003,339.0,91442.1,84.3,92.3,1666.0,104.02,14,873.2,946.0
724,Мурманская область,2004,374.0,144469.3,90.2,92.0,1739.0,104.3,13.5,856.9,1038.0
725,Мурманская область,2005,394.0,156652.5,105.5,92.3,1627.0,100.2,13.8,839.4,1006.0
726,Мурманская область,2006,329.0,190124.3,110.1,92.5,1732.0,101.5,13.2,824.0,980.0
727,Мурманская область,2007,383.0,233765.5,105.8,92.6,1605.0,98.2,12.2,815.1,1018.0
728,Мурманская область,2008,356.0,263755.5,104.0,92.7,1622.0,94.6,12.5,805.6,1053.0
729,Мурманская область,2009,352.0,251956.9,100.9,92.7,1610.0,96.5,12.5,799.8,960.0
730,Мурманская область,2010,339.0,292926.1,96.3,92.8,1502.0,103.2,11.9,794.1,920.0
731,Мурманская область,2011,334.0,334720.5,99.8,92.8,1586.0,99.5,11.6,782.2,1058.0
732,Мурманская область,2012,375.84,365920.8,101.7,92.9,1472.39,102.7,11.4,769.2,1103.05
733,Мурманская область,2013,333.59,402526.1,77.0,93.0,1593.08,99.8,11.2,754.1,943.19
734,Мурманская область,2014,331.01,438309.7,81.1,93.0,1560.96,99.8,11.7,743.9,904.18
735,Мурманская область,2015,328.28,543412.9,77.0,93.0,1373.41,106.8,12.0,734.1,1017.09
736,Мурманская область,2016,319.78,640507.9,76.2,93.0,1393.24,106.6,12.0,724.1,1021.66
737,Мурманская область,2017,317.91,666306.4,103.5,93.0,1418.22,111.6,11.6,714.7,1033.52
738,Мурманская область,2018,297.86,734566.5,102.6,93.0,1446.87,101.5,11.9,704.0,1053.68
739,Мурманская область,2019,266.47,883121.0,94.4,93.0,1368.91,108.0,12.1,692.2,1062.82
740,Мурманская область,2020,127.24,1164918.2,106.5,93.1,1422.94,101.0,14.5,678.6,1058.9
741,Мурманская область,2021,131.06,1646950.9,106.5,93.1,1327.02,105.7,17.2,665.2,953.23
742,Мурманская область,2022,110.83,1735233.4,89.6,93.0,1435.35,95.9,13.2,658.7,1025.41
743,Мурманская область,2023,124.0,1714647.5,106.1,93.0,1586.0,97.5,12.7,656.4,922.0
744,Ненецкий автономный округ,2000,1.12,,90.6,62.3,4.72,108.99,12.9,40.9,0.68
745,Ненецкий автономный округ,2001,1.01,,100.6,62.8,5.0,143.5,13.7,40.9,0.49
746,Ненецкий автономный округ,2002,1.11,,90.6,63.4,6.0,111.9,13.1,41.7,0.77
747,Ненецкий автономный округ,2003,1.21,599201.7,92.6,63.9,7.0,143.92,14.1,41.9,1.59
748,Ненецкий автономный округ,2004,1.19,944926.1,98.3,64.7,7.0,142.6,12.4,41.9,1.87
749,Ненецкий автономный округ,2005,1.2,1067007.7,96.9,65.3,11.0,115.4,12.2,41.9,2.6
750,Ненецкий автономный округ,2006,1.35,1605587.4,109.0,66.0,12.0,104.8,12.9,41.8,6.0
751,Ненецкий автономный округ,2007,1.57,2336326.5,89.6,66.6,11.0,105.2,12.6,41.9,7.0
752,Ненецкий автономный округ,2008,1.59,2184301.8,106.6,67.2,18.0,107.7,12.8,41.8,7.0
753,Ненецкий автономный округ,2009,1.63,3100503.1,99.9,67.0,28.0,128.1,11.8,42.1,8.0
754,Ненецкий автономный округ,2010,0.3,3465406.9,112.1,67.9,30.0,96.5,11.9,42.1,10.0
755,Ненецкий автономный округ,2011,0.2,3926593.4,109.7,69.0,30.0,83.9,10.5,42.2,9.0
756,Ненецкий автономный округ,2012,0.11,3721264.5,106.6,69.9,28.97,89.3,10.3,42.3,9.81
757,Ненецкий автономный округ,2013,0.13,4099188.4,81.5,70.7,33.48,96.5,10.8,42.2,13.87
758,Ненецкий автономный округ,2014,0.01,4426058.3,95.7,71.7,9.22,105.9,9.1,42.3,5.84
759,Ненецкий автономный округ,2015,0.01,5359728.6,110.6,72.3,14.09,110.2,9.5,42.5,13.89
760,Ненецкий автономный округ,2016,0.41,6173733.5,132.1,72.3,13.93,115.3,9.2,42.3,19.39
761,Ненецкий автономный округ,2017,0.31,6302095.4,88.7,72.6,14.9,96.9,9.0,42.0,24.04
762,Ненецкий автономный округ,2018,0.42,7658795.0,103.3,72.9,15.13,96.5,9.4,41.6,15.65
763,Ненецкий автономный округ,2019,0.12,7954412.5,95.3,73.4,15.58,98.9,9.1,41.6,14.36
764,Ненецкий автономный округ,2020,0.09,5547322.7,87.2,73.8,21.67,88.9,10.8,41.6,14.54
765,Ненецкий автономный округ,2021,0.0,9866203.9,125.6,74.2,20.51,102.4,12.8,41.4,12.77
766,Ненецкий автономный округ,2022,0.0,11786365.0,95.9,74.5,22.05,112.1,10.7,41.4,13.92
767,Ненецкий автономный округ,2023,0.0,11995394.3,102.8,74.8,20.0,93.7,10.5,42.2,14.0
768,Нижегородская область,2000,580.0,29090.1,103.3,78.0,1295.0,92.6,18.1,3594.5,1721.0
769,Нижегородская область,2001,545.0,41773.2,104.1,78.1,1268.0,98.0,18.7,3554.7,1764.0
770,Нижегородская область,2002,468.0,48321.6,97.2,78.2,1235.0,104.3,19.3,3515.7,1703.0
771,Нижегородская область,2003,461.0,59149.2,100.2,78.3,1202.0,106.4,20,3481.1,1677.0
772,Нижегородская область,2004,421.0,69629.5,98.1,78.1,1188.0,101.6,19.8,3447.9,1639.0
773,Нижегородская область,2005,425.0,87354.7,105.5,78.3,1197.0,103.3,20,3414.3,1655.0
774,Нижегородская область,2006,420.0,110662.7,101.1,78.4,1174.0,108.9,19,3384.3,1682.0
775,Нижегородская область,2007,410.0,140297.9,96.1,78.5,1193.0,100.5,18.3,3362.8,1543.0
776,Нижегородская область,2008,410.0,175587.1,103.3,78.6,1150.0,90.4,18.2,3343.7,1547.0
777,Нижегородская область,2009,379.0,164071.8,104.1,78.8,1121.0,77.9,17.4,3326.8,1560.0
778,Нижегородская область,2010,472.0,196792.5,78.3,78.9,1112.0,116.7,17.9,3307.6,1386.0
779,Нижегородская область,2011,461.0,233524.0,121.7,79.0,1064.0,107.7,16.4,3293.6,1572.0
780,Нижегородская область,2012,451.37,256111.3,97.9,79.1,1040.73,104.1,16.1,3283.2,1469.8
781,Нижегородская область,2013,524.59,282292.6,97.2,79.2,997.14,104.5,15.9,3271.6,1515.48
782,Нижегородская область,2014,396.93,309244.3,104.9,79.4,880.15,100.6,15.9,3257.0,1586.8
783,Нижегородская область,2015,389.6,339831.4,100.8,79.5,858.31,102.5,15.6,3244.1,1591.42
784,Нижегородская область,2016,377.14,396361.6,99.0,79.5,788.69,105.4,15.5,3228.5,1665.81
785,Нижегородская область,2017,369.9,430967.0,100.2,79.5,746.67,104.8,14.8,3212.5,1505.77
786,Нижегородская область,2018,363.24,469309.3,99.6,79.6,758.34,102.3,15.1,3189.1,1459.96
787,Нижегородская область,2019,312.66,508283.2,103.8,79.7,693.12,105.3,14.7,3174.2,2269.39
788,Нижегородская область,2020,320.54,506541.7,105.0,79.8,671.92,95.3,17.5,3144.5,1308.73
789,Нижегородская область,2021,301.7,617664.1,92.9,79.9,685.8,113.6,20.1,3108.9,1606.3
790,Нижегородская область,2022,300.82,739124.7,112.0,80.0,671.9,101.3,15.5,3081.8,1532.1
791,Нижегородская область,2023,315.0,870132.1,111.1,80.0,694.0,111.8,14.6,3060.3,1633.0
792,Новгородская область,2000,97.0,29347.0,107.6,69.6,109.0,108.9,20.1,710.3,539.0
793,Новгородская область,2001,95.0,38975.3,105.8,69.7,114.0,104.8,21.3,700.9,549.0
794,Новгородская область,2002,93.0,45178.5,96.8,69.9,113.0,101.1,22.3,692.1,552.0
795,Новгородская область,2003,81.0,55387.3,91.5,70.2,112.0,111.2,23.5,682.9,549.0
796,Новгородская область,2004,81.0,72549.3,100.8,70.4,114.0,109.65,22.4,674.5,564.0
797,Новгородская область,2005,78.0,95286.2,98.7,70.8,109.0,108.35,22.5,665.6,560.0
798,Новгородская область,2006,78.0,113246.4,89.1,71.2,108.0,101.66,21.5,657.6,552.0
799,Новгородская область,2007,75.0,132334.8,98.2,71.3,107.0,106.4,20.1,652.2,582.0
800,Новгородская область,2008,73.0,177472.4,105.5,71.2,106.0,102.3,20.9,645.4,572.0
801,Новгородская область,2009,74.0,183196.9,116.0,70.5,105.0,87.7,20.4,639.7,547.0
802,Новгородская область,2010,97.0,200248.6,124.8,70.7,108.0,116.1,20,632.8,568.0
803,Новгородская область,2011,92.0,243130.1,114.5,70.7,102.0,110.9,18.4,629.2,524.0
804,Новгородская область,2012,86.86,272065.9,104.0,70.7,94.93,104.4,17.9,624.9,532.09
805,Новгородская область,2013,72.64,287036.7,89.0,70.8,122.39,105.4,17.9,621.0,558.27
806,Новгородская область,2014,74.33,338150.7,109.5,71.3,87.36,112.9,17.4,616.9,611.4
807,Новгородская область,2015,76.31,380459.4,114.4,71.3,88.02,102.7,17.5,613.6,643.68
808,Новгородская область,2016,77.98,413626.0,104.8,71.4,91.47,103.8,17.5,610.0,889.88
809,Новгородская область,2017,28.47,422137.6,93.2,71.7,90.53,105.4,17.2,603.7,927.49
810,Новгородская область,2018,26.43,431838.2,102.4,72.2,95.18,101.0,16.8,597.0,948.07
811,Новгородская область,2019,25.4,460231.8,99.6,72.5,92.93,103.0,16.5,592.8,1008.71
812,Новгородская область,2020,23.29,473600.1,95.2,72.7,98.08,102.5,18.4,588.3,1039.45
813,Новгородская область,2021,22.5,590942.9,93.0,73.0,95.92,106.8,22.5,581.6,1089.04
814,Новгородская область,2022,22.24,657673.6,100.4,73.1,98.04,92.5,17.1,575.9,1104.47
815,Новгородская область,2023,21.0,712876.7,99.6,73.2,95.0,102.7,16.1,571.4,1159.0
816,Новосибирская область,2000,78.0,26472.3,128.1,74.8,901.0,110.7,14.2,2715.1,1845.0
817,Новосибирская область,2001,74.0,35177.3,110.8,75.0,823.0,107.3,14.5,2703.0,1033.0
818,Новосибирская область,2002,76.0,45659.6,96.5,75.1,835.0,103.7,15.4,2688.5,1028.0
819,Новосибирская область,2003,79.0,57360.1,93.3,75.3,866.0,111.1,15.5,2674.2,1027.0
820,Новосибирская область,2004,74.0,71843.4,94.1,75.5,776.0,110.9,15.4,2666.0,844.0
821,Новосибирская область,2005,72.0,88475.5,94.9,75.8,764.0,107.0,16.1,2654.9,922.0
822,Новосибирская область,2006,73.0,111679.3,94.6,76.1,750.0,110.7,15.2,2647.2,937.0
823,Новосибирская область,2007,101.0,138199.1,109.2,76.3,719.0,110.7,14.7,2642.7,885.0
824,Новосибирская область,2008,105.0,171430.3,102.4,76.6,777.0,102.4,14.5,2648.9,947.0
825,Новосибирская область,2009,98.0,160210.4,111.6,76.9,703.0,89.1,14,2661.6,884.0
826,Новосибирская область,2010,107.0,181732.7,89.0,77.3,676.0,108.3,13.9,2666.5,978.0
827,Новосибирская область,2011,94.0,223561.2,107.4,77.6,599.0,105.0,13.6,2688.3,894.0
828,Новосибирская область,2012,112.53,269643.5,81.5,77.9,622.06,109.0,13.6,2712.5,1016.09
829,Новосибирская область,2013,114.65,300099.4,112.0,78.3,569.61,101.4,13.4,2735.8,821.18
830,Новосибирская область,2014,109.35,332027.1,95.7,78.6,567.06,100.3,13.2,2753.0,903.58
831,Новосибирская область,2015,106.96,369957.0,103.8,78.9,578.37,101.0,13.0,2770.0,881.37
832,Новосибирская область,2016,96.91,386697.1,101.3,79.1,585.74,101.3,13.0,2788.9,867.94
833,Новосибирская область,2017,94.01,422134.2,109.0,79.2,563.86,101.8,12.8,2799.7,849.79
834,Новосибирская область,2018,88.9,464408.8,99.2,79.4,548.72,105.2,12.9,2805.8,763.71
835,Новосибирская область,2019,85.49,474511.4,104.1,79.5,601.16,104.6,12.7,2812.2,754.0
836,Новосибирская область,2020,82.53,483951.6,102.4,79.5,541.22,96.7,15.3,2801.4,747.93
837,Новосибирская область,2021,80.51,581842.5,113.5,79.7,538.79,113.7,16.9,2797.5,864.5
838,Новосибирская область,2022,77.2,693656.0,103.0,79.7,589.38,102.5,13.7,2794.3,975.22
839,Новосибирская область,2023,81.0,793881.2,86.9,79.8,625.0,108.5,12.8,2789.5,962.0
840,Омская область,2000,221.0,21643.1,110.5,68.3,325.0,112.61,13.5,2117.3,971.0
841,Омская область,2001,229.0,29219.2,136.7,68.6,319.0,112.12,13.6,2094.7,999.0
842,Омская область,2002,226.0,44424.1,96.6,68.7,325.0,110.32,14.6,2075.4,1014.0
843,Омская область,2003,223.0,55729.2,99.1,69.1,326.0,110.96,14.9,2052.7,1230.0
844,Омская область,2004,219.0,94389.6,101.0,69.8,323.0,112.6,15,2034.1,1105.0
845,Омская область,2005,214.0,108970.6,100.9,70.4,300.0,113.2,15.6,2016.3,1052.0
846,Омская область,2006,203.0,130614.3,101.2,70.8,285.0,110.8,15,2003.3,1151.0
847,Омская область,2007,207.0,148129.3,104.0,71.0,272.0,109.1,14.8,1993.3,1154.0
848,Омская область,2008,194.0,174709.8,91.3,71.2,278.0,101.4,14.5,1987.7,1288.0
849,Омская область,2009,193.0,169327.8,119.2,71.2,259.0,93.3,13.8,1984.0,1159.0
850,Омская область,2010,177.0,193216.0,84.9,71.5,258.0,106.4,13.9,1976.6,1202.0
851,Омская область,2011,170.0,228634.9,115.5,71.7,231.0,104.0,13.5,1972.3,1258.0
852,Омская область,2012,157.81,249428.4,78.5,71.8,214.7,103.1,13.8,1968.8,1453.54
853,Омская область,2013,158.98,280429.7,124.0,72.1,200.91,103.2,13.4,1966.1,1399.27
854,Омская область,2014,151.79,306365.2,93.3,72.3,205.79,103.5,13.3,1967.8,1294.13
855,Омская область,2015,139.41,314306.3,99.9,72.6,185.52,100.4,13.4,1965.5,1313.31
856,Омская область,2016,135.85,341344.5,97.5,72.8,184.46,97.1,13.3,1957.1,1345.08
857,Омская область,2017,129.88,358909.4,104.8,73.0,185.9,99.4,13.0,1942.0,1271.37
858,Омская область,2018,130.46,380834.5,101.1,73.1,188.72,104.2,13.0,1923.6,1223.65
859,Омская область,2019,125.47,403479.5,96.6,73.3,176.73,99.5,12.8,1903.6,702.39
860,Омская область,2020,126.07,407371.0,100.2,73.4,179.8,100.5,15.8,1878.1,694.44
861,Омская область,2021,121.33,426871.8,101.8,73.5,177.21,103.3,18.1,1851.5,693.82
862,Омская область,2022,121.19,514203.2,100.4,73.6,178.73,105.7,14.1,1832.1,742.47
863,Омская область,2023,124.0,578934.0,92.5,73.8,176.0,106.2,13.1,1818.1,798.0
864,Оренбургская область,2000,153.0,34585.2,111.0,57.5,1826.0,111.0,14.4,2203.6,1823.0
865,Оренбургская область,2001,154.0,38769.3,103.4,57.8,1686.0,100.62,14.7,2189.9,1823.0
866,Оренбургская область,2002,154.0,43145.6,101.6,57.8,1734.0,108.9,15.1,2176.0,1843.0
867,Оренбургская область,2003,152.0,53548.8,107.2,58.0,1775.0,116.8,15.3,2149.9,1820.0
868,Оренбургская область,2004,150.0,79522.8,96.6,58.3,1771.0,112.7,15.1,2122.5,1805.0
869,Оренбургская область,2005,149.0,101110.3,93.5,58.5,1598.0,104.0,15.7,2093.5,1699.0
870,Оренбургская область,2006,144.0,145532.5,105.2,58.9,1826.0,108.1,15.2,2067.9,1703.0
871,Оренбургская область,2007,142.0,179882.4,117.4,59.1,1850.0,102.2,15,2055.7,1710.0
872,Оренбургская область,2008,137.0,209769.6,115.1,59.2,1813.0,100.2,15.1,2044.3,1755.0
873,Оренбургская область,2009,136.0,202332.4,89.9,59.4,1625.0,99.5,14.3,2042.0,1773.0
874,Оренбургская область,2010,122.0,224937.2,73.2,59.7,1653.0,106.7,14.5,2031.5,1802.0
875,Оренбургская область,2011,132.0,273345.6,149.0,59.8,1920.0,102.5,14.3,2017.0,1887.0
876,Оренбургская область,2012,126.68,312741.8,84.4,59.7,1973.26,100.6,14.1,2002.7,1883.33
877,Оренбургская область,2013,120.13,359328.3,108.3,59.8,1495.2,96.9,14,1988.2,1863.74
878,Оренбургская область,2014,115.91,369142.8,98.3,59.6,1486.57,101.2,14.4,1973.9,1742.57
879,Оренбургская область,2015,109.48,393935.3,100.7,59.5,1315.41,92.5,14.3,1960.6,1672.01
880,Оренбургская область,2016,107.54,416823.3,110.9,59.4,1193.53,95.3,13.8,1948.8,1713.09
881,Оренбургская область,2017,105.15,450009.9,108.9,59.4,979.96,101.4,13.6,1930.5,1731.2
882,Оренбургская область,2018,102.13,551255.2,90.4,59.4,1010.5,101.6,13.6,1909.9,1739.24
883,Оренбургская область,2019,95.9,581010.8,102.1,59.6,904.33,103.4,13.4,1898.4,1940.96
884,Оренбургская область,2020,93.97,554155.2,108.4,59.7,805.63,98.4,16.8,1879.3,1814.87
885,Оренбургская область,2021,97.33,754958.8,82.0,59.7,670.93,99.6,19.5,1855.8,1934.96
886,Оренбургская область,2022,96.37,850040.2,144.1,59.9,572.29,97.2,13.8,1841.4,1945.54
887,Оренбургская область,2023,99.0,961298.3,95.7,60.0,846.0,103.7,13.7,1828.7,2010.0
888,Орловская область,2000,85.0,25168.4,136.9,63.2,139.0,104.1,17.7,876.7,543.0
889,Орловская область,2001,86.0,31676.1,97.2,63.4,132.0,97.8,18,867.6,27.0
890,Орловская область,2002,80.0,41322.8,104.2,63.6,130.0,99.0,18.6,858.3,390.0
891,Орловская область,2003,79.0,49342.3,99.6,63.9,130.0,110.4,18.8,847.1,352.0
892,Орловская область,2004,78.0,54740.1,97.4,64.4,135.0,112.5,18.8,835.2,356.0
893,Орловская область,2005,68.0,64180.4,99.8,64.7,122.0,110.1,18.8,822.1,362.0
894,Орловская область,2006,70.0,79341.5,91.8,65.0,121.0,103.0,18.2,811.4,391.0
895,Орловская область,2007,63.0,95387.1,104.0,65.2,118.0,97.9,17.8,805.2,384.0
896,Орловская область,2008,61.0,120531.4,125.1,65.4,110.0,97.3,17.6,798.9,369.0
897,Орловская область,2009,60.0,113848.8,100.5,65.4,99.0,76.2,17,793.1,366.0
898,Орловская область,2010,50.0,134533.8,85.1,65.5,84.0,118.1,17.4,785.6,323.0
899,Орловская область,2011,54.0,167501.7,129.2,65.7,83.0,107.8,16.3,780.9,383.0
900,Орловская область,2012,52.84,187787.5,104.5,65.8,80.06,106.4,16.4,775.1,347.83
901,Орловская область,2013,54.42,213467.3,106.3,65.9,78.38,100.4,16.3,768.9,320.06
902,Орловская область,2014,54.22,233349.5,108.7,66.3,83.76,104.9,16.4,763.8,321.14
903,Орловская область,2015,51.26,273699.1,94.1,66.6,76.65,100.2,16.4,757.9,316.57
904,Орловская область,2016,52.25,302660.0,109.8,66.7,76.71,98.9,16.5,752.6,571.87
905,Орловская область,2017,51.73,308718.9,100.9,66.8,76.1,96.4,15.8,744.7,2698.03
906,Орловская область,2018,56.62,333661.2,106.8,66.8,75.94,100.1,15.9,736.5,3390.97
907,Орловская область,2019,46.51,363618.0,108.5,66.8,69.06,106.8,15.4,730.2,1989.44
908,Орловская область,2020,45.63,389873.7,111.3,66.7,67.54,111.4,18.5,721.0,1587.15
909,Орловская область,2021,43.68,472765.6,98.7,66.7,66.92,110.4,20.9,710.0,959.83
910,Орловская область,2022,43.57,524570.9,107.3,66.6,66.17,99.5,17.2,700.3,972.85
911,Орловская область,2023,45.0,572560.7,114.3,66.5,65.0,103.6,15.7,692.5,972.0
912,Пензенская область,2000,144.0,16900.3,102.7,64.8,281.0,101.8,17,1484.1,96.0
913,Пензенская область,2001,149.0,22547.8,107.1,64.9,291.0,106.6,16.7,1466.2,88.0
914,Пензенская область,2002,148.0,28554.2,102.8,65.1,329.0,100.3,17.6,1449.2,82.0
915,Пензенская область,2003,143.0,33304.2,106.9,65.3,293.0,117.4,17.9,1440.0,83.0
916,Пензенская область,2004,147.0,41595.8,106.3,65.6,294.0,105.2,17.9,1431.0,77.0
917,Пензенская область,2005,139.0,52163.8,99.4,65.8,276.0,105.9,18.1,1420.1,75.0
918,Пензенская область,2006,137.0,62719.8,108.2,66.1,280.0,115.0,17,1411.7,77.0
919,Пензенская область,2007,128.0,84558.3,104.1,66.3,257.0,106.4,15.9,1405.4,84.0
920,Пензенская область,2008,124.0,105477.2,113.0,66.6,267.0,110.2,16.1,1398.1,84.0
921,Пензенская область,2009,116.0,105487.4,105.2,66.8,258.0,97.7,15.6,1392.4,81.0
922,Пензенская область,2010,111.0,124020.7,70.6,67.2,235.0,113.0,15.9,1384.0,68.0
923,Пензенская область,2011,108.0,154681.7,151.5,67.6,241.0,115.4,15.2,1375.2,84.0
924,Пензенская область,2012,105.19,175086.6,100.6,67.7,213.9,110.0,15,1365.8,81.72
925,Пензенская область,2013,100.45,198668.1,104.9,67.9,195.57,104.7,14.7,1356.6,81.15
926,Пензенская область,2014,95.43,218094.7,103.0,68.0,193.57,108.3,14.8,1350.8,71.18
927,Пензенская область,2015,92.02,254938.6,115.7,68.1,174.97,104.8,14.9,1342.6,75.87
928,Пензенская область,2016,93.88,267664.3,106.3,68.1,176.94,104.5,14.6,1334.3,77.32
929,Пензенская область,2017,92.69,283036.5,96.0,68.2,202.32,109.1,14.2,1323.2,76.8
930,Пензенская область,2018,92.35,312421.6,102.3,68.4,182.71,104.7,14.6,1308.1,73.37
931,Пензенская область,2019,90.54,344672.1,115.1,68.6,170.01,112.3,14.1,1294.5,77.2
932,Пензенская область,2020,96.03,376779.9,114.4,68.7,179.52,117.6,17.6,1278.8,73.78
933,Пензенская область,2021,97.42,425303.8,94.7,68.7,186.81,115.5,20.1,1261.1,66.32
934,Пензенская область,2022,95.8,472849.7,106.6,68.8,172.2,102.0,15.6,1246.6,69.68
935,Пензенская область,2023,98.0,530871.2,107.7,68.9,199.0,112.4,14.8,1236.1,69.0
936,Пермский край,2000,401.0,43273.2,96.6,75.4,2341.0,94.8,16.2,2858.6,1913.0
937,Пермский край,2001,390.0,58570.7,103.0,75.3,2663.0,99.3,16.5,2837.1,2010.0
938,Пермский край,2002,378.0,63032.2,93.3,75.1,2513.0,98.7,18,2813.8,1847.0
939,Пермский край,2003,380.0,74783.8,98.3,75.2,2630.0,108.9,18.3,2783.0,1952.0
940,Пермский край,2004,340.0,96240.2,91.1,75.3,2674.0,105.2,17.7,2751.6,1941.0
941,Пермский край,2005,317.0,119654.0,93.8,75.2,2741.0,100.8,18.1,2718.8,2012.0
942,Пермский край,2006,302.0,141864.8,100.4,75.4,2699.0,104.2,16.7,2691.6,1934.0
943,Пермский край,2007,279.0,178096.8,94.8,75.5,2895.0,89.4,15.9,2674.0,2076.0
944,Пермский край,2008,367.0,227719.0,97.5,75.2,2834.0,100.3,15.8,2660.4,2178.0
945,Пермский край,2009,314.0,203364.2,101.6,74.8,2557.0,85.5,15.3,2648.7,2027.0
946,Пермский край,2010,313.0,235930.6,90.7,75.0,2472.0,111.3,15.3,2633.5,2020.0
947,Пермский край,2011,397.0,319297.1,121.2,75.1,2393.0,116.4,14.7,2628.6,2108.0
948,Пермский край,2012,406.93,327240.1,92.4,75.3,1959.18,102.3,14.2,2629.5,1968.69
949,Пермский край,2013,410.46,334841.7,95.4,75.5,2154.3,103.9,14.1,2628.3,1500.9
950,Пермский край,2014,397.81,370820.6,101.0,75.7,2141.76,103.9,14.0,2626.0,1685.81
951,Пермский край,2015,382.97,405495.5,96.4,75.7,1935.84,99.5,14.2,2620.8,1640.99
952,Пермский край,2016,357.78,438303.1,97.4,75.8,1592.82,98.8,13.9,2615.9,1613.49
953,Пермский край,2017,317.13,477302.9,101.8,75.8,1602.64,102.5,13.4,2604.4,1868.02
954,Пермский край,2018,211.96,547866.9,105.0,75.8,1469.84,100.3,13.6,2589.2,2090.76
955,Пермский край,2019,209.51,579554.0,95.0,75.8,1251.39,98.9,13.3,2574.7,1992.3
956,Пермский край,2020,194.19,540576.6,105.7,75.7,1103.1,97.5,15.7,2550.7,1985.95
957,Пермский край,2021,156.92,695592.3,96.7,75.7,1256.6,104.3,17.4,2525.1,2099.43
958,Пермский край,2022,134.62,795795.4,106.7,75.7,1310.46,98.4,13.9,2508.4,2140.76
959,Пермский край,2023,124.0,878276.5,91.5,75.8,1362.0,105.9,13.3,2495.3,2201.0
960,Приморский край,2000,459.0,29139.9,90.8,77.7,631.0,101.0,13.9,2120.5,1970.0
961,Приморский край,2001,436.0,34628.0,112.8,78.3,638.0,86.0,14.1,2085.7,2095.0
962,Приморский край,2002,418.0,46632.5,102.9,78.3,575.0,103.0,14.9,2067.4,2269.0
963,Приморский край,2003,389.0,57986.3,111.6,78.4,562.0,103.1,15.6,2048.6,2126.0
964,Приморский край,2004,346.0,74713.1,100.2,75.6,501.0,117.8,15.8,2028.4,2058.0
965,Приморский край,2005,348.0,92504.2,96.1,75.7,501.0,119.7,16.3,2006.5,2058.0
966,Приморский край,2006,337.0,108099.2,104.2,75.8,495.0,112.6,15,1988.6,1941.0
967,Приморский край,2007,339.0,130632.0,101.1,75.8,498.0,102.1,14.7,1977.4,1806.0
968,Приморский край,2008,340.0,160416.7,108.5,75.9,539.0,114.6,14.7,1969.6,1868.0
969,Приморский край,2009,337.0,187556.4,107.9,76.0,641.0,97.3,14,1965.2,1769.0
970,Приморский край,2010,371.0,240220.7,103.2,76.1,708.0,116.0,14.3,1953.5,1846.0
971,Приморский край,2011,336.0,281770.8,109.9,76.5,678.0,121.0,14.1,1948.4,2068.0
972,Приморский край,2012,317.95,286502.7,97.4,76.8,688.73,115.3,13.7,1943.3,2121.04
973,Приморский край,2013,284.84,297982.4,97.3,77.1,611.46,104.4,13.5,1932.6,1991.76
974,Приморский край,2014,290.4,333071.7,111.8,77.3,619.69,107.1,13.5,1925.0,2029.59
975,Приморский край,2015,290.92,373412.6,93.8,77.5,578.84,87.6,13.5,1918.5,2121.48
976,Приморский край,2016,275.68,449626.2,99.2,77.6,594.09,97.8,13.7,1910.4,1838.33
977,Приморский край,2017,268.25,475867.3,113.4,77.8,521.85,118.7,13.4,1898.5,1837.09
978,Приморский край,2018,265.95,510201.6,92.3,78.0,522.3,96.4,13.6,1886.3,1972.58
979,Приморский край,2019,258.9,568198.1,91.1,78.2,487.82,118.2,13.7,1877.7,1978.7
980,Приморский край,2020,260.96,591923.4,102.5,78.3,489.01,80.5,15.6,1858.2,1746.83
981,Приморский край,2021,250.66,731915.2,117.6,78.5,456.75,122.2,17.2,1841.9,1915.99
982,Приморский край,2022,243.51,840706.9,116.1,78.4,440.25,99.8,15.0,1820.1,2080.37
983,Приморский край,2023,238.0,1027409.8,87.0,78.4,436.0,98.8,14.1,1806.4,1892.0
984,Псковская область,2000,73.0,20544.7,98.5,65.6,430.0,108.49,22.3,781.8,12.0
985,Псковская область,2001,73.0,25031.4,98.1,65.9,487.0,105.2,22.8,769.7,15.0
986,Псковская область,2002,74.0,31547.3,93.7,66.2,425.0,106.61,23.8,758.1,15.0
987,Псковская область,2003,73.0,39190.7,85.2,66.9,332.0,102.7,24.9,746.8,12.0
988,Псковская область,2004,69.0,48358.5,102.8,67.8,294.0,103.6,24.2,734.5,12.0
989,Псковская область,2005,61.0,55772.9,86.9,68.3,292.0,98.7,24.6,720.8,12.0
990,Псковская область,2006,60.0,72029.1,91.5,68.8,338.0,108.2,23.4,708.2,11.0
991,Псковская область,2007,57.0,87456.7,95.2,69.2,292.0,108.0,21,699.6,8.0
992,Псковская область,2008,57.0,105449.0,99.4,69.6,334.0,105.1,21.8,690.3,6.0
993,Псковская область,2009,54.0,108797.9,102.7,69.8,317.0,89.6,21.1,681.9,6.0
994,Псковская область,2010,52.0,128685.1,101.4,70.2,335.0,117.4,21.2,671.3,3.6
995,Псковская область,2011,45.0,150372.7,105.2,70.1,266.0,116.3,19.4,665.4,3.3
996,Псковская область,2012,39.79,162494.1,105.7,70.2,254.29,99.6,19.6,658.3,4.52
997,Псковская область,2013,38.84,175067.2,112.8,70.1,263.08,100.6,18.7,651.8,4.44
998,Псковская область,2014,36.96,191022.0,122.8,70.3,174.16,94.4,18.6,644.7,4.31
999,Псковская область,2015,35.39,210766.7,113.3,70.3,136.46,102.8,18.4,638.6,2.14
1000,Псковская область,2016,37.18,250434.0,119.8,70.4,85.45,104.5,18.2,632.8,3.18
1001,Псковская область,2017,37.06,263558.4,112.0,70.5,140.99,107.1,17.7,625.8,3.14
1002,Псковская область,2018,33.6,290740.4,110.9,70.7,67.17,100.1,17.5,617.5,3.15
1003,Псковская область,2019,35.09,319726.3,117.9,70.7,73.48,106.9,17.2,612.5,3.01
1004,Псковская область,2020,33.9,331405.5,108.6,70.7,65.54,96.3,19.5,605.1,3.01
1005,Псковская область,2021,32.54,378939.1,97.3,70.9,69.01,105.6,22.3,596.9,2.99
1006,Псковская область,2022,31.59,435172.2,93.3,70.9,53.01,99.4,18.3,587.8,2.84
1007,Псковская область,2023,34.0,494039.9,98.7,70.8,68.0,112.6,17.0,581.1,3.0
1008,Республика Адыгея (Адыгея),2000,50.0,12315.1,100.9,52.8,150.0,118.1,15,447.3,7.0
1009,Республика Адыгея (Адыгея),2001,35.0,14858.6,99.6,52.7,88.0,102.29,14.7,446.6,32.0
1010,Республика Адыгея (Адыгея),2002,35.0,17707.5,94.6,52.6,65.0,92.24,15,446.8,30.0
1011,Республика Адыгея (Адыгея),2003,24.0,22091.7,91.1,52.3,63.0,107.33,15.5,444.8,30.0
1012,Республика Адыгея (Адыгея),2004,24.0,28133.2,114.7,51.9,74.0,133.2,15,443.3,30.0
1013,Республика Адыгея (Адыгея),2005,24.0,38514.5,115.1,51.4,76.0,105.3,15.2,441.0,29.0
1014,Республика Адыгея (Адыгея),2006,23.0,48050.2,109.7,51.1,97.0,118.3,15.2,438.6,29.0
1015,Республика Адыгея (Адыгея),2007,21.0,66366.2,109.2,50.9,87.0,118.2,14.7,437.9,29.0
1016,Республика Адыгея (Адыгея),2008,21.0,82378.2,116.6,51.1,94.0,116.6,15,439.4,29.0
1017,Республика Адыгея (Адыгея),2009,29.0,94436.5,106.5,51.0,100.0,103.8,14.1,439.8,29.0
1018,Республика Адыгея (Адыгея),2010,29.0,107297.5,98.2,50.9,119.0,115.2,14.1,439.9,28.0
1019,Республика Адыгея (Адыгея),2011,28.0,128374.2,98.4,50.8,124.0,107.2,13.7,445.0,28.0
1020,Республика Адыгея (Адыгея),2012,28.39,145958.8,101.6,50.7,133.61,108.7,13.2,449.7,27.91
1021,Республика Адыгея (Адыгея),2013,25.78,156745.1,108.9,50.6,174.42,102.7,12.9,454.4,27.9
1022,Республика Адыгея (Адыгея),2014,24.42,165414.0,100.3,50.5,144.55,118.5,13.0,460.0,27.9
1023,Республика Адыгея (Адыгея),2015,25.78,182243.9,107.8,50.6,171.99,103.1,12.6,465.2,27.9
1024,Республика Адыгея (Адыгея),2016,25.51,216232.8,97.9,50.4,172.94,111.7,12.5,469.9,27.62
1025,Республика Адыгея (Адыгея),2017,23.15,232839.8,100.4,50.2,164.06,102.7,12.1,472.6,27.64
1026,Республика Адыгея (Адыгея),2018,24.66,252776.7,98.2,49.9,191.93,105.3,11.8,476.6,27.64
1027,Республика Адыгея (Адыгея),2019,23.46,272001.2,108.1,50.0,201.34,101.6,11.7,487.5,27.64
1028,Республика Адыгея (Адыгея),2020,23.53,292264.5,106.5,49.6,186.58,105.9,12.6,490.4,27.66
1029,Республика Адыгея (Адыгея),2021,23.63,346689.2,95.2,49.5,181.09,112.5,14.8,498.3,27.66
1030,Республика Адыгея (Адыгея),2022,24.09,395639.8,98.8,49.0,171.5,112.8,12.3,498.0,27.66
1031,Республика Адыгея (Адыгея),2023,23.0,446662.0,101.6,48.7,148.0,107.2,10.5,500.6,28.0
1032,Республика Алтай,2000,0.55,13505.1,98.8,26.1,11.0,98.6,13,203.0,11.0
1033,Республика Алтай,2001,0.55,22164.4,98.8,26.5,8.0,110.7,14.1,202.9,12.0
1034,Республика Алтай,2002,0.42,26160.6,109.1,26.4,8.0,101.4,15.1,203.0,10.0
1035,Республика Алтай,2003,0.67,34042.3,105.4,26.3,8.0,96.7,15.6,202.5,10.0
1036,Республика Алтай,2004,0.36,42067.6,98.0,26.0,9.0,117.2,14.9,202.3,11.0
1037,Республика Алтай,2005,0.5,43592.3,94.9,26.2,8.0,100.6,15.7,201.7,11.0
1038,Республика Алтай,2006,0.37,57555.4,106.5,26.7,8.0,107.4,14.1,201.8,12.0
1039,Республика Алтай,2007,0.42,74633.6,115.6,26.9,8.0,106.5,12.7,203.1,14.0
1040,Республика Алтай,2008,0.46,91713.1,101.4,27.1,9.0,104.2,12.5,204.7,15.0
1041,Республика Алтай,2009,0.26,97112.1,106.0,27.5,8.0,89.6,12.2,205.4,13.0
1042,Республика Алтай,2010,0.3,108729.5,101.6,27.7,8.0,96.5,12.2,206.5,16.0
1043,Республика Алтай,2011,0.3,127452.9,110.0,28.9,8.0,108.1,12.2,207.4,12.0
1044,Республика Алтай,2012,0.31,146447.1,101.0,29.3,10.06,104.4,11.6,208.3,18.9
1045,Республика Алтай,2013,0.24,159790.5,100.6,29.6,7.7,96.5,11.5,208.6,13.32
1046,Республика Алтай,2014,0.35,187384.9,96.3,29.9,6.86,105.6,11.3,209.7,5.75
1047,Республика Алтай,2015,0.39,200875.3,98.0,30.1,8.87,125.2,11.2,210.1,6.26
1048,Республика Алтай,2016,0.38,225265.0,101.4,30.2,6.99,149.0,10.2,211.0,8.28
1049,Республика Алтай,2017,0.32,229400.6,94.7,30.2,6.32,109.9,10.0,211.1,9.4
1050,Республика Алтай,2018,0.31,256230.0,98.4,30.5,6.83,102.5,10.4,210.9,20.54
1051,Республика Алтай,2019,0.33,270282.7,98.2,30.8,6.98,101.3,10.5,211.3,16.28
1052,Республика Алтай,2020,0.38,297548.1,94.8,30.9,6.1,130.9,11.8,211.2,9.17
1053,Республика Алтай,2021,0.31,353184.5,94.8,31.0,6.35,101.1,13.5,210.8,6.74
1054,Республика Алтай,2022,0.29,434627.5,101.2,30.8,6.81,101.3,11.6,210.8,14.18
1055,Республика Алтай,2023,0.3,514010.8,95.4,30.6,7.0,109.4,10.7,210.8,19.0
1056,Республика Башкортостан,2000,457.0,35245.9,98.4,64.1,880.0,108.0,13,4115.2,5611.0
1057,Республика Башкортостан,2001,447.0,40609.7,114.1,64.1,863.0,106.5,13.4,4108.3,5442.0
1058,Республика Башкортостан,2002,426.0,45756.0,108.4,64.1,842.0,100.4,14.1,4102.3,4941.0
1059,Республика Башкортостан,2003,408.0,59274.3,104.2,64.2,823.0,104.6,14.2,4094.2,4896.0
1060,Республика Башкортостан,2004,392.0,76042.5,100.6,59.8,805.0,103.7,14.1,4081.3,4994.0
1061,Республика Башкортостан,2005,388.0,93683.1,98.9,59.8,778.0,106.2,14.2,4066.3,5191.0
1062,Республика Башкортостан,2006,383.0,124439.6,108.7,59.8,799.0,108.0,13.6,4053.4,5388.0
1063,Республика Башкортостан,2007,383.0,145543.9,102.6,60.0,796.0,105.8,13.6,4054.8,5575.0
1064,Республика Башкортостан,2008,381.0,183168.7,102.3,60.1,768.0,107.6,13.7,4059.4,5185.0
1065,Республика Башкортостан,2009,359.0,159428.7,99.3,60.3,719.0,98.3,13.1,4068.5,5013.0
1066,Республика Башкортостан,2010,341.0,186522.0,64.7,60.6,745.0,110.1,13.4,4072.1,5317.0
1067,Республика Башкортостан,2011,321.0,231077.6,139.8,60.8,784.0,109.8,13.4,4072.6,5349.0
1068,Республика Башкортостан,2012,311.23,282038.4,85.5,60.9,794.77,105.7,13.2,4078.0,5336.5
1069,Республика Башкортостан,2013,305.1,284639.1,114.5,61.2,781.56,102.3,13.1,4095.3,5117.32
1070,Республика Башкортостан,2014,297.86,307280.3,99.7,61.4,765.94,103.9,13.0,4105.8,4761.25
1071,Республика Башкортостан,2015,277.11,320352.1,103.0,61.4,756.36,101.3,13.1,4114.0,4850.31
1072,Республика Башкортостан,2016,283.24,345331.5,100.7,61.5,783.63,102.9,12.7,4118.8,5200.23
1073,Республика Башкортостан,2017,259.98,361070.3,103.3,61.5,749.62,104.2,12.2,4122.7,5098.98
1074,Республика Башкортостан,2018,243.33,422133.4,99.4,61.6,752.9,101.1,12.2,4118.0,5046.97
1075,Республика Башкортостан,2019,236.02,438183.0,102.2,61.8,783.39,104.8,11.9,4112.900000000001,5272.13
1076,Республика Башкортостан,2020,175.52,412767.7,103.6,61.8,673.85,99.1,14.7,4096.1,4926.53
1077,Республика Башкортостан,2021,174.48,492450.9,84.8,62.1,681.68,104.4,16.1,4091.6,5239.65
1078,Республика Башкортостан,2022,166.78,549048.0,129.2,62.3,739.55,103.6,11.9,4077.6,5399.77
1079,Республика Башкортостан,2023,170.0,604343.3,88.8,62.6,740.0,108.5,11.7,4064.3,5398.0
1080,Республика Бурятия,2000,120.0,21555.1,102.1,59.8,485.0,118.8,13.1,996.9,151.0
1081,Республика Бурятия,2001,121.0,30314.6,100.3,59.7,527.0,109.7,14,987.3,139.0
1082,Республика Бурятия,2002,70.0,38524.0,97.8,59.6,650.0,111.8,14.6,979.6,140.0
1083,Республика Бурятия,2003,67.0,53479.2,96.6,58.7,395.0,108.4,15.4,974.6,228.0
1084,Республика Бурятия,2004,66.0,65707.2,100.9,57.4,394.0,102.1,15.3,971.0,259.0
1085,Республика Бурятия,2005,61.0,77313.2,99.4,56.4,414.0,107.9,15.6,966.9,271.0
1086,Республика Бурятия,2006,52.0,94965.1,100.7,56.0,364.0,108.4,14.4,964.6,329.0
1087,Республика Бурятия,2007,50.0,111354.0,101.3,56.1,485.0,108.6,13.3,965.2,276.0
1088,Республика Бурятия,2008,46.0,129145.4,101.5,56.0,569.0,107.6,13.4,966.6,322.0
1089,Республика Бурятия,2009,45.0,125172.5,97.6,57.8,416.0,99.3,12.9,969.7,303.0
1090,Республика Бурятия,2010,41.0,137564.9,100.1,58.5,499.0,120.2,12.7,971.5,286.0
1091,Республика Бурятия,2011,8.0,158143.4,101.6,58.8,460.0,114.2,12.7,971.3,302.0
1092,Республика Бурятия,2012,34.56,169608.1,101.9,59.0,507.56,103.2,12.4,971.2,259.79
1093,Республика Бурятия,2013,32.47,181975.1,101.9,59.2,517.8,114.9,11.8,972.8,262.14
1094,Республика Бурятия,2014,37.89,191295.1,101.5,59.3,520.31,102.9,11.5,976.9,272.72
1095,Республика Бурятия,2015,39.23,207268.7,87.7,59.3,534.42,101.6,11.4,980.1,292.79
1096,Республика Бурятия,2016,38.06,225071.8,104.2,59.1,532.91,87.2,11.3,981.6,279.92
1097,Республика Бурятия,2017,34.53,228844.2,92.5,59.2,591.39,101.3,10.7,981.3,300.97
1098,Республика Бурятия,2018,34.64,263744.5,105.6,59.2,501.7,102.4,10.8,979.5,333.36
1099,Республика Бурятия,2019,30.52,291073.7,98.9,59.3,430.71,111.6,11.1,982.1,303.21
1100,Республика Бурятия,2020,28.6,308499.3,101.1,59.2,408.34,113.2,12.0,980.9,258.54
1101,Республика Бурятия,2021,29.72,363621.5,102.6,59.2,469.28,101.8,13.8,978.0,292.38
1102,Республика Бурятия,2022,26.28,457864.5,99.5,59.1,593.76,111.7,12.2,974.6,319.96
1103,Республика Бурятия,2023,26.0,517755.8,103.1,59.1,543.0,97.1,11.8,971.9,312.0
1104,Республика Дагестан,2000,280.0,8489.7,107.6,42.4,3223.0,100.9,6.5,2486.0,28.0
1105,Республика Дагестан,2001,220.0,12562.3,119.3,42.6,3427.0,102.9,6.1,2536.1,27.0
1106,Республика Дагестан,2002,77.0,16195.5,107.0,42.8,3158.0,108.8,6.2,2581.4,26.0
1107,Республика Дагестан,2003,80.0,22168.7,111.8,43.2,3186.0,94.7,6.1,2617.5,24.0
1108,Республика Дагестан,2004,79.0,30629.6,108.9,43.4,3141.0,115.1,6,2652.7,24.0
1109,Республика Дагестан,2005,78.0,33839.8,108.3,43.8,3322.0,136.3,5.8,2692.6,22.0
1110,Республика Дагестан,2006,75.0,45741.7,104.1,44.2,3370.0,108.5,5.9,2735.8,22.0
1111,Республика Дагестан,2007,75.0,56812.6,105.1,44.4,3234.0,133.1,5.6,2788.6,20.0
1112,Республика Дагестан,2008,75.0,77033.8,104.0,44.6,3109.0,104.1,5.6,2826.5,20.0
1113,Республика Дагестан,2009,76.0,90542.5,104.0,44.8,2912.0,103.2,5.9,2868.8,20.0
1114,Республика Дагестан,2010,77.0,94883.6,104.1,45.2,3030.0,91.2,5.9,2914.2,22.0
1115,Республика Дагестан,2011,78.0,112953.7,106.0,45.1,2592.0,92.3,5.8,2934.6,19.0
1116,Республика Дагестан,2012,79.38,127273.4,102.3,45.1,2252.56,100.4,5.7,2953.6,19.28
1117,Республика Дагестан,2013,77.33,152776.7,103.4,45.0,2211.57,154.0,5.5,2975.1,19.4
1118,Республика Дагестан,2014,77.74,176634.1,109.6,45.0,2863.87,100.7,5.5,3004.9,17.55
1119,Республика Дагестан,2015,79.28,188590.2,104.8,45.1,2406.78,105.2,5.4,3032.5,17.83
1120,Республика Дагестан,2016,76.92,202693.3,105.8,45.2,2449.33,135.2,5.2,3061.3,17.7
1121,Республика Дагестан,2017,71.91,208042.6,105.3,45.2,2558.51,103.2,5.0,3086.6,17.62
1122,Республика Дагестан,2018,71.48,218099.5,101.1,45.3,2417.82,94.8,4.8,3113.0,17.74
1123,Республика Дагестан,2019,73.25,228250.0,100.7,45.3,2491.73,109.1,4.8,3140.9,12.63
1124,Республика Дагестан,2020,74.77,234960.7,101.3,45.3,2500.59,109.4,6.3,3164.8,11.23
1125,Республика Дагестан,2021,74.9,252694.0,95.3,45.2,2372.75,110.5,6.2,3186.9,10.63
1126,Республика Дагестан,2022,70.99,285551.7,102.3,45.2,2380.51,109.4,5.1,3209.8,7.71
1127,Республика Дагестан,2023,74.0,321237.1,105.9,45.2,2265.0,123.8,4.5,3232.2,7.0
1128,Республика Ингушетия,2000,1.42,6667.9,100.6,42.6,68.0,121.5,5.4,445.4,27.0
1129,Республика Ингушетия,2001,0.94,8000.7,122.9,42.6,137.0,134.8,4.2,455.5,29.0
1130,Республика Ингушетия,2002,1.13,7751.7,101.5,42.4,99.0,43.2,4.1,468.8,26.0
1131,Республика Ингушетия,2003,1.44,10332.4,112.0,42.6,80.0,85.9,3.9,451.9,26.0
1132,Республика Ингушетия,2004,1.37,14024.9,102.3,42.4,86.0,91.8,4,433.7,26.0
1133,Республика Ингушетия,2005,1.6,17435.1,90.4,42.5,65.0,103.5,4.3,417.4,27.0
1134,Республика Ингушетия,2006,1.86,21922.4,103.2,42.6,90.0,105.1,4.4,406.7,26.0
1135,Республика Ингушетия,2007,1.89,41340.7,97.1,42.6,89.0,76.1,4,406.6,26.0
1136,Республика Ингушетия,2008,1.26,47002.3,114.9,42.8,100.0,83.7,3.8,409.2,26.0
1137,Республика Ингушетия,2009,3.14,46174.4,102.7,42.7,105.0,112.1,4.6,411.7,0.2
1138,Республика Ингушетия,2010,2.7,48239.2,101.5,38.4,119.0,97.4,4.5,414.5,0.1
1139,Республика Ингушетия,2011,4.3,63662.5,114.1,40.6,125.0,111.4,4,429.3,0.0
1140,Республика Ингушетия,2012,4.15,86074.8,79.3,42.6,123.58,110.0,3.7,440.1,0.0
1141,Республика Ингушетия,2013,4.06,102879.9,108.5,44.3,107.69,116.1,3.5,449.6,0.0
1142,Республика Ингушетия,2014,3.83,114212.7,108.1,45.9,108.5,102.8,3.5,459.3,0.0
1143,Республика Ингушетия,2015,2.19,108133.7,104.1,47.6,105.62,100.4,3.4,467.2000000000001,0.0
1144,Республика Ингушетия,2016,2.57,123604.4,112.8,49.2,106.4,101.8,3.3,473.6,0.0
1145,Республика Ингушетия,2017,2.72,127623.9,87.6,50.3,106.28,110.4,3.3,480.1,0.0
1146,Республика Ингушетия,2018,2.84,139363.8,111.5,51.5,105.49,111.0,3.2,488.2,0.0
1147,Республика Ингушетия,2019,2.73,149849.4,101.3,52.7,104.02,109.2,3.1,496.7,0.0
1148,Республика Ингушетия,2020,0.92,141618.3,98.0,53.8,103.98,97.9,3.9,504.0,0.0
1149,Республика Ингушетия,2021,0.87,141496.0,125.5,54.8,108.38,104.6,4.3,511.3,0.0
1150,Республика Ингушетия,2022,0.83,159603.5,123.5,54.8,108.89,105.2,3.4,519.1,0.0
1151,Республика Ингушетия,2023,0.6,182203.7,100.8,55.0,126.0,117.8,3.2,527.2,0.0
1152,Республика Калмыкия,2000,28.0,20183.7,139.9,43.0,433.0,105.9,11.2,307.3,0.92
1153,Республика Калмыкия,2001,35.0,22261.8,126.7,43.7,389.0,111.2,11.1,297.6,0.91
1154,Республика Калмыкия,2002,37.0,24676.8,109.4,44.3,363.0,99.6,12.3,291.8,0.78
1155,Республика Калмыкия,2003,43.0,22394.9,90.0,44.3,402.0,108.8,11.8,292.2,0.93
1156,Республика Калмыкия,2004,37.0,29105.7,135.1,44.0,396.0,95.0,10.9,293.2,1.03
1157,Республика Калмыкия,2005,36.0,33017.9,105.8,43.9,371.0,99.6,11.4,293.5,1.0
1158,Республика Калмыкия,2006,41.0,43797.2,132.3,43.8,380.0,87.4,10.9,293.0,0.93
1159,Республика Калмыкия,2007,38.0,58925.2,104.3,43.9,399.0,93.9,10.7,291.7,0.97
1160,Республика Калмыкия,2008,39.0,71450.7,101.0,44.0,368.0,90.3,10.2,290.3,0.9
1161,Республика Калмыкия,2009,35.0,82586.8,93.4,44.1,408.0,102.7,10.7,289.7,0.9
1162,Республика Калмыкия,2010,29.0,84359.4,105.1,44.1,371.0,113.3,11,288.9,0.0
1163,Республика Калмыкия,2011,33.0,101929.5,112.7,44.5,358.0,75.4,10.2,286.4,0.0
1164,Республика Калмыкия,2012,20.45,125970.8,99.7,44.8,324.61,89.8,10.1,283.6,0.0
1165,Республика Калмыкия,2013,26.25,145760.6,101.6,45.0,289.57,108.3,9.9,281.3,0.21
1166,Республика Калмыкия,2014,14.25,166419.7,107.2,45.3,394.32,103.2,9.9,279.7,0.21
1167,Республика Калмыкия,2015,12.1,186387.4,101.3,45.4,397.35,99.7,9.9,277.8,0.09
1168,Республика Калмыкия,2016,14.91,250822.7,102.2,45.5,280.76,104.3,9.8,276.9,0.09
1169,Республика Калмыкия,2017,14.9,290646.4,101.1,45.6,330.88,103.3,9.9,274.5,0.09
1170,Республика Калмыкия,2018,13.87,315286.0,92.0,45.8,290.64,98.5,9.7,271.7,0.09
1171,Республика Калмыкия,2019,18.24,328442.5,98.3,46.2,315.0,96.5,9.5,270.2,0.19
1172,Республика Калмыкия,2020,14.73,348863.1,89.7,46.5,286.0,100.3,11.2,268.9,0.17
1173,Республика Калмыкия,2021,6.29,382488.4,92.5,46.8,327.54,129.3,13.6,266.4,0.17
1174,Республика Калмыкия,2022,11.69,448137.3,96.7,47.0,323.12,118.6,10.4,264.5,0.17
1175,Республика Калмыкия,2023,11.0,627610.2,104.8,47.0,334.0,100.1,9.5,266.8,0.2
1176,Республика Карелия,2000,205.0,38539.2,102.3,74.5,199.0,115.8,16.5,728.8,816.0
1177,Республика Карелия,2001,201.0,46499.2,111.0,74.8,218.0,98.8,17.4,721.5,821.0
1178,Республика Карелия,2002,198.0,57575.7,95.6,75.1,214.0,95.5,18.7,715.2,839.0
1179,Республика Карелия,2003,194.0,65708.0,97.1,75.5,222.0,101.8,19.9,702.8,846.0
1180,Республика Карелия,2004,209.0,77509.7,85.4,75.9,225.0,110.5,18.8,689.6,930.0
1181,Республика Карелия,2005,205.0,112950.3,97.7,76.2,237.0,118.7,18.5,676.0,995.0
1182,Республика Карелия,2006,207.0,125613.2,100.5,76.6,236.0,101.8,17.5,665.0,1057.0
1183,Республика Карелия,2007,204.0,157959.0,96.3,77.1,226.0,116.0,16.6,659.4,1056.0
1184,Республика Карелия,2008,197.0,175465.8,103.1,77.5,221.0,97.0,17,653.7,1056.0
1185,Республика Карелия,2009,190.0,162649.3,95.3,77.7,213.0,78.5,16.3,648.7,1049.0
1186,Республика Карелия,2010,190.0,186651.2,97.5,78.1,203.0,108.9,16.2,642.6,1106.0
1187,Республика Карелия,2011,175.0,242566.5,98.0,78.3,196.0,101.6,14.8,635.1,1064.0
1188,Республика Карелия,2012,177.6,255152.1,91.9,78.6,188.34,102.0,15.6,625.7,1018.38
1189,Республика Карелия,2013,216.74,287744.6,100.4,78.7,171.72,94.5,15,615.9,889.55
1190,Республика Карелия,2014,219.73,312541.8,96.6,79.0,174.55,101.7,15.1,607.6,978.45
1191,Республика Карелия,2015,205.65,352300.9,97.2,79.0,167.91,99.7,16.0,596.2,963.47
1192,Республика Карелия,2016,221.23,419854.6,89.9,79.1,161.97,103.7,15.8,585.8,1079.11
1193,Республика Карелия,2017,220.83,467853.6,91.0,79.0,168.56,103.7,15.8,571.8,1046.44
1194,Республика Карелия,2018,180.2,532104.8,102.9,79.0,181.44,103.9,16.2,559.4,1110.59
1195,Республика Карелия,2019,222.1,574794.5,93.7,79.2,189.27,100.4,15.8,550.7,1121.95
1196,Республика Карелия,2020,170.9,591114.7,101.5,79.2,185.72,105.5,18.6,541.5,1080.07
1197,Республика Карелия,2021,120.61,833570.6,91.6,79.4,184.14,101.2,23.2,532.4,1104.79
1198,Республика Карелия,2022,112.18,738326.4,104.7,79.7,187.38,93.1,18.2,527.9,1078.26
1199,Республика Карелия,2023,137.0,825855.7,99.9,79.9,183.0,100.2,16.5,523.9,1075.0
1200,Республика Коми,2000,146.0,56619.5,107.6,75.3,663.0,105.3,12.9,1042.9,1260.0
1201,Республика Коми,2001,146.0,75534.6,100.3,75.3,642.0,108.0,13.5,1029.7,1342.0
1202,Республика Коми,2002,145.0,84101.9,89.2,75.3,617.0,97.4,14.9,1016.0,1387.0
1203,Республика Коми,2003,141.0,106304.1,96.3,75.3,587.0,102.8,15.7,999.9,1367.0
1204,Республика Коми,2004,136.0,132733.1,99.4,75.6,588.0,105.3,15.3,982.9,1373.0
1205,Республика Коми,2005,133.0,176075.2,97.6,75.8,568.0,104.1,15.5,963.0,1336.0
1206,Республика Коми,2006,126.0,229053.7,102.7,76.0,568.0,105.0,14.2,944.8,1386.0
1207,Республика Коми,2007,121.0,256586.2,92.9,76.1,543.0,106.3,13.1,934.9,1441.0
1208,Республика Коми,2008,116.0,314251.6,106.5,76.3,542.0,102.9,13.2,922.3,1460.0
1209,Республика Коми,2009,107.0,329967.4,96.1,76.6,519.0,98.3,13.3,912.0,1430.0
1210,Республика Коми,2010,117.0,390740.4,102.7,77.0,506.0,100.8,13.1,899.2,1382.0
1211,Республика Коми,2011,129.0,489212.6,108.0,77.2,495.0,104.4,12.4,883.1,1462.0
1212,Республика Коми,2012,119.58,547407.1,101.0,77.2,485.9,102.1,12.4,867.2,1368.76
1213,Республика Коми,2013,109.47,561081.0,94.1,77.3,475.91,102.4,12.2,852.1,1454.54
1214,Республика Коми,2014,110.64,572919.1,98.7,77.4,481.0,100.5,12.6,838.1,1497.2
1215,Республика Коми,2015,117.26,635806.4,101.6,77.5,485.74,101.6,12.8,824.1,1468.19
1216,Республика Коми,2016,110.11,707578.4,104.4,77.6,491.1,96.0,12.9,811.5,1430.57
1217,Республика Коми,2017,262.24,757260.3,92.5,77.6,484.75,95.8,12.4,795.8,844.55
1218,Республика Коми,2018,266.85,884160.8,103.3,77.6,473.58,102.0,12.6,779.1,825.17
1219,Республика Коми,2019,268.62,931130.0,96.5,77.5,462.42,102.2,12.8,763.4,1412.36
1220,Республика Коми,2020,171.09,810217.9,115.2,77.5,474.52,91.2,14.6,750.4,1326.93
1221,Республика Коми,2021,175.99,1171877.3,97.7,77.5,446.33,101.7,17.6,734.4,1305.41
1222,Республика Коми,2022,168.12,1335846.2,97.5,77.7,442.31,104.6,14.3,726.5,1337.19
1223,Республика Коми,2023,177.0,1450357.4,94.6,77.9,449.0,100.3,13.4,720.6,1406.0
1224,Республика Марий Эл,2000,70.0,15114.8,89.6,62.9,120.0,101.3,14.9,739.1,149.0
1225,Республика Марий Эл,2001,60.0,20502.6,105.8,63.0,110.0,103.1,15.5,732.8,148.0
1226,Республика Марий Эл,2002,64.0,24411.2,89.0,63.2,112.0,104.1,16.6,726.7,147.0
1227,Республика Марий Эл,2003,66.0,31719.0,98.4,63.2,112.0,113.5,16.4,722.7,143.0
1228,Республика Марий Эл,2004,66.0,41757.6,102.6,62.8,110.0,112.1,16.8,718.3,156.0
1229,Республика Марий Эл,2005,64.0,46589.5,98.2,62.7,104.0,114.4,17.1,713.4,167.0
1230,Республика Марий Эл,2006,60.0,61413.0,104.8,62.7,98.0,117.1,15.9,708.6,192.0
1231,Республика Марий Эл,2007,60.0,77919.2,102.6,62.8,96.0,111.3,15.2,704.9,207.0
1232,Республика Марий Эл,2008,59.0,93512.4,105.1,62.9,95.0,106.4,15.2,701.6,214.0
1233,Республика Марий Эл,2009,62.0,98888.9,102.2,63.0,92.0,94.6,14.9,699.4,182.0
1234,Республика Марий Эл,2010,60.0,118110.4,83.9,63.2,91.0,116.1,15.2,695.5,185.0
1235,Республика Марий Эл,2011,57.0,140192.9,119.8,63.8,87.0,107.3,14.2,693.0,200.0
1236,Республика Марий Эл,2012,51.1,169338.4,112.8,64.4,82.25,110.0,13.7,691.3,196.03
1237,Республика Марий Эл,2013,55.43,182359.0,108.5,64.9,80.34,100.3,13.7,690.0,193.85
1238,Республика Марий Эл,2014,49.75,207926.2,117.3,65.4,74.96,113.4,13.6,689.2,200.01
1239,Республика Марий Эл,2015,49.07,249303.7,110.2,65.8,75.89,108.5,13.7,688.1,195.21
1240,Республика Марий Эл,2016,48.15,248481.6,93.9,66.1,75.67,97.0,13.2,687.4,213.18
1241,Республика Марий Эл,2017,45.07,259602.0,96.8,66.5,74.55,106.5,12.4,685.4,228.89
1242,Республика Марий Эл,2018,48.08,281426.3,111.4,67.0,70.65,96.7,12.6,683.9,225.13
1243,Республика Марий Эл,2019,49.59,297332.6,109.6,67.5,68.73,108.8,12.0,683.5,220.66
1244,Республика Марий Эл,2020,51.36,290412.2,103.7,67.9,73.68,95.4,14.4,679.8,218.52
1245,Республика Марий Эл,2021,29.35,333964.7,95.9,68.5,70.19,99.7,16.6,676.4,232.65
1246,Республика Марий Эл,2022,30.75,388519.7,105.8,68.8,76.26,95.6,12.8,672.3,214.09
1247,Республика Марий Эл,2023,30.0,453700.8,100.2,69.1,75.0,115.7,12.5,669.8,204.0
1248,Республика Мордовия,2000,60.0,19219.8,109.6,59.6,87.0,118.1,16.2,908.2,306.0
1249,Республика Мордовия,2001,58.0,24473.2,102.0,59.7,83.0,109.0,15.7,897.1,276.0
1250,Республика Мордовия,2002,56.0,30848.9,102.0,59.9,79.0,109.6,16.7,886.1,277.0
1251,Республика Мордовия,2003,56.0,37681.7,103.4,59.3,79.0,122.1,17.2,878.3,278.0
1252,Республика Мордовия,2004,54.0,43807.6,93.0,58.6,76.0,113.3,16.9,871.8,272.0
1253,Республика Мордовия,2005,53.0,50982.6,108.5,58.7,73.0,106.8,17.1,864.7,266.0
1254,Республика Мордовия,2006,51.0,67309.8,105.6,58.9,74.0,111.3,16.2,857.9,270.0
1255,Республика Мордовия,2007,50.0,90138.7,101.6,59.2,73.0,114.7,15.6,851.7,273.0
1256,Республика Мордовия,2008,49.0,110877.3,105.7,59.6,72.0,114.8,15.5,845.0,272.0
1257,Республика Мордовия,2009,47.0,107903.3,106.9,60.1,70.0,101.8,15.5,839.2,270.0
1258,Республика Мордовия,2010,46.0,125975.5,71.8,60.6,70.0,107.2,15.7,833.3,270.0
1259,Республика Мордовия,2011,42.0,144564.9,146.0,60.8,66.0,103.2,14.8,826.3,302.0
1260,Республика Мордовия,2012,38.69,163137.2,98.3,61.0,63.2,112.7,14.5,820.4,301.66
1261,Республика Мордовия,2013,35.15,181863.4,100.4,61.3,59.91,99.4,14.8,815.0,257.19
1262,Республика Мордовия,2014,33.78,213647.2,107.4,61.6,57.77,110.8,14.3,812.7,224.1
1263,Республика Мордовия,2015,29.6,221963.0,105.4,62.0,52.58,98.1,14.0,812.4,228.91
1264,Республика Мордовия,2016,29.92,274535.0,108.0,62.5,54.21,101.0,14.0,814.4,190.66
1265,Республика Мордовия,2017,26.45,290362.4,102.6,62.8,48.41,109.6,13.4,811.8,177.73
1266,Республика Мордовия,2018,27.05,304213.2,100.6,63.0,50.19,107.2,13.3,803.3,181.98
1267,Республика Мордовия,2019,5.5,327973.9,110.2,63.2,50.89,104.1,13.1,799.0,169.0
1268,Республика Мордовия,2020,5.21,335559.5,106.5,63.2,47.98,106.3,16.5,788.7,162.2
1269,Республика Мордовия,2021,5.0,387433.7,98.4,63.4,46.73,111.1,18.4,781.4,164.73
1270,Республика Мордовия,2022,4.95,441297.3,114.3,63.6,48.6,99.4,14.4,771.4,158.25
1271,Республика Мордовия,2023,5.0,516284.8,107.2,63.7,51.0,109.4,13.3,765.9,241.0
1272,Республика Саха (Якутия),2000,85.0,85375.5,98.4,64.2,128.0,105.42,9.7,957.5,1142.0
1273,Республика Саха (Якутия),2001,87.0,105733.3,103.6,64.3,135.0,102.38,10.2,951.5,1199.0
1274,Республика Саха (Якутия),2002,83.0,121163.1,98.6,64.4,134.0,102.44,10.2,948.6,1196.0
1275,Республика Саха (Якутия),2003,87.0,140065.1,99.9,64.5,135.0,102.51,10.2,950.0,1471.0
1276,Республика Саха (Якутия),2004,79.0,161309.0,100.6,63.9,131.0,112.5,10.2,953.2,1188.0
1277,Республика Саха (Якутия),2005,79.0,191896.0,103.6,63.6,120.0,93.4,10.2,954.4,1136.0
1278,Республика Саха (Якутия),2006,79.0,216535.9,95.2,63.7,130.0,100.0,9.7,956.1,1126.0
1279,Республика Саха (Якутия),2007,97.0,253423.5,103.6,64.2,140.0,100.5,9.6,958.9,1045.0
1280,Республика Саха (Якутия),2008,93.0,322922.2,103.8,64.4,166.0,104.2,10,958.1,1093.0
1281,Республика Саха (Якутия),2009,91.0,342520.1,94.8,64.4,151.0,86.4,9.8,958.3,1004.0
1282,Республика Саха (Якутия),2010,86.0,403658.5,97.0,64.1,164.0,122.8,9.8,958.2,1063.0
1283,Республика Саха (Якутия),2011,87.0,508549.5,92.9,64.6,159.0,116.1,9.4,956.3,1539.0
1284,Республика Саха (Якутия),2012,81.33,566002.6,98.1,64.9,200.74,109.0,9.3,956.4,1271.75
1285,Республика Саха (Якутия),2013,75.63,596336.3,99.3,65.2,161.12,106.2,8.7,956.2,1264.14
1286,Республика Саха (Якутия),2014,78.95,687289.7,98.4,65.3,160.97,104.9,8.6,959.0,1250.7
1287,Республика Саха (Якутия),2015,85.43,778151.2,97.2,65.5,167.31,103.8,8.5,962.5,1246.28
1288,Республика Саха (Якутия),2016,49.73,922292.1,101.2,65.5,150.44,101.9,8.4,966.3,1290.43
1289,Республика Саха (Якутия),2017,48.18,974017.3,103.1,65.7,153.0,102.5,8.1,968.1,1252.74
1290,Республика Саха (Якутия),2018,56.8,1161944.5,100.1,65.9,178.29,107.6,7.8,971.4,1299.97
1291,Республика Саха (Якутия),2019,83.3,1260373.1,101.7,66.1,170.48,111.3,7.8,976.7,1265.89
1292,Республика Саха (Якутия),2020,74.28,1154483.9,99.1,66.3,173.49,95.3,9.2,987.2,1300.96
1293,Республика Саха (Якутия),2021,75.44,1684839.3,99.3,67.0,176.48,114.4,10.6,997.8,1328.78
1294,Республика Саха (Якутия),2022,81.41,2029719.8,101.4,67.2,183.9,113.0,8.3,997.6,1264.88
1295,Республика Саха (Якутия),2023,84.0,2230677.6,101.2,67.6,191.0,101.9,7.8,1001.7,1296.0
1296,Республика Северная Осетия — Алания,2000,24.0,11964.5,100.0,66.2,258.0,108.5,12.3,704.4,33.0
1297,Республика Северная Осетия — Алания,2001,18.0,17914.2,111.9,65.7,275.0,112.4,11.6,709.6,35.0
1298,Республика Северная Осетия — Алания,2002,98.0,22541.2,103.3,65.4,234.0,104.6,12.3,709.7,37.0
1299,Республика Северная Осетия — Алания,2003,97.0,26705.1,101.9,65.3,225.0,95.0,12.6,707.7,42.0
1300,Республика Северная Осетия — Алания,2004,93.0,34323.6,110.6,65.2,241.0,108.4,12.3,706.4,66.0
1301,Республика Северная Осетия — Алания,2005,96.0,44127.2,94.3,64.3,218.0,110.5,12.2,706.9,63.0
1302,Республика Северная Осетия — Алания,2006,90.0,61229.6,98.7,64.1,246.0,92.0,11.5,708.8,40.0
1303,Республика Северная Осетия — Алания,2007,88.0,74356.6,104.9,63.7,230.0,117.0,11,711.5,37.0
1304,Республика Северная Осетия — Алания,2008,87.0,81097.0,129.8,63.6,230.0,104.3,11.2,711.7,39.0
1305,Республика Северная Осетия — Алания,2009,88.0,90040.7,95.2,63.7,234.0,98.6,11.2,711.7,31.0
1306,Республика Северная Осетия — Алания,2010,82.0,105781.6,102.5,63.8,264.0,99.0,10.9,712.5,0.3
1307,Республика Северная Осетия — Алания,2011,97.0,120833.1,104.1,63.8,206.0,109.7,10.9,708.9,32.0
1308,Республика Северная Осетия — Алания,2012,106.5,137725.5,101.3,63.7,191.69,102.6,10.6,706.2,32.17
1309,Республика Северная Осетия — Алания,2013,86.92,168273.0,100.9,63.7,184.38,107.9,10.5,703.9,21.27
1310,Республика Северная Осетия — Алания,2014,83.62,178833.3,90.8,63.7,176.47,97.7,10.7,704.8,18.78
1311,Республика Северная Осетия — Алания,2015,87.65,179020.7,87.4,63.7,149.49,91.7,10.7,703.4,20.33
1312,Республика Северная Осетия — Алания,2016,87.74,211684.0,90.9,63.7,137.8,89.6,10.4,702.6,21.13
1313,Республика Северная Осетия — Алания,2017,86.39,217384.9,97.1,63.6,143.38,83.1,10.3,700.7,23.46
1314,Республика Северная Осетия — Алания,2018,92.17,230382.6,108.8,63.6,156.39,93.9,10.3,697.8,23.46
1315,Республика Северная Осетия — Алания,2019,89.78,249099.8,112.7,63.5,169.61,92.2,10.4,694.9,0.11
1316,Республика Северная Осетия — Алания,2020,91.25,258575.6,107.2,63.4,162.16,129.7,12.4,690.8,0.11
1317,Республика Северная Осетия — Алания,2021,90.15,287740.5,104.7,63.2,143.19,114.2,14.2,685.4,0.0
1318,Республика Северная Осетия — Алания,2022,88.55,316184.7,109.5,63.2,153.05,109.8,11.2,680.7,0.24
1319,Республика Северная Осетия — Алания,2023,90.0,392101.6,106.8,63.3,134.0,123.5,9.5,678.9,0.4
1320,Республика Татарстан (Татарстан),2000,572.0,49139.3,97.7,73.6,916.0,107.08,13.1,3786.8,4917.0
1321,Республика Татарстан (Татарстан),2001,547.0,56479.2,125.9,73.8,913.0,105.97,13.2,3781.9,4789.0
1322,Республика Татарстан (Татарстан),2002,534.0,66298.7,96.0,73.9,875.0,99.09,13.7,3777.7,4658.0
1323,Республика Татарстан (Татарстан),2003,534.0,80809.2,103.6,74.0,866.0,105.04,13.8,3773.1,4945.0
1324,Республика Татарстан (Татарстан),2004,543.0,103726.8,102.6,74.5,782.0,106.1,13.6,3768.2,4987.0
1325,Республика Татарстан (Татарстан),2005,529.0,128226.9,104.5,74.5,739.0,104.8,13.8,3761.6,4907.0
1326,Республика Татарстан (Татарстан),2006,512.0,161045.9,104.3,74.7,703.0,108.1,13.1,3763.1,5164.0
1327,Республика Татарстан (Татарстан),2007,493.0,201172.1,104.0,74.8,677.0,107.3,13,3766.8,5216.0
1328,Республика Татарстан (Татарстан),2008,477.0,245628.5,108.9,75.0,680.0,104.0,13,3773.5,5399.0
1329,Республика Татарстан (Татарстан),2009,439.0,234206.4,100.2,75.2,638.0,95.6,12.7,3784.5,5268.0
1330,Республика Татарстан (Татарстан),2010,490.0,264561.7,66.9,75.4,639.0,105.1,13.1,3787.5,5383.0
1331,Республика Татарстан (Татарстан),2011,498.0,343673.6,151.6,75.7,622.0,106.3,12.4,3812.4,5502.0
1332,Республика Татарстан (Татарстан),2012,480.0,375500.2,92.0,75.9,693.7,106.9,12.1,3841.4,5075.75
1333,Республика Татарстан (Татарстан),2013,466.64,402511.3,98.3,76.1,746.21,101.7,12,3867.6,4656.53
1334,Республика Татарстан (Татарстан),2014,439.42,428084.3,103.2,76.3,724.48,101.3,12.1,3894.5,4635.05
1335,Республика Татарстан (Татарстан),2015,382.48,477951.3,104.1,76.4,720.42,101.5,11.9,3919.1,4794.36
1336,Республика Татарстан (Татарстан),2016,325.21,523310.8,104.9,76.6,744.19,103.5,11.4,3946.7,5251.51
1337,Республика Татарстан (Татарстан),2017,319.71,572350.5,104.9,76.7,690.83,101.5,11.1,3966.8,5347.77
1338,Республика Татарстан (Татарстан),2018,296.19,659921.1,97.0,76.8,663.39,102.6,11.2,3981.9,5569.33
1339,Республика Татарстан (Татарстан),2019,286.14,704097.8,103.5,76.8,647.68,102.4,10.7,3996.4,5661.01
1340,Республика Татарстан (Татарстан),2020,276.47,658311.7,104.2,76.8,634.54,96.6,13.6,3997.7,5025.54
1341,Республика Татарстан (Татарстан),2021,262.52,883564.0,79.6,76.8,662.78,108.6,15.1,4000.1,5325.41
1342,Республика Татарстан (Татарстан),2022,243.28,1044591.6,127.6,76.8,641.91,106.7,11.2,4001.6,5362.48
1343,Республика Татарстан (Татарстан),2023,199.0,1145173.9,91.8,76.7,862.0,103.0,10.8,4003.0,5195.0
1344,Республика Тыва,2000,13.0,11749.3,100.1,50.4,96.0,105.95,13.6,305.7,20.0
1345,Республика Тыва,2001,9.0,17012.1,106.4,51.0,87.0,105.74,13.6,305.2,18.0
1346,Республика Тыва,2002,9.0,22421.0,96.8,51.7,80.0,99.98,15,305.5,38.0
1347,Республика Тыва,2003,9.0,26607.4,114.1,52.0,70.0,102.88,15.2,305.0,30.0
1348,Республика Тыва,2004,9.0,32309.0,103.0,52.7,51.0,106.7,13.4,304.1,31.0
1349,Республика Тыва,2005,8.0,38429.7,90.1,51.9,50.0,110.2,14.3,302.9,27.0
1350,Республика Тыва,2006,8.0,50051.7,102.7,51.9,46.0,103.2,12.6,302.4,27.0
1351,Республика Тыва,2007,8.0,63959.4,100.0,51.8,42.0,100.6,12.2,303.8,32.0
1352,Республика Тыва,2008,8.0,78381.0,100.8,51.9,43.0,92.0,11.6,305.3,16.0
1353,Республика Тыва,2009,10.0,87889.5,101.7,52.4,42.0,96.3,12,307.3,14.0
1354,Республика Тыва,2010,9.0,99999.9,93.9,53.1,19.0,110.3,11.6,308.1,21.0
1355,Республика Тыва,2011,9.0,108126.2,109.8,53.7,49.0,96.4,11,309.6,20.0
1356,Республика Тыва,2012,8.14,120391.4,95.5,54.3,49.21,105.7,11.2,311.2,37.62
1357,Республика Тыва,2013,7.47,132391.2,98.9,54.3,45.66,103.8,10.9,312.7,26.1
1358,Республика Тыва,2014,7.4,146370.2,93.1,54.5,43.6,108.5,10.9,315.1,16.18
1359,Республика Тыва,2015,9.04,149573.0,99.2,54.7,43.82,105.1,10.3,317.2,22.53
1360,Республика Тыва,2016,12.35,181916.2,97.4,54.5,44.13,103.9,9.8,320.4,22.97
1361,Республика Тыва,2017,5.62,201882.5,104.0,54.4,48.04,114.4,8.6,323.9,12.42
1362,Республика Тыва,2018,6.67,226436.7,108.7,54.5,47.35,99.5,8.8,326.9,11.83
1363,Республика Тыва,2019,8.17,241482.8,99.3,54.6,49.91,95.3,8.2,330.0,11.28
1364,Республика Тыва,2020,8.14,247766.7,101.2,54.5,40.02,63.3,9.3,333.7,11.4
1365,Республика Тыва,2021,6.2,273231.6,102.1,54.8,36.06,105.8,8.9,336.2,9.8
1366,Республика Тыва,2022,5.61,320059.3,96.3,55.3,38.71,137.4,8.6,337.3,8.86
1367,Республика Тыва,2023,5.0,363158.2,96.9,55.7,35.0,97.4,8.9,337.5,7.0
1368,Республика Хакасия,2000,56.0,31333.2,101.2,71.0,242.0,103.2,14.6,554.4,273.0
1369,Республика Хакасия,2001,55.0,36306.2,107.0,70.9,183.0,116.2,15.5,549.5,277.0
1370,Республика Хакасия,2002,54.0,46443.7,95.5,70.9,169.0,83.3,17,545.2,278.0
1371,Республика Хакасия,2003,57.0,53320.2,99.1,70.8,164.0,121.6,17.8,541.4,323.0
1372,Республика Хакасия,2004,50.0,61336.4,96.6,70.8,155.0,104.9,16.2,538.0,318.0
1373,Республика Хакасия,2005,50.0,77864.6,90.4,70.8,148.0,105.4,17.6,533.8,322.0
1374,Республика Хакасия,2006,44.0,100828.4,105.5,70.7,127.0,105.8,14.9,531.1,323.0
1375,Республика Хакасия,2007,45.0,119953.2,106.0,70.7,117.0,99.7,13.8,531.3,318.0
1376,Республика Хакасия,2008,44.0,136023.7,99.2,70.7,119.0,112.2,14,531.9,343.0
1377,Республика Хакасия,2009,40.0,152205.1,108.1,67.8,114.0,93.3,13.6,532.7,357.0
1378,Республика Хакасия,2010,38.0,180352.1,101.5,67.4,119.0,98.0,13.8,532.3,357.0
1379,Республика Хакасия,2011,36.0,212424.6,102.3,67.3,93.0,113.3,13.4,532.5,402.0
1380,Республика Хакасия,2012,33.94,245063.6,101.2,67.4,92.66,102.9,13.4,533.7,413.66
1381,Республика Хакасия,2013,30.41,265416.0,102.4,67.8,88.22,110.5,13.1,535.2,415.05
1382,Республика Хакасия,2014,30.16,295346.5,97.3,68.0,83.16,95.2,13.1,537.3,454.16
1383,Республика Хакасия,2015,28.93,316713.6,91.2,68.1,77.49,98.0,13.4,538.9,540.85
1384,Республика Хакасия,2016,24.05,385057.2,96.4,68.3,76.65,109.5,12.8,540.1,573.74
1385,Республика Хакасия,2017,24.19,403719.7,100.7,68.4,79.8,99.3,12.5,540.5,585.16
1386,Республика Хакасия,2018,32.65,448682.7,93.6,68.5,69.57,107.5,12.3,539.7,577.54
1387,Республика Хакасия,2019,28.31,475578.9,97.0,68.5,72.07,106.7,12.4,538.2,586.56
1388,Республика Хакасия,2020,26.35,495471.2,101.7,68.5,70.19,104.1,13.9,536.3,580.91
1389,Республика Хакасия,2021,29.27,589719.9,96.5,68.5,71.39,106.7,15.9,533.0,583.22
1390,Республика Хакасия,2022,30.69,656789.1,98.2,68.7,69.91,92.1,13.3,530.2,622.27
1391,Республика Хакасия,2023,33.0,715322.5,100.6,68.9,69.0,105.2,12.7,528.2,612.0
1392,Ростовская область,2000,298.0,20003.8,109.7,67.6,2917.0,112.7,15.2,4439.3,753.0
1393,Ростовская область,2001,287.0,26817.8,119.7,67.6,2772.0,118.3,15.6,4417.7,1863.0
1394,Ростовская область,2002,418.0,31941.7,106.0,67.6,2646.0,101.9,16.1,4396.7,2773.0
1395,Ростовская область,2003,337.0,39180.4,96.8,67.6,2627.0,104.3,16.3,4375.5,2161.0
1396,Ростовская область,2004,318.0,50678.6,125.0,66.7,2137.0,116.0,15.8,4352.7,2095.0
1397,Ростовская область,2005,282.0,60575.0,102.9,66.7,2279.0,116.1,15.8,4332.4,2014.0
1398,Ростовская область,2006,271.0,78642.0,101.2,66.8,2393.0,115.8,15.4,4314.6,1946.0
1399,Ростовская область,2007,300.0,104603.1,92.6,66.8,2415.0,114.5,14.8,4297.6,2073.0
1400,Ростовская область,2008,265.0,134137.4,139.0,67.0,2320.0,105.1,14.9,4292.5,2280.0
1401,Ростовская область,2009,255.0,129626.0,86.9,67.1,2226.0,84.5,14.5,4284.8,2270.0
1402,Ростовская область,2010,270.0,154127.9,97.9,67.3,2330.0,114.4,14.7,4275.2,3464.0
1403,Ростовская область,2011,235.0,179399.3,111.1,67.4,2132.0,119.3,14.3,4264.0,3895.0
1404,Ростовская область,2012,253.05,197892.7,89.1,67.6,2118.21,107.8,14,4261.4,3743.15
1405,Ростовская область,2013,236.4,215492.0,96.5,67.7,2247.17,106.2,13.7,4255.7,3758.13
1406,Ростовская область,2014,262.16,236800.7,110.9,67.8,2309.64,105.4,14.0,4255.7,3635.86
1407,Ростовская область,2015,238.38,279489.9,102.7,67.8,2142.22,153.2,13.8,4253.7,4805.22
1408,Ростовская область,2016,252.66,323310.7,115.8,67.9,2212.1,113.0,13.8,4252.7,5161.61
1409,Ростовская область,2017,217.88,339309.1,107.6,67.9,2374.4,107.0,13.3,4245.3,4991.7
1410,Ростовская область,2018,199.43,365327.5,91.4,68.0,2406.87,110.6,13.4,4230.6,6159.3
1411,Ростовская область,2019,203.24,386764.0,105.8,68.1,2222.32,102.8,13.2,4229.5,6606.3
1412,Ростовская область,2020,189.6,406006.0,97.1,68.0,2141.64,101.8,15.3,4216.6,6585.89
1413,Ростовская область,2021,199.79,485902.3,108.4,67.9,2230.72,110.0,18.7,4192.3,6370.97
1414,Ростовская область,2022,205.52,556629.3,111.1,67.7,2294.22,109.3,14.4,4164.5,6465.23
1415,Ростовская область,2023,97.0,647630.7,106.9,67.8,243.0,103.5,13.0,4152.5,190.0
1416,Рязанская область,2000,26.0,22070.3,114.2,68.5,219.0,111.0,19.3,1258.8,2491.0
1417,Рязанская область,2001,24.0,29645.8,94.7,68.7,229.0,104.6,19.9,1241.0,2214.0
1418,Рязанская область,2002,19.0,37164.2,95.9,69.0,249.0,105.6,20.5,1223.7,2274.0
1419,Рязанская область,2003,19.0,48977.6,99.0,69.4,240.0,107.3,21.2,1210.3,2344.0
1420,Рязанская область,2004,19.0,58094.5,98.9,69.7,237.0,107.0,20.1,1199.4,2261.0
1421,Рязанская область,2005,20.0,70665.8,102.7,70.0,223.0,105.9,20.2,1188.8,2182.0
1422,Рязанская область,2006,15.0,89010.9,105.2,70.4,210.0,110.4,19.1,1181.5,2378.0
1423,Рязанская область,2007,14.0,102982.5,93.8,70.6,204.0,111.9,18.9,1174.3,2515.0
1424,Рязанская область,2008,18.0,128211.5,117.0,70.5,197.0,105.5,18.4,1167.9,2681.0
1425,Рязанская область,2009,18.0,131891.2,108.3,70.7,188.0,88.8,17.7,1161.8,1804.0
1426,Рязанская область,2010,89.0,154844.8,71.8,70.9,186.0,111.6,18.1,1151.8,1897.0
1427,Рязанская область,2011,84.0,186095.1,120.0,70.9,181.0,109.7,16.4,1149.6,1964.0
1428,Рязанская область,2012,86.13,221093.6,106.7,70.9,174.17,100.8,16.4,1147.0,1916.19
1429,Рязанская область,2013,85.19,243767.6,96.5,70.9,166.94,105.7,15.7,1144.4,1908.14
1430,Рязанская область,2014,81.14,258782.3,106.0,71.0,162.84,102.0,16.1,1140.2,1452.17
1431,Рязанская область,2015,82.26,283906.2,108.1,71.2,158.76,97.2,15.7,1136.1,1195.59
1432,Рязанская область,2016,79.51,322643.7,95.6,71.3,159.13,101.7,15.9,1134.0,1020.75
1433,Рязанская область,2017,75.66,349203.7,106.4,71.4,153.49,97.5,15.2,1129.9,922.45
1434,Рязанская область,2018,74.5,369330.9,98.6,71.6,156.29,103.0,15.3,1123.8,701.36
1435,Рязанская область,2019,74.69,389032.4,116.2,71.6,160.81,105.8,15.0,1119.8,714.36
1436,Рязанская область,2020,71.49,413598.3,115.6,71.5,148.47,106.9,17.9,1110.4,740.59
1437,Рязанская область,2021,77.5,492573.8,97.2,71.4,156.89,106.3,21.6,1098.6,1150.88
1438,Рязанская область,2022,71.25,566113.0,116.5,71.4,155.18,108.7,16.1,1088.9,1121.87
1439,Рязанская область,2023,72.0,638081.5,105.5,71.4,155.0,108.6,14.8,1082.2,1450.0
1440,Самарская область,2000,645.0,42758.9,99.6,80.5,1079.0,111.0,16.4,3275.8,3810.0
1441,Самарская область,2001,536.0,55147.0,103.1,80.6,1024.0,109.9,16.4,3254.0,3998.0
1442,Самарская область,2002,500.0,63582.9,98.0,80.6,1083.0,98.0,16.3,3235.7,3935.0
1443,Самарская область,2003,489.0,79369.1,99.1,80.6,1086.0,105.7,16.4,3229.2,4097.0
1444,Самарская область,2004,482.0,101362.5,100.8,80.1,1027.0,108.9,16.1,3225.3,4077.0
1445,Самарская область,2005,465.0,124575.2,95.4,80.1,1026.0,97.3,16.1,3225.6,3995.0
1446,Самарская область,2006,465.0,151238.8,105.1,80.1,1001.0,105.0,15.5,3224.0,4088.0
1447,Самарская область,2007,454.0,181529.8,102.7,80.1,1033.0,103.4,15.1,3220.9,3878.0
1448,Самарская область,2008,445.0,217089.9,105.5,80.2,978.0,103.1,15,3221.5,3798.0
1449,Самарская область,2009,406.0,181298.2,92.0,80.2,944.0,80.7,14.6,3220.9,3428.0
1450,Самарская область,2010,397.0,216167.6,71.2,80.3,863.0,114.4,15.2,3215.3,3309.0
1451,Самарская область,2011,395.0,259361.2,133.3,80.3,817.0,105.8,14.4,3217.0,3159.0
1452,Самарская область,2012,361.51,291298.9,106.6,80.3,762.57,102.2,13.9,3219.2,3185.22
1453,Самарская область,2013,350.97,325671.7,105.8,80.3,760.89,101.0,14.3,3220.1,3384.02
1454,Самарская область,2014,346.47,356624.2,102.9,80.3,747.68,99.4,14.2,3224.5,3188.23
1455,Самарская область,2015,366.27,392503.1,92.9,80.2,719.56,99.4,14.2,3220.8,3026.74
1456,Самарская область,2016,367.56,423704.5,115.0,80.1,688.02,99.1,13.8,3221.5,2848.72
1457,Самарская область,2017,399.13,450296.1,100.9,79.9,661.04,101.5,13.6,3214.3,3465.88
1458,Самарская область,2018,389.19,506319.5,99.6,79.8,684.05,100.0,13.4,3206.8,3597.54
1459,Самарская область,2019,366.19,526919.7,106.0,79.7,660.41,102.4,13.1,3206.2,3587.48
1460,Самарская область,2020,358.17,508744.1,107.1,79.7,633.44,96.4,16.5,3183.9,3570.09
1461,Самарская область,2021,358.84,679767.6,87.9,79.6,621.03,103.6,18.2,3164.4,3548.1
1462,Самарская область,2022,350.38,754217.9,122.2,79.5,562.55,96.7,14.2,3142.7,3327.12
1463,Самарская область,2023,344.0,844104.3,94.5,79.4,568.0,111.4,13.5,3127.8,3344.0
1464,Саратовская область,2000,289.0,23315.4,114.2,73.3,808.0,120.9,16.4,2699.4,6612.0
1465,Саратовская область,2001,294.0,31094.4,103.9,73.5,688.0,109.3,16.3,2682.0,6875.0
1466,Саратовская область,2002,299.0,36413.6,103.0,73.6,789.0,101.1,16.6,2663.5,6832.0
1467,Саратовская область,2003,270.0,45223.0,106.3,73.6,605.0,118.6,17,2639.5,6681.0
1468,Саратовская область,2004,262.0,57710.3,101.5,73.7,588.0,111.2,16.9,2615.6,7086.0
1469,Саратовская область,2005,237.0,65656.6,100.3,73.8,661.0,110.0,16.9,2591.2,6101.0
1470,Саратовская область,2006,242.0,79127.0,102.0,74.0,617.0,106.5,15.7,2572.4,7515.0
1471,Саратовская область,2007,251.0,98569.9,107.9,74.2,642.0,106.6,15.5,2558.3,7388.0
1472,Саратовская область,2008,197.0,126085.9,107.3,74.3,604.0,102.0,15.4,2545.3,7593.0
1473,Саратовская область,2009,56.0,128473.8,92.7,74.4,555.0,96.3,15.2,2535.4,7472.0
1474,Саратовская область,2010,24.0,148839.0,80.6,74.6,532.0,101.8,15.7,2519.3,7208.0
1475,Саратовская область,2011,18.0,171239.8,133.6,74.8,510.0,120.5,14.5,2514.9,7344.0
1476,Саратовская область,2012,112.22,190144.6,86.9,74.9,512.11,106.6,14.3,2515.7,7281.47
1477,Саратовская область,2013,83.75,209176.4,112.2,75.3,479.23,102.3,14.3,2515.2,7567.34
1478,Саратовская область,2014,16.51,225165.5,106.4,75.5,470.62,107.6,14.0,2517.9,7464.34
1479,Саратовская область,2015,12.85,248255.4,89.3,75.8,488.73,104.2,14.0,2518.6,7281.39
1480,Саратовская область,2016,13.0,278377.4,114.7,76.1,438.25,107.4,13.8,2516.6,7574.12
1481,Саратовская область,2017,9.68,290233.1,105.1,76.3,449.45,103.2,13.4,2506.6,7374.28
1482,Саратовская область,2018,95.35,309701.3,97.4,76.6,459.3,100.7,13.6,2490.8,7268.07
1483,Саратовская область,2019,98.28,325958.2,106.2,76.3,497.08,100.3,13.4,2478.1,6837.17
1484,Саратовская область,2020,89.99,347067.4,109.4,76.4,495.44,107.1,16.4,2457.6,7073.43
1485,Саратовская область,2021,89.59,413122.0,92.0,76.6,642.03,107.0,19.7,2431.0,7445.27
1486,Саратовская область,2022,95.76,493792.4,127.0,76.8,504.77,108.9,14.3,2404.9,7806.59
1487,Саратовская область,2023,88.0,561623.7,100.6,77.0,558.0,104.7,13.6,2385.2,7533.0
1488,Сахалинская область,2000,69.0,61595.8,87.5,86.7,275.0,141.9,13.4,560.1,102.0
1489,Сахалинская область,2001,57.0,84769.1,125.3,86.7,273.0,112.1,14.7,552.2,285.0
1490,Сахалинская область,2002,54.0,85927.4,83.8,86.7,232.0,88.3,15,545.0,232.0
1491,Сахалинская область,2003,52.0,116731.0,110.0,86.9,262.0,102.5,16.4,536.8,292.0
1492,Сахалинская область,2004,53.0,172004.4,84.6,78.0,285.0,109.3,16.2,529.8,273.0
1493,Сахалинская область,2005,52.0,230298.2,102.2,78.4,295.0,112.7,17.5,521.1,272.0
1494,Сахалинская область,2006,48.0,321108.8,102.9,78.8,306.0,131.1,15.2,513.4,267.0
1495,Сахалинская область,2007,45.0,559774.1,103.6,79.1,300.0,229.3,14.4,509.4,281.0
1496,Сахалинская область,2008,48.0,657783.3,96.8,79.3,263.0,90.8,14.7,504.9,300.0
1497,Сахалинская область,2009,49.0,779943.2,84.7,79.5,256.0,126.6,14.7,501.3,282.0
1498,Сахалинская область,2010,46.0,977256.0,108.7,79.8,263.0,101.1,14.9,496.7,273.0
1499,Сахалинская область,2011,46.0,1212068.5,97.7,80.3,223.0,103.3,14.2,493.7,263.0
1500,Сахалинская область,2012,43.75,1305480.3,94.6,80.8,249.24,94.7,13.9,489.7,277.08
1501,Сахалинская область,2013,32.91,1377822.5,103.5,81.1,193.94,99.5,13.2,485.4,217.15
1502,Сахалинская область,2014,30.22,1654586.8,101.3,81.3,161.69,106.1,13.2,480.6,220.34
1503,Сахалинская область,2015,28.82,1748311.0,100.5,81.5,151.5,112.6,13.5,477.5,187.36
1504,Сахалинская область,2016,33.97,1598480.4,102.8,81.7,152.34,106.5,13.4,476.6,192.6
1505,Сахалинская область,2017,33.08,1643090.5,107.9,81.9,154.76,99.9,12.3,478.3,190.36
1506,Сахалинская область,2018,24.91,2583723.5,106.3,82.1,150.94,106.4,13.0,476.2,167.6
1507,Сахалинская область,2019,25.01,2468171.7,99.7,82.2,140.65,102.8,12.9,473.7,177.76
1508,Сахалинская область,2020,26.02,2124645.0,106.6,82.2,119.23,96.9,14.2,469.3,162.85
1509,Сахалинская область,2021,26.64,2647233.9,100.4,82.5,115.22,88.6,16.2,466.0,164.02
1510,Сахалинская область,2022,23.96,3303417.0,102.0,82.6,128.78,76.8,13.8,460.6,148.55
1511,Сахалинская область,2023,27.0,3538862.2,96.4,82.8,129.0,117.5,13.5,457.6,162.0
1512,Свердловская область,2000,826.0,34214.7,92.9,87.8,1678.0,116.71,16.6,4545.9,12027.0
1513,Свердловская область,2001,818.0,44119.0,101.1,87.9,1635.0,111.2,16.1,4514.1,11740.0
1514,Свердловская область,2002,816.0,52241.3,99.4,87.9,1594.0,104.0,17.1,4477.5,11856.0
1515,Свердловская область,2003,869.0,63865.6,103.4,88.0,1230.0,109.2,17.3,4434.2,12244.0
1516,Свердловская область,2004,828.0,82546.5,95.9,83.1,1202.0,109.3,16.7,4394.1,12290.0
1517,Свердловская область,2005,814.0,108697.2,100.1,83.2,1178.0,104.8,16.8,4356.4,12488.0
1518,Свердловская область,2006,821.0,150548.6,101.9,83.4,1180.0,108.2,15.5,4330.6,12702.0
1519,Свердловская область,2007,868.0,189763.4,94.4,83.5,1175.0,107.3,14.9,4320.1,12713.0
1520,Свердловская область,2008,873.0,213922.3,100.0,83.6,1180.0,95.4,15,4314.3,12754.0
1521,Свердловская область,2009,780.0,191415.0,107.3,83.7,1068.0,81.1,14.6,4308.5,12141.0
1522,Свердловская область,2010,763.0,243234.2,94.6,83.9,990.0,117.3,14.3,4297.3,13297.0
1523,Свердловская область,2011,770.0,300072.1,113.9,84.0,977.0,106.2,14.1,4307.5,12621.0
1524,Свердловская область,2012,712.28,344392.8,93.2,84.2,901.71,109.6,14,4315.7,11358.73
1525,Свердловская область,2013,686.78,363277.2,109.0,84.4,849.56,102.7,13.7,4320.5,10874.11
1526,Свердловская область,2014,667.0,383868.9,100.1,84.5,803.83,102.1,14.0,4327.2,10831.01
1527,Свердловская область,2015,660.18,421130.4,100.3,84.8,773.43,96.9,14.1,4329.7,10638.03
1528,Свердловская область,2016,616.63,487287.7,97.9,85.0,712.71,107.7,14.1,4328.9,9311.91
1529,Свердловская область,2017,586.2,522207.4,102.1,85.2,674.62,106.5,13.3,4324.8,9321.55
1530,Свердловская область,2018,559.77,561039.3,105.8,85.4,650.78,100.0,13.5,4315.2,9425.71
1531,Свердловская область,2019,566.42,587854.0,105.0,85.5,648.01,103.4,13.3,4310.1,9954.27
1532,Свердловская область,2020,556.53,584365.9,97.7,85.7,645.5,102.0,15.7,4289.4,9771.64
1533,Свердловская область,2021,523.69,721124.8,90.7,85.8,651.27,101.5,18.0,4263.7,10044.64
1534,Свердловская область,2022,495.36,816092.1,107.7,85.8,647.09,99.8,13.9,4239.1,9548.07
1535,Свердловская область,2023,486.0,975700.6,95.7,85.9,620.0,111.8,13.3,4222.7,9769.0
1536,Смоленская область,2000,109.0,25798.1,96.9,70.4,228.0,107.82,20,1082.2,4626.0
1537,Смоленская область,2001,99.0,33575.4,105.2,70.7,219.0,107.46,20.6,1063.3,4874.0
1538,Смоленская область,2002,93.0,39983.1,96.3,70.9,216.0,102.63,21.6,1045.9,4572.0
1539,Смоленская область,2003,91.0,47084.3,99.6,71.3,222.0,105.76,21.9,1039.1,5080.0
1540,Смоленская область,2004,94.0,54178.9,100.6,70.9,214.0,99.8,21.1,1032.3,4493.0
1541,Смоленская область,2005,90.0,63687.0,93.3,71.3,214.0,104.7,21.2,1025.4,4713.0
1542,Смоленская область,2006,90.0,77366.8,91.4,71.8,198.0,105.6,20.3,1017.9,4752.0
1543,Смоленская область,2007,85.0,94432.4,103.2,72.0,185.0,108.7,19.1,1009.0,4721.0
1544,Смоленская область,2008,82.0,121012.7,98.9,72.3,187.0,96.1,19.2,1000.7,5187.0
1545,Смоленская область,2009,79.0,125743.1,96.7,72.4,178.0,94.5,18.7,993.0,5143.0
1546,Смоленская область,2010,73.0,156567.3,89.9,72.7,169.0,106.1,18.4,982.9,5008.0
1547,Смоленская область,2011,68.0,184391.7,114.3,72.7,167.0,102.7,16.8,978.3,4960.0
1548,Смоленская область,2012,66.71,207085.5,100.2,72.6,160.24,105.9,16.8,970.8,4999.37
1549,Смоленская область,2013,62.06,233809.0,101.3,72.6,150.6,104.7,16.5,961.4,4712.96
1550,Смоленская область,2014,57.57,244802.8,95.3,72.5,153.23,101.7,16.2,956.1,5453.63
1551,Смоленская область,2015,58.45,269634.7,95.4,72.5,148.13,101.4,16.5,948.0,5372.13
1552,Смоленская область,2016,58.65,300467.9,99.3,72.6,145.52,102.5,16.4,940.6,4872.56
1553,Смоленская область,2017,59.11,334461.0,101.9,72.4,151.71,103.6,15.8,934.8,4900.03
1554,Смоленская область,2018,54.4,360185.4,106.1,72.3,133.31,100.1,15.8,925.7,4175.09
1555,Смоленская область,2019,46.18,379207.5,104.9,72.3,134.01,105.1,15.4,916.2,4370.13
1556,Смоленская область,2020,44.67,401921.6,96.4,72.5,130.41,105.7,17.5,900.3,4753.22
1557,Смоленская область,2021,43.18,479884.3,89.0,72.6,134.56,106.1,21.1,886.9,5138.82
1558,Смоленская область,2022,44.35,549222.4,112.5,72.7,132.05,100.1,16.8,873.0,4827.47
1559,Смоленская область,2023,49.0,640810.6,100.7,72.7,137.0,111.1,15.2,864.0,4870.0
1560,Ставропольский край,2000,221.0,19603.9,102.6,55.9,3170.0,110.88,13.6,2740.9,937.0
1561,Ставропольский край,2001,228.0,24780.1,113.9,55.9,3169.0,104.9,13.7,2736.2,924.0
1562,Ставропольский край,2002,223.0,29453.4,113.3,56.0,3075.0,98.36,14.6,2732.5,920.0
1563,Ставропольский край,2003,222.0,37058.0,87.7,56.1,2947.0,108.39,14.9,2739.1,935.0
1564,Ставропольский край,2004,224.0,44610.0,126.3,56.2,2839.0,104.9,14.2,2741.1,962.0
1565,Ставропольский край,2005,220.0,53414.6,109.6,56.4,2783.0,108.7,14.2,2746.9,987.0
1566,Ставропольский край,2006,211.0,66136.4,96.7,56.6,2790.0,109.0,14,2747.1,946.0
1567,Ставропольский край,2007,203.0,80715.3,103.7,56.8,3072.0,106.8,13.1,2759.7,960.0
1568,Ставропольский край,2008,194.0,99503.3,114.0,56.9,3091.0,101.0,13.1,2767.6,938.0
1569,Ставропольский край,2009,189.0,99994.7,90.3,57.0,2675.0,101.4,12.9,2777.7,914.0
1570,Ставропольский край,2010,144.0,118920.6,102.6,57.2,3373.0,105.3,12.4,2785.5,914.0
1571,Ставропольский край,2011,138.0,142133.2,116.5,57.5,3499.0,111.9,12.3,2797.9,879.0
1572,Ставропольский край,2012,131.4,153902.2,79.9,57.9,3375.83,102.9,12,2812.9,868.23
1573,Ставропольский край,2013,134.37,170518.6,117.2,58.3,2837.63,103.7,11.6,2827.6,849.11
1574,Ставропольский край,2014,132.24,190724.1,106.1,58.6,3077.29,102.4,11.6,2843.4,777.45
1575,Ставропольский край,2015,123.41,217921.9,103.6,58.8,3253.03,105.7,11.4,2857.7,881.52
1576,Ставропольский край,2016,125.36,248733.1,110.0,59.1,3474.36,109.7,11.5,2872.1,837.81
1577,Ставропольский край,2017,125.29,255795.5,99.0,59.3,3502.77,100.4,10.9,2879.5,822.76
1578,Ставропольский край,2018,173.27,272029.1,95.4,59.6,3533.43,97.3,11.1,2884.9,832.68
1579,Ставропольский край,2019,159.1,286479.7,98.2,60.1,2845.62,98.4,10.9,2904.1,864.25
1580,Ставропольский край,2020,164.96,291614.2,83.0,60.3,2420.29,104.7,12.6,2904.2,896.72
1581,Ставропольский край,2021,115.78,357475.0,131.8,60.6,3538.64,113.5,14.5,2902.5,853.24
1582,Ставропольский край,2022,116.41,414255.4,102.6,60.7,2606.32,103.1,11.6,2891.2,868.69
1583,Ставропольский край,2023,116.0,464154.3,100.8,60.8,3028.0,106.4,10.8,2886.1,794.0
1584,Тамбовская область,2000,67.0,19133.8,100.3,57.1,217.0,106.8,19,1213.6,279.0
1585,Тамбовская область,2001,61.0,25830.2,115.9,57.2,202.0,108.1,18.8,1193.4,275.0
1586,Тамбовская область,2002,59.0,32858.4,100.1,57.3,185.0,103.9,19.8,1174.2,270.0
1587,Тамбовская область,2003,55.0,40133.5,108.1,57.5,183.0,105.4,19.9,1161.9,259.0
1588,Тамбовская область,2004,61.0,49098.8,92.9,57.7,181.0,105.2,19,1150.8,255.0
1589,Тамбовская область,2005,59.0,55573.9,109.5,57.9,187.0,102.6,19.3,1138.6,254.0
1590,Тамбовская область,2006,53.0,70416.2,106.6,58.1,160.0,108.4,18.1,1127.0,259.0
1591,Тамбовская область,2007,19.0,94532.5,102.0,58.2,149.0,110.7,17.4,1116.4,242.0
1592,Тамбовская область,2008,17.0,108653.3,123.3,58.4,124.0,100.2,17.6,1107.8,233.0
1593,Тамбовская область,2009,13.0,123512.0,99.9,58.5,108.0,100.0,17.1,1099.7,233.0
1594,Тамбовская область,2010,13.0,131456.7,72.1,58.7,100.0,102.5,17.5,1089.7,227.0
1595,Тамбовская область,2011,9.0,159557.4,164.4,58.7,99.0,116.4,16.4,1082.3,232.0
1596,Тамбовская область,2012,41.76,188466.7,107.6,58.8,96.52,112.9,16.2,1075.4,219.06
1597,Тамбовская область,2013,39.49,220457.3,125.0,59.1,95.4,106.2,16.1,1068.7,223.93
1598,Тамбовская область,2014,37.95,268146.6,104.9,59.3,95.47,108.5,16.3,1061.9,223.76
1599,Тамбовская область,2015,41.37,300421.9,109.7,59.5,93.04,104.5,16.1,1049.8,223.44
1600,Тамбовская область,2016,40.77,306886.8,94.0,59.7,96.04,103.5,15.9,1039.7,220.57
1601,Тамбовская область,2017,44.79,309326.8,113.5,60.0,98.53,109.7,15.1,1033.0,220.62
1602,Тамбовская область,2018,44.66,343885.1,100.6,60.1,100.56,113.5,15.6,1015.3,216.74
1603,Тамбовская область,2019,42.99,350037.9,106.5,60.2,97.89,102.0,15.0,1005.8,178.35
1604,Тамбовская область,2020,40.82,376475.5,109.4,60.2,94.63,104.4,17.9,993.0,181.14
1605,Тамбовская область,2021,42.83,449246.4,95.5,60.2,95.64,103.9,20.9,979.1,180.6
1606,Тамбовская область,2022,40.37,487060.1,104.5,60.4,99.76,104.4,16.8,966.3,180.86
1607,Тамбовская область,2023,41.0,543703.9,111.1,60.5,107.0,112.3,15.5,956.3,185.0
1608,Тверская область,2000,102.0,23073.1,96.2,72.8,1516.0,101.5,21.6,1519.6,2274.0
1609,Тверская область,2001,95.0,31209.8,100.4,73.0,1490.0,105.0,22.9,1491.4,2189.0
1610,Тверская область,2002,88.0,37695.3,90.3,73.2,1523.0,103.3,23.9,1465.6,2169.0
1611,Тверская область,2003,86.0,47233.8,90.6,73.2,1283.0,100.7,24.1,1447.8,2154.0
1612,Тверская область,2004,77.0,61158.4,93.4,73.4,1265.0,104.8,23.1,1432.6,2494.0
1613,Тверская область,2005,79.0,68048.7,93.5,73.3,1288.0,108.9,23,1415.3,2492.0
1614,Тверская область,2006,91.0,90517.8,97.7,73.6,1525.0,113.7,21.7,1398.9,4524.0
1615,Тверская область,2007,101.0,112021.5,99.7,73.9,1614.0,108.8,20.5,1387.0,4581.0
1616,Тверская область,2008,99.0,139216.2,98.5,74.2,1553.0,104.0,20.6,1375.4,4579.0
1617,Тверская область,2009,92.0,144257.9,97.0,74.5,1304.0,77.9,19.9,1365.3,4499.0
1618,Тверская область,2010,99.0,161305.0,94.2,74.8,1494.0,107.2,20.1,1350.1,4509.0
1619,Тверская область,2011,93.0,189512.2,127.9,74.9,1501.0,105.9,18.7,1341.8,4595.0
1620,Тверская область,2012,90.41,200414.7,92.8,74.9,1368.15,111.0,18.3,1333.3,5896.41
1621,Тверская область,2013,90.07,224784.0,98.2,74.9,1399.22,102.1,18,1324.1,6381.73
1622,Тверская область,2014,85.51,240072.5,97.8,75.2,1560.57,96.7,17.8,1313.5,6156.11
1623,Тверская область,2015,83.59,251962.5,119.4,75.4,1327.77,97.7,17.7,1302.8,6953.96
1624,Тверская область,2016,77.99,306032.3,110.3,75.7,1369.21,104.5,17.7,1294.5,6354.23
1625,Тверская область,2017,77.76,326641.0,100.6,75.8,1224.22,102.8,16.9,1281.2,7108.09
1626,Тверская область,2018,73.58,369778.1,102.9,76.0,1105.51,111.2,16.9,1266.6,7173.24
1627,Тверская область,2019,68.34,387043.4,107.1,76.2,996.91,103.1,16.3,1257.0,6618.53
1628,Тверская область,2020,65.91,389464.4,97.9,76.3,1021.2,98.2,18.6,1241.8,5461.54
1629,Тверская область,2021,73.18,457517.7,97.4,76.3,1218.74,104.4,21.5,1226.0,6319.18
1630,Тверская область,2022,69.14,516488.8,115.6,76.3,1102.27,98.2,17.9,1211.2,6806.81
1631,Тверская область,2023,69.0,622862.0,116.5,76.3,1220.0,115.5,16.3,1199.7,6910.0
1632,Томская область,2000,18.0,38386.0,110.2,67.3,605.0,114.09,13.2,1054.3,2451.0
1633,Томская область,2001,19.0,54221.6,95.9,67.6,615.0,111.93,13.4,1049.8,2545.0
1634,Томская область,2002,19.0,72107.4,95.4,67.8,584.0,114.46,14.4,1045.5,2431.0
1635,Томская область,2003,18.0,93193.8,107.9,68.1,628.0,114.59,14.5,1037.9,2163.0
1636,Томская область,2004,17.0,128090.8,100.7,68.3,616.0,108.4,14.1,1029.9,2525.0
1637,Томская область,2005,12.0,155365.2,94.0,68.6,618.0,89.3,14.6,1024.3,2468.0
1638,Томская область,2006,9.0,184433.6,100.0,69.0,625.0,99.2,13.6,1023.1,2385.0
1639,Томская область,2007,9.0,209319.9,104.7,69.3,634.0,98.2,12.9,1026.3,2414.0
1640,Томская область,2008,8.0,241911.3,109.7,69.6,558.0,100.0,13,1031.5,878.0
1641,Томская область,2009,9.0,237293.3,101.3,70.0,526.0,97.9,12.9,1040.3,819.0
1642,Томская область,2010,14.0,272576.5,105.7,70.3,531.0,105.3,12.6,1048.5,882.0
1643,Томская область,2011,26.0,317117.5,99.6,70.8,495.0,107.0,12.2,1057.2,896.0
1644,Томская область,2012,24.19,350378.4,94.9,71.0,580.57,103.9,11.9,1063.2,784.33
1645,Томская область,2013,26.57,377681.6,107.1,71.3,491.02,100.7,11.8,1068.6,759.44
1646,Томская область,2014,26.28,401944.9,98.5,71.7,488.79,100.5,11.8,1072.4,766.87
1647,Томская область,2015,23.65,439250.5,102.9,71.8,392.07,108.0,11.6,1074.3,745.24
1648,Томская область,2016,23.09,484654.7,95.9,71.9,397.94,102.2,11.4,1075.9,764.34
1649,Томская область,2017,22.77,515560.3,113.9,71.9,388.17,98.9,11.4,1074.8,790.09
1650,Томская область,2018,24.15,570191.3,102.8,71.9,381.21,99.6,11.1,1073.4,774.53
1651,Томская область,2019,214.13,575297.1,96.2,71.7,401.8,100.3,11.3,1074.7,847.59
1652,Томская область,2020,180.67,517023.0,105.8,71.3,332.19,89.7,13.4,1065.3,803.68
1653,Томская область,2021,182.32,679724.8,99.8,71.4,340.63,106.3,15.6,1062.7,667.31
1654,Томская область,2022,163.46,765634.7,103.2,71.3,373.35,97.8,12.1,1052.1,696.0
1655,Томская область,2023,140.0,870868.9,94.6,71.2,331.0,103.8,11.4,1043.4,690.0
1656,Тульская область,2000,249.0,24291.8,108.3,81.4,375.0,116.6,21,1719.7,2846.0
1657,Тульская область,2001,257.0,30988.5,101.2,81.5,378.0,111.6,21.5,1694.0,2871.0
1658,Тульская область,2002,263.0,38894.3,99.8,81.6,387.0,101.6,21.8,1669.8,2793.0
1659,Тульская область,2003,259.0,43541.9,102.4,81.7,386.0,101.9,22.6,1649.2,2798.0
1660,Тульская область,2004,261.0,53715.1,92.4,81.8,385.0,112.2,21.6,1631.8,2684.0
1661,Тульская область,2005,252.0,71587.4,104.3,79.8,359.0,104.9,21.8,1615.2,2884.0
1662,Тульская область,2006,236.0,88476.2,97.6,79.8,365.0,109.1,20.7,1600.1,2696.0
1663,Тульская область,2007,216.0,109225.6,106.3,79.8,332.0,107.1,20.1,1588.0,2940.0
1664,Тульская область,2008,201.0,146465.6,111.7,79.8,307.0,101.5,20.1,1576.4,3058.0
1665,Тульская область,2009,192.0,136851.6,104.3,79.7,285.0,90.0,19.1,1564.7,2628.0
1666,Тульская область,2010,196.0,152571.7,77.4,79.4,283.0,110.9,19.3,1550.3,2334.0
1667,Тульская область,2011,187.0,180539.6,112.8,78.7,271.0,120.0,17.7,1550.1,2221.0
1668,Тульская область,2012,184.54,201203.5,105.5,78.0,264.04,108.4,17.7,1543.6,2174.24
1669,Тульская область,2013,186.83,225853.9,93.2,77.4,268.95,110.5,17.2,1538.3,2584.46
1670,Тульская область,2014,171.08,267458.5,111.3,76.9,252.95,104.5,16.9,1536.0,2095.79
1671,Тульская область,2015,163.75,310974.6,105.9,76.3,235.16,111.9,16.8,1535.3,2377.79
1672,Тульская область,2016,161.24,359839.8,103.9,75.9,252.53,112.8,16.6,1534.5,2118.18
1673,Тульская область,2017,160.15,387564.9,110.2,75.4,215.0,103.3,16.1,1532.9,2158.82
1674,Тульская область,2018,155.95,435984.3,104.6,75.0,222.22,102.8,15.7,1525.8,1937.11
1675,Тульская область,2019,153.54,444585.1,115.8,74.5,223.9,107.1,15.3,1519.0,2259.82
1676,Тульская область,2020,152.19,471229.0,110.8,73.9,220.72,112.1,18.0,1507.6,2181.28
1677,Тульская область,2021,135.07,590846.4,95.3,73.3,214.81,109.7,20.4,1496.7,2081.07
1678,Тульская область,2022,127.58,674432.0,107.0,73.2,221.3,103.2,16.6,1481.5,2117.65
1679,Тульская область,2023,122.0,778402.9,107.1,73.0,218.0,117.0,15.2,1471.1,2009.0
1680,Тюменская область,2000,83.0,,,60.4,385.0,,9.3,3234.3,8665.0
1681,Тюменская область,2001,79.0,,,60.5,387.0,,9.6,3251.5,8164.0
1682,Тюменская область,2002,76.0,,,60.5,385.0,,9.9,3269.9,8827.0
1683,Тюменская область,2003,72.0,,,60.6,379.0,,9.9,3281.7,9279.0
1684,Тюменская область,2004,75.0,,,62.4,396.0,,9.8,3288.3,9131.0
1685,Тюменская область,2005,86.0,,,62.7,456.0,,9.9,3293.8,9763.0
1686,Тюменская область,2006,100.0,,,63.1,421.0,,9.4,3306.7,10146.0
1687,Тюменская область,2007,100.0,,98.2,63.6,392.0,109.2,9.1,3330.6,10661.0
1688,Тюменская область,2008,100.0,,101.1,64.0,404.0,105.6,9.2,3351.7,10572.0
1689,Тюменская область,2009,100.0,,103.9,59.9,443.0,108.4,9,3378.8,10538.0
1690,Тюменская область,2010,103.0,,95.3,60.5,404.0,122.3,9,3405.3,11475.0
1691,Тюменская область,2011,104.0,521208.9,112.7,61.5,367.0,116.5,8.5,3461.1,10577.0
1692,Тюменская область,2012,91.84,529439.4,88.5,62.4,368.0,113.2,8.4,3514.0,10194.18
1693,Тюменская область,2013,82.04,600110.8,99.3,63.4,347.13,115.1,8.2,3551.2,10322.91
1694,Тюменская область,2014,88.71,558500.3,99.0,63.9,392.9100000000002,112.9,8.3,3587.6,10033.97
1695,Тюменская область,2015,86.63000000000002,619391.4,96.6,64.3,455.0000000000002,109.7,8.3,3623.5,9914.63
1696,Тюменская область,2016,86.0,648871.3,98.5,65.1,379.74,104.2,8.2,3669.9,9582.48
1697,Тюменская область,2017,84.0,713731.0,105.2,65.8,357.84,103.4,7.8,3704.6,9282.07
1698,Тюменская область,2018,82.6,853161.0,100.0,66.3,392.0000000000001,110.2,7.9,3738.5,9148.21
1699,Тюменская область,2019,84.79,787838.4,102.7,66.8,404.1299999999997,107.9,7.7,3773.2,9922.78
1700,Тюменская область,2020,82.71000000000002,739208.2,96.2,67.2,424.19,113.9,9.2,3796.4,9368.0
1701,Тюменская область,2021,83.85,985846.5,98.4,67.6,419.21,104.4,10.3,3827.7,9748.5
1702,Тюменская область,2022,89.66,1071252.3,117.2,67.7,388.06,95.2,8.1,3851.3,10005.42
1703,Тюменская область,2023,86.0,1202433.7,93.5,67.7,384.0,109.2,7.6,3890.8,9934.0
1704,Удмуртская Республика,2000,27.0,33488.8,94.6,69.6,317.0,91.9,13.7,1588.0,409.0
1705,Удмуртская Республика,2001,27.0,41407.0,109.1,69.7,317.0,106.4,14.4,1578.2,412.0
1706,Удмуртская Республика,2002,25.0,49800.6,98.9,69.7,298.0,98.7,15.6,1568.2,400.0
1707,Удмуртская Республика,2003,26.0,56904.4,103.2,69.9,284.0,107.6,15.7,1561.1,397.0
1708,Удмуртская Республика,2004,28.0,64732.3,97.2,69.8,294.0,104.2,15.4,1554.3,386.0
1709,Удмуртская Республика,2005,28.0,90316.3,102.4,70.0,289.0,100.5,15.5,1545.8,422.0
1710,Удмуртская Республика,2006,30.0,106891.0,105.7,70.3,292.0,101.5,14.3,1538.6,429.0
1711,Удмуртская Республика,2007,27.0,133904.7,99.7,70.4,299.0,97.4,14.1,1533.0,420.0
1712,Удмуртская Республика,2008,25.0,158850.7,103.5,69.2,293.0,100.7,14,1528.2,422.0
1713,Удмуртская Республика,2009,23.0,151268.7,101.5,69.3,272.0,95.1,13.2,1525.1,410.0
1714,Удмуртская Республика,2010,105.0,180316.9,84.9,68.7,301.0,106.1,13.9,1520.4,419.0
1715,Удмуртская Республика,2011,127.0,221393.0,120.7,68.4,305.0,110.1,13.4,1514.8,357.0
1716,Удмуртская Республика,2012,117.12,246402.0,97.1,64.5,291.03,102.6,12.9,1511.0,359.64
1717,Удмуртская Республика,2013,112.19,268445.7,95.3,64.8,280.52,101.8,12.8,1507.3,337.6
1718,Удмуртская Республика,2014,116.07,299199.0,110.7,65.0,281.96,99.2,12.9,1504.4,341.05
1719,Удмуртская Республика,2015,133.26,344742.8,99.4,65.1,294.45,102.6,13.0,1500.8,351.71
1720,Удмуртская Республика,2016,109.47,380430.8,98.7,65.2,292.28,106.8,12.8,1497.2,359.37
1721,Удмуртская Республика,2017,85.76,396367.8,99.3,65.3,274.27,97.7,12.1,1490.1,338.67
1722,Удмуртская Республика,2018,93.1,457661.1,101.0,65.5,270.58,102.0,12.2,1481.3,452.62
1723,Удмуртская Республика,2019,93.05,489587.1,99.2,65.6,275.7,101.5,12.1,1471.6,429.2
1724,Удмуртская Республика,2020,76.62,466779.7,104.3,65.7,251.1,95.2,14.4,1460.9,408.05
1725,Удмуртская Республика,2021,74.61,596319.8,98.2,65.7,259.91,108.9,16.0,1448.9,397.02
1726,Удмуртская Республика,2022,74.21,668044.0,104.1,65.8,268.5,103.7,12.6,1442.2,385.12
1727,Удмуртская Республика,2023,68.0,766752.8,99.0,65.8,234.0,113.6,12.3,1434.6,358.0
1728,Ульяновская область,2000,149.0,21411.5,100.8,73.0,185.0,97.4,15.6,1413.6,777.0
1729,Ульяновская область,2001,130.0,27453.2,109.5,73.1,189.0,90.3,15.8,1395.9,894.0
1730,Ульяновская область,2002,127.0,32922.8,97.0,73.2,208.0,107.2,16.8,1378.9,796.0
1731,Ульяновская область,2003,109.0,40195.3,94.0,72.8,195.0,106.4,17.2,1366.9,855.0
1732,Ульяновская область,2004,105.0,49606.5,94.9,72.9,179.0,99.8,16.8,1354.6,904.0
1733,Ульяновская область,2005,115.0,59804.8,100.0,73.0,181.0,109.8,16.9,1340.3,926.0
1734,Ульяновская область,2006,115.0,76474.6,103.4,73.2,175.0,104.5,16.3,1325.9,950.0
1735,Ульяновская область,2007,118.0,94375.6,98.6,73.4,174.0,108.5,15.7,1316.2,953.0
1736,Ульяновская область,2008,113.0,114808.0,114.2,73.5,166.0,100.8,15.2,1308.7,919.0
1737,Ульяновская область,2009,106.0,118179.9,101.2,73.3,154.0,75.2,14.9,1301.7,818.0
1738,Ульяновская область,2010,111.0,137518.4,70.8,73.6,182.0,114.4,15.7,1290.5,868.0
1739,Ульяновская область,2011,115.0,173978.3,179.3,73.8,157.0,112.1,14.8,1280.8,583.0
1740,Ульяновская область,2012,110.48,188459.0,87.9,74.1,165.5,102.5,14.2,1272.1,771.13
1741,Ульяновская область,2013,105.41,209206.7,106.3,74.3,157.08,99.4,14.4,1264.1,893.03
1742,Ульяновская область,2014,100.45,221102.6,98.6,74.6,159.74,102.9,14.6,1257.9,682.47
1743,Ульяновская область,2015,121.9,242632.5,94.9,74.9,128.3,102.4,14.9,1251.9,676.21
1744,Ульяновская область,2016,124.94,293809.4,117.0,75.2,125.02,101.3,14.8,1246.0,873.83
1745,Ульяновская область,2017,101.19,301710.0,106.5,75.5,120.13,106.6,14.1,1238.7,662.24
1746,Ульяновская область,2018,93.78,313348.9,96.5,75.9,117.6,100.9,14.3,1229.4,839.95
1747,Ульяновская область,2019,94.03,347071.2,104.5,76.1,113.38,102.1,13.9,1219.7,629.85
1748,Ульяновская область,2020,88.91,361772.2,115.8,76.4,113.03,96.4,17.1,1207.1,624.17
1749,Ульяновская область,2021,91.44,423969.7,84.5,76.8,114.44,111.8,19.8,1191.7,560.53
1750,Ульяновская область,2022,90.08,496339.6,124.2,77.0,112.44,95.3,15.1,1181.0,635.8
1751,Ульяновская область,2023,87.0,572384.2,93.7,77.1,116.0,115.1,14.1,1172.8,622.0
1752,Хабаровский край,2000,231.0,44171.2,96.0,80.6,465.0,124.7,14.1,1459.9,1379.0
1753,Хабаровский край,2001,236.0,54983.9,104.7,80.6,467.0,112.3,14.9,1446.1,1340.0
1754,Хабаровский край,2002,220.0,70162.9,100.2,80.6,447.0,105.1,15.6,1434.2,1298.0
1755,Хабаровский край,2003,221.0,81613.4,96.5,80.7,443.0,110.36,16.3,1416.2,1427.0
1756,Хабаровский край,2004,222.0,94795.1,96.4,81.0,404.0,101.7,16.2,1396.8,1324.0
1757,Хабаровский край,2005,217.0,116257.5,94.6,81.3,397.0,104.5,16.6,1376.3,1299.0
1758,Хабаровский край,2006,209.0,141994.7,97.8,81.6,362.0,89.3,15.3,1359.9,1323.0
1759,Хабаровский край,2007,203.0,170398.0,97.1,81.7,349.0,110.1,14.7,1354.9,1296.0
1760,Хабаровский край,2008,196.0,198951.6,102.1,81.7,357.0,92.6,14.5,1351.1,1401.0
1761,Хабаровский край,2009,193.0,205081.0,99.4,81.8,370.0,93.2,14.2,1349.2,1400.0
1762,Хабаровский край,2010,191.0,262685.8,97.3,81.8,369.0,111.0,14.6,1342.9,1339.0
1763,Хабаровский край,2011,188.0,297709.4,100.2,81.9,368.0,116.9,14.5,1341.6,1310.0
1764,Хабаровский край,2012,175.52,326613.3,99.5,82.2,369.34,109.6,13.7,1340.5,1357.12
1765,Хабаровский край,2013,177.9,371974.6,92.3,82.4,365.31,102.2,13.3,1337.5,1387.5
1766,Хабаровский край,2014,167.26,403598.0,101.0,82.6,358.94,102.5,13.4,1335.2,1380.46
1767,Хабаровский край,2015,171.19,446937.5,87.7,82.8,368.38,102.0,13.4,1331.0,1602.65
1768,Хабаровский край,2016,172.24,505753.3,89.7,82.9,364.16,101.8,13.2,1329.1,1529.17
1769,Хабаровский край,2017,171.31,526220.9,102.5,83.1,369.53,109.1,13.0,1323.6,1581.85
1770,Хабаровский край,2018,189.82,576902.1,100.4,83.1,389.04,100.3,12.9,1316.7,1549.96
1771,Хабаровский край,2019,181.98,613006.2,81.3,83.2,381.63,102.5,13.4,1310.4,1527.13
1772,Хабаровский край,2020,157.93,657755.0,105.4,83.3,376.88,100.2,15.7,1295.1,1519.39
1773,Хабаровский край,2021,152.23,786590.9,97.6,83.5,347.21,110.0,16.9,1292.8,1542.34
1774,Хабаровский край,2022,161.78,828825.8,90.5,83.5,364.07,103.2,14.0,1284.1,1530.92
1775,Хабаровский край,2023,174.0,985369.8,94.4,83.5,367.0,100.0,13.3,1278.1,1524.0
1776,Ханты-Мансийский автономный округ — Югра,2000,33.0,,101.7,91.2,876.0,105.2,6.9,1383.4,7571.0
1777,Ханты-Мансийский автономный округ — Югра,2001,33.0,,102.0,90.9,847.0,106.1,7.1,1411.9,7095.0
1778,Ханты-Мансийский автономный округ — Югра,2002,35.0,,60.8,90.9,721.0,107.5,6.9,1437.7,7737.0
1779,Ханты-Мансийский автономный округ — Югра,2003,38.0,496127.8,185.0,90.8,909.0,112.7,6.9,1453.5,8115.0
1780,Ханты-Мансийский автономный округ — Югра,2004,31.0,655886.9,97.9,90.8,1054.0,108.6,6.7,1462.2,7961.0
1781,Ханты-Мансийский автономный округ — Югра,2005,31.0,955182.6,111.5,90.8,1199.0,104.2,7.1,1467.8,8637.0
1782,Ханты-Мансийский автономный округ — Югра,2006,33.0,1083321.7,103.9,91.0,1340.0,103.8,6.8,1475.2,8846.0
1783,Ханты-Мансийский автономный округ — Югра,2007,38.0,1165266.9,87.2,91.1,1351.0,101.5,6.8,1491.2,9318.0
1784,Ханты-Мансийский автономный округ — Югра,2008,42.0,1293353.6,108.0,91.3,1560.0,99.7,6.8,1504.3,9218.0
1785,Ханты-Мансийский автономный округ — Югра,2009,46.0,1175747.8,106.0,91.4,1184.0,97.5,6.7,1521.2,9245.0
1786,Ханты-Мансийский автономный округ — Югра,2010,55.0,1289497.0,99.3,91.5,1185.0,98.6,6.8,1537.2,10171.0
1787,Ханты-Мансийский автономный округ — Югра,2011,39.0,1574827.3,108.4,91.6,1439.0,98.7,6.5,1562.2,9289.0
1788,Ханты-Мансийский автономный округ — Югра,2012,40.84,1717564.9,102.7,91.7,1388.39,98.6,6.3,1586.0,8772.67
1789,Ханты-Мансийский автономный округ — Югра,2013,77.61,1713073.1,101.7,91.8,1467.77,98.4,6.3,1600.3,8694.38
1790,Ханты-Мансийский автономный округ — Югра,2014,545.07,1778654.0,97.6,91.9,2410.87,98.7,6.4,1616.2,8459.87
1791,Ханты-Мансийский автономный округ — Югра,2015,462.99,1942026.4,100.6,91.9,2819.43,97.5,6.4,1632.0,8600.9
1792,Ханты-Мансийский автономный округ — Югра,2016,891.4,1906072.7,103.7,92.0,3468.26,100.5,6.2,1652.4,8379.06
1793,Ханты-Мансийский автономный округ — Югра,2017,86.21,2146291.8,105.0,91.9,3337.26,99.1,6.2,1662.5,7817.53
1794,Ханты-Мансийский автономный округ — Югра,2018,83.97,2702932.4,101.1,92.0,3370.7,100.1,6.2,1672.3,7517.68
1795,Ханты-Мансийский автономный округ — Югра,2019,83.12,2716456.6,96.5,92.0,3249.86,100.8,6.0,1684.2,8108.25
1796,Ханты-Мансийский автономный округ — Югра,2020,93.57,1975988.9,104.5,92.0,2719.53,91.6,7.6,1698.2,7716.3
1797,Ханты-Мансийский автономный округ — Югра,2021,86.44,3341316.0,85.8,92.1,2777.85,102.0,8.5,1713.8,7731.92
1798,Ханты-Мансийский автономный округ — Югра,2022,70.18,4003533.3,88.1,92.2,2849.66,103.1,6.5,1730.4,7930.4
1799,Ханты-Мансийский автономный округ — Югра,2023,69.0,4945301.6,98.4,92.3,2884.0,98.5,6.2,1759.4,7910.0
1800,Челябинская область,2000,741.0,33012.3,89.3,81.6,873.0,117.17,15.5,3644.0,7359.0
1801,Челябинская область,2001,774.0,39216.5,110.8,81.7,872.0,101.96,15.6,3621.4,7459.0
1802,Челябинская область,2002,749.0,47775.7,103.7,81.8,838.0,102.2,16.4,3597.7,7404.0
1803,Челябинская область,2003,721.0,61444.7,110.1,81.9,812.0,108.97,16.6,3569.3,7677.0
1804,Челябинская область,2004,666.0,81894.8,83.8,82.1,799.0,104.5,16.3,3541.8,8320.0
1805,Челябинская область,2005,660.0,99159.8,128.1,81.7,796.0,105.3,16.4,3516.7,8229.0
1806,Челябинская область,2006,655.0,127442.5,114.2,81.8,788.0,110.5,15.5,3497.0,8902.0
1807,Челябинская область,2007,657.0,164797.5,98.3,81.8,766.0,112.5,15,3489.1,9122.0
1808,Челябинская область,2008,750.0,190565.5,100.3,81.9,743.0,96.3,15.1,3484.8,9126.0
1809,Челябинская область,2009,691.0,159901.0,100.5,81.9,684.0,80.1,14.4,3481.8,8428.0
1810,Челябинская область,2010,845.0,187673.7,87.5,82.0,868.0,111.0,14.4,3475.6,9210.0
1811,Челябинская область,2011,836.0,222658.0,129.8,82.1,677.0,107.5,14.2,3480.3,9300.0
1812,Челябинская область,2012,743.86,241735.4,81.5,82.2,638.13,101.7,14.2,3485.7,10546.88
1813,Челябинская область,2013,712.77,252946.0,109.6,82.4,602.76,99.9,13.9,3490.8,9057.33
1814,Челябинская область,2014,678.92,284416.7,105.0,82.5,585.89,104.0,13.8,3498.2000000000003,8588.7
1815,Челябинская область,2015,725.4,345485.3,107.7,82.6,581.17,98.0,13.9,3502.0,8251.25
1816,Челябинская область,2016,692.54,380470.0,103.4,82.6,554.56,96.4,13.6,3503.9,8119.21
1817,Челябинская область,2017,691.3,404819.8,102.6,82.7,567.59,104.6,13.0,3494.8,6792.21
1818,Челябинская область,2018,647.02,436365.4,97.7,82.7,777.98,101.1,13.2,3477.9,7983.32
1819,Челябинская область,2019,230.05,445545.7,96.1,82.7,738.61,101.0,13.1,3468.8,7856.3
1820,Челябинская область,2020,325.25,463603.9,88.4,82.7,991.33,99.2,15.9,3445.5,7227.89
1821,Челябинская область,2021,283.63,601401.1,97.1,82.6,983.8,106.0,17.6,3421.6,7748.0
1822,Челябинская область,2022,286.92,673544.8,116.9,82.6,876.59,98.5,13.3,3407.1,7509.1
1823,Челябинская область,2023,244.0,761165.9,92.3,82.5,915.0,110.8,12.8,3395.8,7849.0
1848,Чувашская Республика — Чувашия,2000,132.0,17276.5,102.2,60.3,160.0,103.2,14,1327.7,372.0
1849,Чувашская Республика — Чувашия,2001,130.0,23253.6,103.6,60.5,157.0,107.2,14.3,1319.5,357.0
1850,Чувашская Республика — Чувашия,2002,123.0,28261.3,98.2,60.7,154.0,98.4,15.1,1311.7,455.0
1851,Чувашская Республика — Чувашия,2003,126.0,34540.2,99.2,60.9,157.0,107.8,15.3,1301.6,455.0
1852,Чувашская Республика — Чувашия,2004,134.0,45955.1,98.1,60.9,148.0,106.4,14.9,1291.0,456.0
1853,Чувашская Республика — Чувашия,2005,121.0,54001.9,100.4,61.0,131.0,107.4,15.3,1278.9,421.0
1854,Чувашская Республика — Чувашия,2006,121.0,73147.3,104.3,57.2,126.0,118.9,14.8,1268.6,832.0
1855,Чувашская Республика — Чувашия,2007,118.0,97528.7,101.1,61.4,115.0,113.2,14.7,1263.0,531.0
1856,Чувашская Республика — Чувашия,2008,115.0,122980.3,105.0,57.8,119.0,102.7,14.6,1258.2,440.0
1857,Чувашская Республика — Чувашия,2009,91.0,111300.3,104.5,58.3,107.0,74.0,13.9,1255.9,416.0
1858,Чувашская Республика — Чувашия,2010,86.0,125843.0,73.3,58.9,122.0,111.9,14.5,1250.5,281.0
1859,Чувашская Республика — Чувашия,2011,10.0,151271.1,136.9,59.4,112.0,111.7,13.6,1245.5,484.0
1860,Чувашская Республика — Чувашия,2012,10.53,175241.5,99.5,59.8,108.31,110.3,13.4,1240.5,549.96
1861,Чувашская Республика — Чувашия,2013,9.95,180269.2,88.6,60.1,103.78,100.5,13.2,1235.2,475.06
1862,Чувашская Республика — Чувашия,2014,8.98,192495.0,100.5,60.7,101.4,104.7,13.4,1231.8,475.86
1863,Чувашская Республика — Чувашия,2015,37.49,204254.0,105.7,61.2,96.78,95.0,13.2,1229.0,475.92
1864,Чувашская Республика — Чувашия,2016,36.99,231831.3,100.1,61.9,97.7,106.6,13.3,1226.8,437.95
1865,Чувашская Республика — Чувашия,2017,33.11,242201.7,100.2,62.4,92.11,103.7,12.7,1221.6,436.51
1866,Чувашская Республика — Чувашия,2018,83.99,260155.2,100.6,62.9,94.1,103.3,12.7,1212.5,405.31
1867,Чувашская Республика — Чувашия,2019,72.7,280743.4,105.7,63.3,90.03,104.7,12.6,1206.0,381.23
1868,Чувашская Республика — Чувашия,2020,58.14,288278.8,104.3,63.5,86.35,97.7,15.7,1194.8,353.87
1869,Чувашская Республика — Чувашия,2021,58.65,336235.7,89.9,64.0,89.31,98.9,17.2,1183.9,415.36
1870,Чувашская Республика — Чувашия,2022,55.85,425530.9,117.8,64.3,87.98,102.3,13.3,1173.2,412.65
1871,Чувашская Республика — Чувашия,2023,58.0,513893.6,100.5,64.5,90.0,130.7,12.5,1167.1,390.0
1872,Чукотский автономный округ,2000,5.0,65963.0,41.4,66.4,27.0,100.0,9.6,57.5,204.0
1873,Чукотский автономный округ,2001,5.0,123130.9,129.6,66.4,27.0,86.0,12.4,55.3,221.0
1874,Чукотский автономный округ,2002,6.0,187368.1,92.7,66.4,27.0,273.7,11.3,53.2,194.0
1875,Чукотский автономный округ,2003,4.44,256992.1,99.8,65.4,24.0,84.1,10.7,51.9,176.0
1876,Чукотский автономный округ,2004,4.85,238227.2,115.2,65.1,22.0,106.2,12,51.8,165.0
1877,Чукотский автономный округ,2005,4.3,237134.5,104.3,64.9,21.0,120.4,11.5,52.4,177.0
1878,Чукотский автономный округ,2006,4.61,295107.1,158.2,65.0,26.0,90.9,11.1,52.9,170.0
1879,Чукотский автономный округ,2007,4.6,396907.1,122.4,65.0,25.0,97.7,11.3,52.8,168.0
1880,Чукотский автономный округ,2008,6.0,582270.4,106.9,64.7,27.0,177.4,11.8,52.1,172.0
1881,Чукотский автономный округ,2009,6.0,872422.0,141.0,64.6,26.0,116.3,12.4,51.2,153.0
1882,Чукотский автономный округ,2010,5.0,767845.6,101.3,64.9,25.0,86.2,13.8,50.4,174.0
1883,Чукотский автономный округ,2011,5.0,885553.4,146.5,65.8,24.0,87.1,11.08,50.7,170.0
1884,Чукотский автономный округ,2012,5.37,902872.7,66.2,66.2,22.71,93.5,11.475,50.3,166.3
1885,Чукотский автономный округ,2013,4.9,886695.4,61.1,66.7,25.88,116.6,10.628,49.9,170.43
1886,Чукотский автономный округ,2014,4.86,1158757.2,160.3,67.2,26.54,138.5,11.056,49.7,173.2
1887,Чукотский автономный округ,2015,4.07,1248443.5,78.0,67.8,25.14,101.9,9.687,49.2,162.1
1888,Чукотский автономный округ,2016,3.16,1475863.4,137.6,68.3,23.52,93.4,10.183,48.6,172.21
1889,Чукотский автономный округ,2017,3.05,1508337.9,103.4,68.4,24.07,90.2,9.666,48.0,183.84
1890,Чукотский автономный округ,2018,3.02,1736306.1,94.7,68.5,26.36,100.4,11.385,48.1,155.46
1891,Чукотский автономный округ,2019,2.95,1965793.7,116.2,69.0,26.91,105.8,9.395,48.5,171.42
1892,Чукотский автономный округ,2020,2.89,2495513.7,85.8,68.3,22.92,101.0,10.86,47.6,149.39
1893,Чукотский автономный округ,2021,2.91,2932794.0,98.4,68.8,24.46,103.6,11.31,47.9,144.95
1894,Чукотский автономный округ,2022,2.89,2946171.5,106.0,69.1,78.17,86.8,10.2,47.8,187.3
1895,Чукотский автономный округ,2023,3.0,3895053.5,91.5,69.4,100.0,110.0,10.1,48.0,227.0
1896,Ямало-Ненецкий автономный округ,2000,28.0,,105.0,83.3,160.0,100.2,5.6,498.3,68.0
1897,Ямало-Ненецкий автономный округ,2001,33.0,,101.2,83.3,157.0,105.3,6.1,503.1,78.0
1898,Ямало-Ненецкий автономный округ,2002,33.0,,87.8,83.4,166.0,107.6,5.8,508.6,85.0
1899,Ямало-Ненецкий автономный округ,2003,32.0,555559.1,107.9,83.3,171.0,107.8,6.1,510.8,90.0
1900,Ямало-Ненецкий автономный округ,2004,33.0,693795.0,88.4,84.7,157.0,103.1,5.8,514.6,80.0
1901,Ямало-Ненецкий автономный округ,2005,31.0,856078.1,86.8,84.8,166.0,98.0,6,517.4,57.0
1902,Ямало-Ненецкий автономный округ,2006,59.0,1051708.7,105.3,84.8,168.0,102.9,5.8,521.6,100.0
1903,Ямало-Ненецкий автономный округ,2007,49.0,1137450.8,101.5,84.7,135.0,95.7,5.6,524.0,61.0
1904,Ямало-Ненецкий автономный округ,2008,48.0,1374235.3,112.1,84.7,131.0,97.7,5.7,523.0,63.0
1905,Ямало-Ненецкий автономный округ,2009,33.0,1240827.1,105.3,84.7,122.0,89.9,5.6,524.1,67.0
1906,Ямало-Ненецкий автономный округ,2010,44.0,1491259.7,105.3,84.8,235.0,104.7,5.5,524.9,74.0
1907,Ямало-Ненецкий автономный округ,2011,39.0,1826634.0,103.7,84.9,220.0,102.2,5.4,532.9,79.0
1908,Ямало-Ненецкий автономный округ,2012,33.89,2232962.1,103.2,85.0,222.84,99.5,5.4,534.1,105.7
1909,Ямало-Ненецкий автономный округ,2013,24.69,2590586.8,94.8,85.1,225.36,106.2,5.2,528.1,335.72
1910,Ямало-Ненецкий автономный округ,2014,22.42,3104445.4,95.9,84.9,217.83,100.0,5.2,524.2,320.87
1911,Ямало-Ненецкий автономный округ,2015,23.1,3450828.8,102.2,84.7,223.49,104.5,5.4,514.3,309.18
1912,Ямало-Ненецкий автономный округ,2016,32.14,3950647.2,99.1,84.7,213.01,106.0,5.5,512.5,326.15
1913,Ямало-Ненецкий автономный округ,2017,31.06,4798760.9,105.8,84.7,201.88,109.1,5.1,511.2,296.24
1914,Ямало-Ненецкий автономный округ,2018,29.32,5972394.9,96.2,84.7,177.88,117.0,5.0,510.6,276.11
1915,Ямало-Ненецкий автономный округ,2019,29.02,6189325.8,98.5,84.7,179.69,116.9,5.0,510.1,337.72
1916,Ямало-Ненецкий автономный округ,2020,28.83,5433087.8,106.2,84.6,174.56,100.1,6.5,508.8,311.93
1917,Ямало-Ненецкий автономный округ,2021,28.6,8272866.4,119.5,84.7,180.81,108.7,6.8,511.2,316.6
1918,Ямало-Ненецкий автономный округ,2022,28.94,10453480.0,96.5,84.7,180.57,98.3,5.5,512.4,334.57
1919,Ямало-Ненецкий автономный округ,2023,25.0,10462220.5,80.7,85.2,189.0,97.1,5.5,516.0,338.0
1920,Ярославская область,2000,306.0,29828.0,104.3,80.6,358.0,112.98,18,1393.7,549.0
1921,Ярославская область,2001,312.0,44116.3,101.6,80.8,358.0,106.3,19.6,1378.4,622.0
1922,Ярославская область,2002,316.0,54917.2,92.9,81.0,357.0,100.7,20.5,1364.4,575.0
1923,Ярославская область,2003,306.0,67915.1,99.6,81.1,342.0,102.5,20.9,1347.1,603.0
1924,Ярославская область,2004,303.0,84008.1,92.1,81.3,333.0,107.5,20.1,1329.8,587.0
1925,Ярославская область,2005,287.0,99335.1,101.1,81.5,334.0,105.5,20.1,1312.8,621.0
1926,Ярославская область,2006,284.0,117309.2,100.2,81.7,305.0,105.6,18.5,1300.0,598.0
1927,Ярославская область,2007,208.0,143936.4,100.4,81.9,325.0,106.8,17.8,1292.5,593.0
1928,Ярославская область,2008,204.0,166711.8,99.3,82.0,307.0,99.0,17.7,1286.1,613.0
1929,Ярославская область,2009,184.0,165757.6,102.9,82.1,279.0,83.4,16.9,1280.1,519.0
1930,Ярославская область,2010,240.0,187875.5,92.9,82.2,278.0,106.2,17.2,1271.0,260.0
1931,Ярославская область,2011,218.0,225946.2,111.4,82.1,240.0,111.3,15.8,1269.1,256.0
1932,Ярославская область,2012,229.0,258012.8,106.7,82.0,224.77,104.1,15.9,1267.8,250.58
1933,Ярославская область,2013,211.45,286429.5,97.6,81.9,224.26,98.5,15.8,1265.9,249.81
1934,Ярославская область,2014,192.96,309496.2,107.5,81.8,210.13,104.6,15.6,1263.8,225.09
1935,Ярославская область,2015,201.38,350815.3,100.6,81.7,190.07,105.6,15.7,1262.1,225.71
1936,Ярославская область,2016,179.24,395781.0,104.3,81.7,197.86,105.3,15.9,1258.9,153.25
1937,Ярославская область,2017,177.8,425801.3,96.8,81.8,190.2,111.5,15.3,1251.9,152.18
1938,Ярославская область,2018,173.63,467688.6,105.7,81.5,193.53,104.7,15.1,1243.8,154.54
1939,Ярославская область,2019,169.01,491362.8,106.0,81.4,194.64,104.9,14.9,1235.6,148.98
1940,Ярославская область,2020,159.32,497907.8,98.7,81.2,180.32,99.7,17.5,1221.7,302.74
1941,Ярославская область,2021,148.32,572665.4,100.0,81.1,181.02,111.2,20.7,1205.7,338.15
1942,Ярославская область,2022,146.39,623525.1,101.2,81.0,186.76,103.8,16.2,1194.6,300.94
1943,Ярославская область,2023,143.0,713444.2,105.1,80.8,180.0,107.0,14.9,1187.6,314.0
1944,г. Москва,2000,2115.0,115630.5,,100.0,2655.0,120.61,13.1,10114.2,6005.0
1945,г. Москва,2001,2145.0,134435.8,,100.0,2526.0,107.7,13.2,10269.9,6268.0
1946,г. Москва,2002,2661.0,171127.8,,100.0,2777.0,115.29,13.2,10386.9,6271.0
1947,г. Москва,2003,2015.0,209174.1,,100.0,2712.0,121.99,13,10535.7,5940.0
1948,г. Москва,2004,2012.0,268390.3,,100.0,2685.0,107.7,12.3,10726.4,5671.0
1949,г. Москва,2005,1959.0,381997.1,,100.0,2634.0,123.5,11.9,10923.8,5860.0
1950,г. Москва,2006,1857.0,477873.0,,100.0,2518.0,119.6,11.6,11091.4,5810.0
1951,г. Москва,2007,1726.0,601146.9,,100.0,2363.0,91.1,11.1,11186.9,6015.0
1952,г. Москва,2008,1684.0,734242.0,,100.0,2239.0,88.1,11.1,11281.6,5797.0
1953,г. Москва,2009,1595.0,628930.3,,100.0,1794.0,93.7,10.6,11382.2,5088.0
1954,г. Москва,2010,909.0,730774.2,,100.0,1496.0,97.8,11,11541.1,5813.0
1955,г. Москва,2011,908.0,857290.0,,100.0,1524.0,100.7,9.6,11668.7,5552.0
1956,г. Москва,2012,928.63,907114.4,111.3,100.0,1779.85,100.4,10,11849.5,4615.59
1957,г. Москва,2013,945.77,989278.4,84.6,100.0,1700.36,95.3,9.7,12036.4,4457.15
1958,г. Москва,2014,862.86,1055307.1,99.6,100.0,1709.48,98.9,9.7,12183.2,4227.77
1959,г. Москва,2015,817.79,1101222.1,94.4,100.0,1540.55,97.2,9.9,12372.9,4232.63
1960,г. Москва,2016,824.76,1216874.1,93.9,100.0,1521.36,102.7,10.0,12480.2,4077.04
1961,г. Москва,2017,844.57,1315542.6,94.8,100.0,1395.73,100.7,9.5,12662.6,4457.85
1962,г. Москва,2018,854.59,1473322.5,82.5,100.0,1328.23,105.7,9.6,12827.7,4365.1
1963,г. Москва,2019,819.87,1536186.0,85.4,100.0,1333.96,107.3,9.3,12946.6,4715.23
1964,г. Москва,2020,798.57,1562963.6,84.6,100.0,1298.81,114.7,11.6,12979.4,4561.53
1965,г. Москва,2021,806.53,1866988.7,87.3,100.0,1331.03,127.7,13.3,13015.1,4862.33
1966,г. Москва,2022,736.55,2182863.0,92.8,100.0,1338.97,115.5,9.7,13104.2,4695.31
1967,г. Москва,2023,833.0,2463550.4,70.8,100.0,1331.0,119.0,8.8,13149.8,4593.0
1968,г. Санкт-Петербург,2000,1271.0,39811.1,106.2,100.0,1156.0,102.02,16.2,4714.8,610.0
1969,г. Санкт-Петербург,2001,1245.0,53525.3,,100.0,1182.0,106.97,16.2,4688.4,597.0
1970,г. Санкт-Петербург,2002,1183.0,72059.8,,100.0,1161.0,129.62,16.4,4656.5,656.0
1971,г. Санкт-Петербург,2003,1203.0,87919.3,,100.0,1165.0,111.43,16.7,4662.0,707.0
1972,г. Санкт-Петербург,2004,1182.0,116030.9,,100.0,1138.0,113.7,16,4686.5,761.0
1973,г. Санкт-Петербург,2005,1188.0,141795.6,101.6,100.0,1168.0,105.7,15.6,4712.9,676.0
1974,г. Санкт-Петербург,2006,1174.0,174432.8,,100.0,1167.0,98.0,14.8,4747.6,716.0
1975,г. Санкт-Петербург,2007,1187.0,235410.3,,100.0,1179.0,110.1,14.2,4764.8,684.0
1976,г. Санкт-Петербург,2008,1174.0,299436.0,,100.0,1146.0,103.6,14,4798.7,806.0
1977,г. Санкт-Петербург,2009,1106.0,306454.8,,100.0,1113.0,83.4,13.5,4832.8,793.0
1978,г. Санкт-Петербург,2010,1346.0,349253.6,88.7,100.0,1017.0,107.8,13.4,4899.3,676.0
1979,г. Санкт-Петербург,2011,1239.0,423715.0,123.0,100.0,912.0,114.6,12.5,4974.8,742.0
1980,г. Санкт-Петербург,2012,1217.52,453981.0,95.2,100.0,1043.34,104.7,12.3,5071.5,860.62
1981,г. Санкт-Петербург,2013,1156.9,485317.0,105.8,100.0,964.13,99.6,11.7,5195.7,948.96
1982,г. Санкт-Петербург,2014,1057.92,508256.7,103.5,100.0,905.37,93.6,11.5,5276.2,763.12
1983,г. Санкт-Петербург,2015,1023.36,638685.1,102.6,100.0,873.19,93.0,11.7,5331.2,700.62
1984,г. Санкт-Петербург,2016,1093.18,763731.9,104.8,100.0,867.23,103.9,11.5,5405.4,726.77
1985,г. Санкт-Петербург,2017,977.33,785866.0,,100.0,851.81,105.4,11.1,5494.8,751.76
1986,г. Санкт-Петербург,2018,897.12,866794.9,,100.0,813.01,104.4,10.8,5546.4,707.14
1987,г. Санкт-Петербург,2019,920.33,932159.6,,100.0,806.26,104.5,10.6,5580.8,738.64
1988,г. Санкт-Петербург,2020,914.37,954862.8,100.9,100.0,759.13,98.4,13.1,5588.5,699.56
1989,г. Санкт-Петербург,2021,945.06,1682758.7,101.1,100.0,790.51,106.4,15.0,5607.9,779.36
1990,г. Санкт-Петербург,2022,932.7,1992591.6,103.4,100.0,782.23,106.1,11.6,5600.0,713.5
1991,г. Санкт-Петербург,2023,936.0,1948243.8,101.1,100.0,792.0,113.1,10.7,5597.8,709.0
